seed,solver,city,scenario,episode,total_steps,n_agents,tasks_appeared,tasks_completed,tasks_refused,throughput_rate,accept_rate,latency_mean,latency_per_agent,mean_wait_steps,mean_trip_steps,mean_road_pd_m,mean_extra_steps_per_task,delivery_route_efficiency,total_fleet_distance_m,agent_utilisation,agent_completed_max,agent_completed_min,agent_completed_gini,agent_completed_std,mean_congestion,congestion_variance,peak_load,n_ghost_active_mean,mean_congestion_at_decision,mean_bpr_along_route,time_lost_to_congestion,n_traversals_in_jam,route_congestion_exposure,wallclock_ms,n_allocation_calls,compute_time_per_task_ms,compute_time_per_decision_us,n_replans,n_collisions_avoided,capacity_violations,pairing_violations
42,FaithfulCongestionAware,Tokyo_Small,normal_wave,0,3600,6,115,26,0,0.226087,1,1116.12,186.019,990.385,256.346,817.352,0,0,54521.2,0.95125,7,3,0.179487,0.34401,4.64972,0.141241,28,1125.49,0,1,0,0,0,87560,0,761.287,0,0,0,0,0
42,FaithfulCongestionAware,Tokyo_Small,normal_wave,1,3600,6,109,31,0,0.284404,1,1172,195.333,1031.55,279.71,821.916,0,0,71547.9,0.972546,7,3,0.145161,0.260073,4.64176,0.150292,28,1125.49,0,1,0,0,0,123444,0,1132.42,0,0,0,0,0
42,FaithfulCongestionAware,Tokyo_Small,normal_ramp,0,3600,6,105,31,0,0.295238,1,958.806,159.801,812.129,234.968,1002.67,0,0,75945.1,0.91963,7,4,0.112903,0.206552,4.31879,0.0971577,24,618.63,0,1,0,0,0,89297,0,850.352,0,0,0,0,0
42,FaithfulCongestionAware,Tokyo_Small,normal_ramp,1,3600,6,106,33,0,0.311321,1,938.455,156.409,779.727,210.424,773.413,0,0,66567.3,0.969861,7,3,0.166667,0.327777,4.31941,0.103115,24,618.63,0,1,0,0,0,95608,0,901.868,0,0,0,0,0
42,FaithfulCongestionAware,Tokyo_Small,stress_shock,0,3600,5,170,41,0,0.241176,1,858.683,171.737,739.049,149.122,622.739,0,0,71250.5,0.9845,10,7,0.0780488,0.142218,4.2022,0.211255,28,513.2,0,1,0,0,0,302888,0,1781.63,0,0,0,0,0
42,FaithfulCongestionAware,Tokyo_Small,stress_shock,1,3600,5,165,40,0,0.242424,1,962.575,192.515,799.05,179.325,727.561,0,0,69941.1,0.981056,10,4,0.15,0.285044,4.20844,0.218632,24,513.2,0,1,0,0,0,298772,0,1810.67,0,0,0,0,0
42,FaithfulCongestionAware,Tokyo_Small,stress_buildup,0,3600,4,168,22,0,0.130952,1,1061.73,265.432,881.182,244.455,705.214,0,0,47822.3,0.987569,7,4,0.113636,0.203279,4.48981,0.133372,32,883.755,0,1,0,0,0,185427,0,1103.66,0,0,0,0,0
42,FaithfulCongestionAware,Tokyo_Small,stress_buildup,1,3600,4,198,34,0,0.171717,1,737.765,184.441,652.029,170.971,519.528,0,0,45332.1,0.989861,11,6,0.147059,0.294118,4.4874,0.133469,24,883.755,0,1,0,0,0,213249,0,1076.96,0,0,0,0,0
42,FaithfulCongestionAware,Tokyo_Small,over_fleet,0,3600,60,55,49,0,0.890909,1,408.02,6.80034,189.776,246.633,931.152,0,0,80559.4,0.116329,4,1,0.24426,0.515887,4.64913,0.14064,28,1125.49,0,1,0,0,0,200975,0,3653.89,0,0,0,0,0
42,FaithfulCongestionAware,Tokyo_Small,over_fleet,1,3600,60,51,45,0,0.882353,1,490.111,8.16852,206.889,334.111,1102.08,0,0,80575,0.141722,3,1,0.188194,0.391893,4.64369,0.136887,28,1125.49,0,1,0,0,0,191553,0,3755.75,0,0,0,0,0
42,FaithfulCongestionAware,Kyoto_Small,normal_wave,0,3600,6,94,32,0,0.340426,1,903.219,150.536,831.781,204.219,728.434,0,0,60705.8,0.969861,9,2,0.270833,0.480072,4.62132,0.174773,24,631.469,0,1,0,0,0,32939,0,350.351,0,0,0,0,0
42,FaithfulCongestionAware,Kyoto_Small,normal_wave,1,3600,6,103,26,0,0.252427,1,1106.88,184.481,1068.5,251.231,659.77,0,0,55759.3,0.951806,10,1,0.423077,0.773067,4.63409,0.155261,24,631.469,0,1,0,0,0,51324,0,498.233,0,0,0,0,0
42,FaithfulCongestionAware,Kyoto_Small,normal_ramp,0,3600,6,108,36,0,0.333333,1,874.583,145.764,675.639,219.778,886.991,0,0,78074.2,0.97787,9,3,0.166667,0.30429,4.26428,0.129809,24,347.136,0,1,0,0,0,49530,0,458.546,0,0,0,0,0
42,FaithfulCongestionAware,Kyoto_Small,normal_ramp,1,3600,6,113,38,0,0.336283,1,734.711,122.452,624.053,204.605,848.396,0,0,78578.1,0.939583,8,4,0.105263,0.196929,4.28384,0.114135,24,347.136,0,1,0,0,0,48370,0,428,0,0,0,0,0
42,FaithfulCongestionAware,Kyoto_Small,stress_shock,0,3600,5,150,46,0,0.306667,1,831.261,166.252,711.935,152.174,568.566,0,0,65604,0.968667,13,5,0.173913,0.310497,4.1395,0.256332,28,288,0,1,0,0,0,130860,0,872.36,0,0,0,0,0
42,FaithfulCongestionAware,Kyoto_Small,stress_shock,1,3600,5,179,49,0,0.273743,1,816.265,163.253,683.143,144.878,584.301,0,0,63986.9,0.9785,12,7,0.106122,0.197864,4.1321,0.254019,24,288,0,1,0,0,0,153808,0,859.229,0,0,0,0,0
42,FaithfulCongestionAware,Kyoto_Small,stress_buildup,0,3600,4,220,47,0,0.213636,1,777.128,194.282,692.979,124.043,507.358,0,0,57805.7,0.986458,14,10,0.0691489,0.125874,4.45915,0.154625,24,495.862,0,1,0,0,0,251136,0,1141.5,0,0,0,0,0
42,FaithfulCongestionAware,Kyoto_Small,stress_buildup,1,3600,4,214,32,0,0.149533,1,914.531,228.633,735.875,188.688,618.652,0,0,49329.9,0.984653,11,5,0.15625,0.279509,4.46542,0.152258,28,495.862,0,1,0,0,0,144325,0,674.388,0,0,0,0,0
42,FaithfulCongestionAware,Kyoto_Small,over_fleet,0,3600,60,48,38,0,0.791667,1,492.658,8.21096,229.158,279.368,923.297,0,0,68727.2,0.135509,3,1,0.199248,0.449684,4.62546,0.153505,24,631.469,0,1,0,0,0,111984,0,2332.88,0,0,0,0,0
42,FaithfulCongestionAware,Kyoto_Small,over_fleet,1,3600,60,56,50,0,0.892857,1,488.74,8.14567,154.14,361.22,1160.57,0,0,87361.3,0.142477,3,1,0.23875,0.47833,4.62082,0.155017,32,631.469,0,1,0,0,0,118831,0,2121.88,0,0,0,0,0
42,FaithfulCongestionAware,LosAngeles_Small,normal_wave,0,3600,6,106,29,0,0.273585,1,989.931,164.989,928.655,233,791.844,0,0,63236.4,0.896343,9,1,0.281609,0.512623,4.64408,0.148559,28,944.367,0,1,0,0,0,103059,0,972.17,0,0,0,0,0
42,FaithfulCongestionAware,LosAngeles_Small,normal_wave,1,3600,6,99,18,0,0.181818,1,1022.72,170.454,995.278,321.611,726.539,0,0,44969.5,0.860926,7,1,0.311111,0.571979,4.6563,0.138102,28,944.367,0,1,0,0,0,53188,0,537.162,0,0,0,0,0
42,FaithfulCongestionAware,LosAngeles_Small,normal_ramp,0,3600,6,98,35,0,0.357143,1,881.143,146.857,720.314,217.886,871.159,0,0,77778.1,0.908796,8,3,0.166667,0.303718,4.31795,0.0957992,28,519.094,0,1,0,0,0,106324,0,1084.87,0,0,0,0,0
42,FaithfulCongestionAware,LosAngeles_Small,normal_ramp,1,3600,6,103,29,0,0.281553,1,945.379,157.563,818.552,248.414,893.431,0,0,76686.7,0.967315,6,2,0.132184,0.278009,4.30507,0.105946,24,519.094,0,1,0,0,0,95698,0,929.019,0,0,0,0,0
42,FaithfulCongestionAware,LosAngeles_Small,stress_shock,0,3600,5,161,43,0,0.267081,1,998.163,199.633,975.674,175.558,720.116,0,0,69375.8,0.972111,11,5,0.139535,0.261046,4.18173,0.22366,24,430,0,1,0,0,0,230880,0,1433.98,0,0,0,0,0
42,FaithfulCongestionAware,LosAngeles_Small,stress_shock,1,3600,5,141,48,0,0.340426,1,944.021,188.804,835.979,145.354,541.685,0,0,65422.7,0.980667,14,5,0.175,0.313194,4.1817,0.225723,24,430,0,1,0,0,0,172938,0,1226.45,0,0,0,0,0
42,FaithfulCongestionAware,LosAngeles_Small,stress_buildup,0,3600,4,230,42,0,0.182609,1,828.952,207.238,612.548,216.405,531.452,0,0,43353.9,0.984792,12,9,0.0714286,0.142857,4.49159,0.131629,24,741.544,0,1,0,0,0,301339,0,1310.13,0,0,0,0,0
42,FaithfulCongestionAware,LosAngeles_Small,stress_buildup,1,3600,4,178,37,0,0.207865,1,1001.19,250.297,978.081,120.622,499.41,0,0,48741.7,0.979097,14,1,0.277027,0.537152,4.4888,0.131897,24,741.544,0,1,0,0,0,249014,0,1398.91,0,0,0,0,0
42,FaithfulCongestionAware,LosAngeles_Small,over_fleet,0,3600,60,42,35,0,0.833333,1,362,6.03333,170.686,229,840.923,0,0,62355.5,0.0928472,3,1,0.209091,0.409081,4.64525,0.14384,28,944.367,0,1,0,0,0,153296,0,3649.69,0,0,0,0,0
42,FaithfulCongestionAware,LosAngeles_Small,over_fleet,1,3600,60,55,51,0,0.927273,1,574.373,9.57288,206.353,371.922,1208.22,0,0,95148.8,0.160718,3,1,0.185121,0.370479,4.63374,0.133816,28,944.367,0,1,0,0,0,197384,0,3588.64,0,0,0,0,0
42,FaithfulCongestionAware,NewYork_Small,normal_wave,0,3600,6,123,17,0,0.138211,1,1032.65,172.108,829.824,202.824,700.793,0,0,47396.3,0.957593,6,1,0.305882,0.545507,4.65694,0.134754,28,1191.7,0,1,0,0,0,73674,0,598.886,0,0,0,0,0
42,FaithfulCongestionAware,NewYork_Small,normal_wave,1,3600,6,108,26,0,0.240741,1,968.423,161.404,987.462,196.538,746.854,0,0,56982.5,0.97338,6,2,0.153846,0.28782,4.65263,0.140521,28,1191.7,0,1,0,0,0,90554,0,838.37,0,0,0,0,0
42,FaithfulCongestionAware,NewYork_Small,normal_ramp,0,3600,6,108,33,0,0.305556,1,925.182,154.197,675.485,258.242,974.748,0,0,78727.3,0.937222,7,3,0.146465,0.272727,4.31861,0.0963137,24,655.015,0,1,0,0,0,112722,0,1043.62,0,0,0,0,0
42,FaithfulCongestionAware,NewYork_Small,normal_ramp,1,3600,6,118,36,0,0.305085,1,912.278,152.046,828.75,189.056,726.106,0,0,77386.1,0.970787,8,3,0.166667,0.30429,4.31609,0.100649,24,655.015,0,1,0,0,0,184987,0,1567.59,0,0,0,0,0
42,FaithfulCongestionAware,NewYork_Small,stress_shock,0,3600,5,173,43,0,0.248555,1,888.86,177.772,727.581,230.023,926.523,0,0,70297.5,0.984222,12,7,0.111628,0.215666,4.20706,0.208002,24,543.2,0,1,0,0,0,360311,0,2082.66,0,0,0,0,0
42,FaithfulCongestionAware,NewYork_Small,stress_shock,1,3600,5,177,41,0,0.231638,1,730.366,146.073,567.488,182.512,688.02,0,0,64123.7,0.984,9,5,0.0780488,0.195122,4.21284,0.212802,24,543.2,0,1,0,0,0,265136,0,1497.88,0,0,0,0,0
42,FaithfulCongestionAware,NewYork_Small,stress_buildup,0,3600,4,178,31,0,0.174157,1,1272.81,318.202,1304.45,142.29,458.967,0,0,48681.5,0.986528,14,3,0.282258,0.519144,4.49326,0.132001,32,935.74,0,1,0,0,0,278842,0,1566.46,0,0,0,0,0
42,FaithfulCongestionAware,NewYork_Small,stress_buildup,1,3600,4,192,24,0,0.125,1,1001.54,250.385,837.333,184.833,608.181,0,0,41284.2,0.989861,11,6,0.138889,0.270031,4.49535,0.127722,28,935.74,0,1,0,0,0,197321,0,1027.66,0,0,0,0,0
42,FaithfulCongestionAware,NewYork_Small,over_fleet,0,3600,60,52,46,0,0.884615,1,456.935,7.61558,164.935,304.891,905.324,0,0,74206.2,0.130597,3,1,0.176398,0.397297,4.64993,0.142708,28,1191.7,0,1,0,0,0,229035,0,4404.31,0,0,0,0,0
42,FaithfulCongestionAware,NewYork_Small,over_fleet,1,3600,60,51,45,0,0.882353,1,491.778,8.1963,166.533,341.956,940.443,0,0,75399.5,0.135644,3,1,0.202083,0.430331,4.6491,0.132764,28,1191.7,0,1,0,0,0,216634,0,4247.49,0,0,0,0,0
42,FaithfulCongestionAware,Paris_Small,normal_wave,0,3600,6,97,29,0,0.298969,1,1000.66,166.776,929.69,191.138,580.464,0,0,58196.7,0.977639,10,2,0.270115,0.526356,4.65653,0.138575,32,1812.08,0,1,0,0,0,153980,0,1587.21,0,0,0,0,0
42,FaithfulCongestionAware,Paris_Small,normal_wave,1,3600,6,108,27,0,0.25,1,1198,199.667,880.037,392.519,1051.46,0,0,63120.6,0.958935,6,2,0.179012,0.333333,4.65796,0.135268,32,1812.08,0,1,0,0,0,254675,0,2357.93,0,0,0,0,0
42,FaithfulCongestionAware,Paris_Small,normal_ramp,0,3600,6,103,40,0,0.38835,1,847.15,141.192,669.7,249.9,880.708,0,0,80650.7,0.983287,8,4,0.0833333,0.187083,4.32829,0.099197,28,995.954,0,1,0,0,0,257667,0,2501.42,0,0,0,0,0
42,FaithfulCongestionAware,Paris_Small,normal_ramp,1,3600,6,108,42,0,0.388889,1,818.452,136.409,647.595,226.071,829.474,0,0,77830.2,0.954954,9,5,0.103175,0.184428,4.33754,0.0953778,28,995.954,0,1,0,0,0,200952,0,1860.5,0,0,0,0,0
42,FaithfulCongestionAware,Paris_Small,stress_shock,0,3600,5,149,44,0,0.295302,1,828.023,165.605,779.705,180.727,650.037,0,0,62852,0.968722,10,7,0.0727273,0.132522,4.24302,0.194701,24,825.8,0,1,0,0,0,445357,0,2988.86,0,0,0,0,0
42,FaithfulCongestionAware,Paris_Small,stress_shock,1,3600,5,165,51,0,0.309091,1,903.451,180.69,788.902,147.882,551.612,0,0,63553.1,0.978056,13,4,0.180392,0.358346,4.24407,0.189488,24,825.8,0,1,0,0,0,474627,0,2876.42,0,0,0,0,0
42,FaithfulCongestionAware,Paris_Small,stress_buildup,0,3600,4,212,43,0,0.20283,1,578.884,144.721,492.698,116.186,416.678,0,0,44689.6,0.987014,13,9,0.0755814,0.137583,4.50527,0.12203,24,1422.85,0,1,0,0,0,644858,0,3041.7,0,0,0,0,0
42,FaithfulCongestionAware,Paris_Small,stress_buildup,1,3600,4,214,49,0,0.228972,1,908.939,227.235,824.898,131.367,475.24,0,0,52247.2,0.982292,16,11,0.0765306,0.17674,4.50331,0.119133,24,1422.85,0,1,0,0,0,727212,0,3398.1,0,0,0,0,0
42,FaithfulCongestionAware,Paris_Small,over_fleet,0,3600,60,51,48,0,0.941176,1,525.208,8.75347,193.062,341.917,1021.08,0,0,73470.5,0.124352,3,1,0.205952,0.46398,4.66222,0.127052,28,1812.08,0,1,0,0,0,402855,0,7898.76,0,0,0,0,0
42,FaithfulCongestionAware,Paris_Small,over_fleet,1,3600,60,56,52,0,0.928571,1,506.788,8.44647,190.558,334.5,1089.97,0,0,82995.3,0.144509,2,1,0.166667,0.353553,4.65785,0.12352,28,1812.08,0,1,0,0,0,416828,0,7443.05,0,0,0,0,0
43,FaithfulCongestionAware,Tokyo_Small,normal_wave,0,3600,6,105,23,0,0.219048,1,1076.3,179.384,962.217,199.478,742.311,0,0,52143.7,0.965509,11,1,0.417391,0.78502,4.65634,0.132471,28,1125.49,0,1,0,0,0,85414,0,813.362,0,0,0,0,0
43,FaithfulCongestionAware,Tokyo_Small,normal_wave,1,3600,6,120,18,0,0.15,1,1543.83,257.306,1439.61,339,882.545,0,0,44795.7,0.94,5,2,0.2,0.376796,4.65321,0.145055,28,1125.49,0,1,0,0,0,106785,0,889.792,0,0,0,0,0
43,FaithfulCongestionAware,Tokyo_Small,normal_ramp,0,3600,6,109,34,0,0.311927,1,989.176,164.863,820.912,257.735,933.764,0,0,75023.6,0.975,8,4,0.147059,0.263067,4.31573,0.102664,28,618.63,0,1,0,0,0,115682,0,1061.21,0,0,0,0,0
43,FaithfulCongestionAware,Tokyo_Small,normal_ramp,1,3600,6,92,32,0,0.347826,1,1026.72,171.12,855.656,216.719,849.293,0,0,76482.7,0.947963,6,4,0.0729167,0.139754,4.31701,0.102989,24,618.63,0,1,0,0,0,74166,0,806.033,0,0,0,0,0
43,FaithfulCongestionAware,Tokyo_Small,stress_shock,0,3600,5,129,45,0,0.348837,1,904.422,180.884,761.244,152.156,607.43,0,0,69218,0.968278,13,5,0.168889,0.306312,4.20625,0.209944,24,513.2,0,1,0,0,0,178417,0,1383,0,0,0,0,0
43,FaithfulCongestionAware,Tokyo_Small,stress_shock,1,3600,5,162,50,0,0.308642,1,928.18,185.636,857.8,131.6,542.211,0,0,70139,0.983611,19,5,0.28,0.521536,4.2007,0.213992,24,513.2,0,1,0,0,0,250987,0,1549.24,0,0,0,0,0
43,FaithfulCongestionAware,Tokyo_Small,stress_buildup,0,3600,4,206,25,0,0.121359,1,953.56,238.39,741.92,211.64,639.325,0,0,44908.2,0.990556,8,4,0.15,0.285657,4.4899,0.132847,36,883.755,0,1,0,0,0,282802,0,1372.77,0,0,0,0,0
43,FaithfulCongestionAware,Tokyo_Small,stress_buildup,1,3600,4,202,22,0,0.108911,1,1453.55,363.386,1212.05,241.5,616.191,0,0,44079.1,0.987222,12,2,0.363636,0.710023,4.4899,0.12879,24,883.755,0,1,0,0,0,207556,0,1027.46,0,0,0,0,0
43,FaithfulCongestionAware,Tokyo_Small,over_fleet,0,3600,60,49,44,0,0.897959,1,595.75,9.92917,293.568,361.523,1243.08,0,0,88992,0.142875,3,1,0.206061,0.421528,4.64806,0.134475,28,1125.49,0,1,0,0,0,198777,0,4056.47,0,0,0,0,0
43,FaithfulCongestionAware,Tokyo_Small,over_fleet,1,3600,60,57,48,0,0.842105,1,523.188,8.71979,217.229,344.562,1107.84,0,0,88944,0.154681,4,1,0.260057,0.53278,4.64512,0.142728,24,1125.49,0,1,0,0,0,229706,0,4029.74,0,0,0,0,0
43,FaithfulCongestionAware,Kyoto_Small,normal_wave,0,3600,6,102,27,0,0.264706,1,940.704,156.784,733.889,348.222,900.782,0,0,59287.2,0.989676,6,2,0.166667,0.307653,4.6234,0.175357,28,631.469,0,1,0,0,0,46038,0,451.284,0,0,0,0,0
43,FaithfulCongestionAware,Kyoto_Small,normal_wave,1,3600,6,103,23,0,0.223301,1,1127.35,187.891,1000.43,291.087,562.306,0,0,47766.5,0.954861,6,3,0.121739,0.221696,4.63289,0.167547,28,631.469,0,1,0,0,0,53652,0,520.845,0,0,0,0,0
43,FaithfulCongestionAware,Kyoto_Small,normal_ramp,0,3600,6,97,36,0,0.371134,1,806.694,134.449,589.889,238.75,879.601,0,0,69638.2,0.911898,7,4,0.0833333,0.166667,4.29413,0.104594,24,347.136,0,1,0,0,0,41028,0,422.897,0,0,0,0,0
43,FaithfulCongestionAware,Kyoto_Small,normal_ramp,1,3600,6,110,40,0,0.363636,1,915.45,152.575,779.225,201.6,735.443,0,0,80694.2,0.954213,10,5,0.133333,0.254951,4.27656,0.117803,24,347.136,0,1,0,0,0,67262,0,611.4,0,0,0,0,0
43,FaithfulCongestionAware,Kyoto_Small,stress_shock,0,3600,5,158,45,0,0.28481,1,998.889,199.778,895.844,181.622,767.426,0,0,76015.2,0.984611,11,7,0.0977778,0.185924,4.12413,0.257312,24,288,0,1,0,0,0,133389,0,844.196,0,0,0,0,0
43,FaithfulCongestionAware,Kyoto_Small,stress_shock,1,3600,5,144,37,0,0.256944,1,891.108,178.222,865.568,168.838,630.19,0,0,62802.6,0.970278,11,5,0.151351,0.27826,4.14108,0.254709,24,288,0,1,0,0,0,99129,0,688.354,0,0,0,0,0
43,FaithfulCongestionAware,Kyoto_Small,stress_buildup,0,3600,4,230,34,0,0.147826,1,878.941,219.735,772.559,149.824,579.051,0,0,43993.6,0.987986,11,7,0.0882353,0.176471,4.46666,0.155535,28,495.862,0,1,0,0,0,140843,0,612.335,0,0,0,0,0
43,FaithfulCongestionAware,Kyoto_Small,stress_buildup,1,3600,4,236,41,0,0.173729,1,780.78,195.195,703.902,155.024,527.01,0,0,51045.8,0.991389,13,9,0.0792683,0.159938,4.45935,0.169374,24,495.862,0,1,0,0,0,208091,0,881.712,0,0,0,0,0
43,FaithfulCongestionAware,Kyoto_Small,over_fleet,0,3600,60,57,53,0,0.929825,1,485.604,8.0934,193.868,324.528,1101.22,0,0,92479.2,0.134375,4,1,0.213157,0.474332,4.6088,0.168431,24,631.469,0,1,0,0,0,77640,0,1362.02,0,0,0,0,0
43,FaithfulCongestionAware,Kyoto_Small,over_fleet,1,3600,60,48,44,0,0.916667,1,431.75,7.19583,131.864,314.659,1055.54,0,0,76300,0.121981,3,1,0.162338,0.396264,4.63594,0.133215,24,631.469,0,1,0,0,0,75499,0,1572.79,0,0,0,0,0
43,FaithfulCongestionAware,LosAngeles_Small,normal_wave,0,3600,6,100,30,0,0.3,1,1013.03,168.839,768.933,300.767,1070.22,0,0,69968.2,0.979537,9,3,0.186667,0.333333,4.63749,0.153349,28,944.367,0,1,0,0,0,64951,0,649.43,0,0,0,0,0
43,FaithfulCongestionAware,LosAngeles_Small,normal_wave,1,3600,6,107,34,0,0.317757,1,994.235,165.706,824.5,243.912,720.957,0,0,58312.3,0.949815,8,5,0.0941176,0.171499,4.64315,0.147467,28,944.367,0,1,0,0,0,104118,0,972.991,0,0,0,0,0
43,FaithfulCongestionAware,LosAngeles_Small,normal_ramp,0,3600,6,99,40,0,0.40404,1,855.825,142.638,692.05,208.45,788.541,0,0,74468.1,0.913981,8,5,0.0916667,0.165831,4.3189,0.095295,24,519.094,0,1,0,0,0,75390,0,761.434,0,0,0,0,0
43,FaithfulCongestionAware,LosAngeles_Small,normal_ramp,1,3600,6,119,42,0,0.352941,1,776.357,129.393,660.333,203.69,832.067,0,0,75561.5,0.918333,11,5,0.142857,0.285714,4.3159,0.0984525,24,519.094,0,1,0,0,0,91893,0,772.143,0,0,0,0,0
43,FaithfulCongestionAware,LosAngeles_Small,stress_shock,0,3600,5,191,47,0,0.246073,1,824.511,164.902,739.851,144.34,620.101,0,0,67210.3,0.971,13,6,0.153191,0.27413,4.18839,0.226346,28,430,0,1,0,0,0,194787,0,1019.78,0,0,0,0,0
43,FaithfulCongestionAware,LosAngeles_Small,stress_shock,1,3600,5,156,40,0,0.25641,1,1176.35,235.27,1103.83,185.95,668.53,0,0,62573.2,0.976222,9,6,0.07,0.136931,4.18389,0.224024,24,430,0,1,0,0,0,205350,0,1316.29,0,0,0,0,0
43,FaithfulCongestionAware,LosAngeles_Small,stress_buildup,0,3600,4,234,35,0,0.149573,1,879.314,219.829,702.457,176.857,582.845,0,0,47586.7,0.989722,16,4,0.278571,0.519812,4.48596,0.137123,28,741.544,0,1,0,0,0,222020,0,948.769,0,0,0,0,0
43,FaithfulCongestionAware,LosAngeles_Small,stress_buildup,1,3600,4,198,31,0,0.156566,1,831.484,207.871,722.355,145.419,577.196,0,0,52762.4,0.986111,9,6,0.0725806,0.14061,4.49316,0.129854,24,741.544,0,1,0,0,0,185480,0,936.727,0,0,0,0,0
43,FaithfulCongestionAware,LosAngeles_Small,over_fleet,0,3600,60,53,41,0,0.773585,1,592.122,9.8687,263.902,405.122,1120.81,0,0,88840.8,0.173718,3,1,0.190767,0.386414,4.63494,0.153042,28,944.367,0,1,0,0,0,126332,0,2383.47,0,0,0,0,0
43,FaithfulCongestionAware,LosAngeles_Small,over_fleet,1,3600,60,54,52,0,0.962963,1,493.038,8.21731,185.423,312.731,1021.62,0,0,81566.2,0.130167,3,1,0.186071,0.386534,4.64262,0.134605,28,944.367,0,1,0,0,0,133792,0,2477.48,0,0,0,0,0
43,FaithfulCongestionAware,NewYork_Small,normal_wave,0,3600,6,130,32,0,0.246154,1,924.344,154.057,914.094,147.688,492.169,0,0,55835.7,0.96213,9,3,0.2,0.364434,4.65134,0.140829,28,1191.7,0,1,0,0,0,104829,0,806.3,0,0,0,0,0
43,FaithfulCongestionAware,NewYork_Small,normal_wave,1,3600,6,99,25,0,0.252525,1,870.6,145.1,835.8,162.4,622.434,0,0,53407.2,0.909722,8,4,0.13,0.236643,4.65586,0.134342,28,1191.7,0,1,0,0,0,72625,0,733.485,0,0,0,0,0
43,FaithfulCongestionAware,NewYork_Small,normal_ramp,0,3600,6,102,37,0,0.362745,1,1003.38,167.23,792.135,235.676,909.122,0,0,71648.2,0.962963,10,3,0.220721,0.390725,4.3197,0.0995616,28,655.015,0,1,0,0,0,99583,0,976.216,0,0,0,0,0
43,FaithfulCongestionAware,NewYork_Small,normal_ramp,1,3600,6,99,39,0,0.393939,1,1083.95,180.658,996.795,173.769,655.046,0,0,76389.4,0.952083,9,2,0.192308,0.363524,4.31666,0.104054,24,655.015,0,1,0,0,0,102415,0,1034.4,0,0,0,0,0
43,FaithfulCongestionAware,NewYork_Small,stress_shock,0,3600,5,135,46,0,0.340741,1,673.652,134.73,633.761,124.196,478.233,0,0,62377.7,0.968222,13,4,0.173913,0.325362,4.21235,0.204644,24,543.2,0,1,0,0,0,173154,0,1282.54,0,0,0,0,0
43,FaithfulCongestionAware,NewYork_Small,stress_shock,1,3600,5,165,50,0,0.30303,1,925.08,185.016,827.66,133.1,493.708,0,0,62420.1,0.984111,14,7,0.136,0.244949,4.20593,0.212065,24,543.2,0,1,0,0,0,216670,0,1313.09,0,0,0,0,0
43,FaithfulCongestionAware,NewYork_Small,stress_buildup,0,3600,4,192,28,0,0.145833,1,1123.57,280.893,940.321,232.5,707.812,0,0,46179,0.990139,11,4,0.196429,0.364216,4.49258,0.131772,24,935.74,0,1,0,0,0,166548,0,867.391,0,0,0,0,0
43,FaithfulCongestionAware,NewYork_Small,stress_buildup,1,3600,4,248,46,0,0.185484,1,1066.93,266.734,955.174,126.37,478.505,0,0,53872.2,0.983681,15,6,0.152174,0.291661,4.49203,0.12641,24,935.74,0,1,0,0,0,423304,0,1706.83,0,0,0,0,0
43,FaithfulCongestionAware,NewYork_Small,over_fleet,0,3600,60,49,42,0,0.857143,1,376.405,6.27341,191.024,226.667,877.63,0,0,73537.5,0.122319,3,1,0.214286,0.473804,4.65447,0.133007,36,1191.7,0,1,0,0,0,172434,0,3518.86,0,0,0,0,0
43,FaithfulCongestionAware,NewYork_Small,over_fleet,1,3600,60,54,44,0,0.814815,1,501.364,8.35606,181.705,349.455,1111.76,0,0,89954.1,0.139222,2,1,0.151948,0.34766,4.63691,0.158621,24,1191.7,0,1,0,0,0,177259,0,3282.39,0,0,0,0,0
43,FaithfulCongestionAware,Paris_Small,normal_wave,0,3600,6,107,38,0,0.35514,1,899.711,149.952,789.789,197.842,696.682,0,0,65665.5,0.982824,8,5,0.0789474,0.148865,4.65763,0.136451,28,1812.08,0,1,0,0,0,183727,0,1716.93,0,0,0,0,0
43,FaithfulCongestionAware,Paris_Small,normal_wave,1,3600,6,93,26,0,0.27957,1,1035.12,172.519,918.115,338.308,839.882,0,0,50926.7,0.967315,9,1,0.346154,0.620174,4.6587,0.136425,28,1812.08,0,1,0,0,0,117474,0,1263,0,0,0,0,0
43,FaithfulCongestionAware,Paris_Small,normal_ramp,0,3600,6,92,38,0,0.413043,1,773.711,128.952,666.579,179.632,736,0,0,80655.1,0.943056,7,5,0.0614035,0.117688,4.33725,0.0917798,28,995.954,0,1,0,0,0,125020,0,1358.75,0,0,0,0,0
43,FaithfulCongestionAware,Paris_Small,normal_ramp,1,3600,6,95,45,0,0.473684,1,869.222,144.87,808.156,212.378,803.604,0,0,78477.1,0.96287,11,4,0.166667,0.295647,4.33065,0.095522,24,995.954,0,1,0,0,0,192554,0,2026.73,0,0,0,0,0
43,FaithfulCongestionAware,Paris_Small,stress_shock,0,3600,5,144,38,0,0.263889,1,780.053,156.011,678.526,202.289,803.659,0,0,63549.2,0.984778,9,5,0.105263,0.196929,4.24188,0.192193,24,825.8,0,1,0,0,0,231303,0,1606.15,0,0,0,0,0
43,FaithfulCongestionAware,Paris_Small,stress_shock,1,3600,5,137,39,0,0.284672,1,769.333,153.867,639.462,183.641,587.61,0,0,55828.8,0.961222,11,6,0.112821,0.220572,4.24746,0.193495,28,825.8,0,1,0,0,0,204380,0,1491.71,0,0,0,0,0
43,FaithfulCongestionAware,Paris_Small,stress_buildup,0,3600,4,216,39,0,0.180556,1,967.846,241.962,855.282,164.41,555.974,0,0,49543.2,0.987292,12,5,0.147436,0.293475,4.5054,0.120019,28,1422.85,0,1,0,0,0,542605,0,2511.99,0,0,0,0,0
43,FaithfulCongestionAware,Paris_Small,stress_buildup,1,3600,4,222,29,0,0.130631,1,1116.31,279.078,1011.1,207.552,612.717,0,0,44864.9,0.993056,9,3,0.163793,0.343099,4.49986,0.125683,28,1422.85,0,1,0,0,0,415740,0,1872.63,0,0,0,0,0
43,FaithfulCongestionAware,Paris_Small,over_fleet,0,3600,60,59,54,0,0.915254,1,596.204,9.93673,235.574,362.537,1057.76,0,0,92644.6,0.173657,4,1,0.237654,0.509175,4.65261,0.129505,32,1812.08,0,1,0,0,0,331599,0,5620.07,0,0,0,0,0
43,FaithfulCongestionAware,Paris_Small,over_fleet,1,3600,60,46,42,0,0.913043,1,434.167,7.23611,197.238,290.333,856.79,0,0,62759.4,0.114505,3,1,0.222789,0.454257,4.66205,0.128055,28,1812.08,0,1,0,0,0,267672,0,5818.63,0,0,0,0,0
44,FaithfulCongestionAware,Tokyo_Small,normal_wave,0,3600,6,81,18,0,0.222222,1,965.556,160.926,630.056,388.056,1089.64,0,0,49834,0.920926,5,2,0.2,0.376796,4.65605,0.133713,28,1125.49,0,1,0,0,0,45647,0,563.432,0,0,0,0,0
44,FaithfulCongestionAware,Tokyo_Small,normal_wave,1,3600,6,79,9,0,0.113924,1,785.778,130.963,723.778,379.778,836.443,0,0,36951.3,0.945741,4,1,0.305556,0.57735,4.6576,0.136602,28,1125.49,0,1,0,0,0,13277,0,167.949,0,0,0,0,0
44,FaithfulCongestionAware,Tokyo_Small,normal_ramp,0,3600,6,99,32,0,0.323232,1,985.844,164.307,891.719,231.094,854.735,0,0,76047.5,0.976296,7,3,0.166667,0.318689,4.31433,0.100499,24,618.63,0,1,0,0,0,81172,0,819.828,0,0,0,0,0
44,FaithfulCongestionAware,Tokyo_Small,normal_ramp,1,3600,6,114,33,0,0.289474,1,922.333,153.722,875.97,180.061,708.47,0,0,72569,0.951435,8,4,0.146465,0.272727,4.31901,0.0965654,28,618.63,0,1,0,0,0,94153,0,825.825,0,0,0,0,0
44,FaithfulCongestionAware,Tokyo_Small,stress_shock,0,3600,5,159,46,0,0.289308,1,943.348,188.67,867.935,153.413,666.274,0,0,67938.5,0.983667,13,4,0.182609,0.332545,4.20621,0.213933,24,513.2,0,1,0,0,0,201460,0,1266.99,0,0,0,0,0
44,FaithfulCongestionAware,Tokyo_Small,stress_shock,1,3600,5,183,37,0,0.202186,1,782.189,156.438,724.081,161.973,649.864,0,0,59422.7,0.992444,10,4,0.172973,0.326569,4.20879,0.21459,24,513.2,0,1,0,0,0,175972,0,961.546,0,0,0,0,0
44,FaithfulCongestionAware,Tokyo_Small,stress_buildup,0,3600,4,224,36,0,0.160714,1,800.528,200.132,765.917,157.306,443.068,0,0,47366.1,0.981597,10,7,0.0694444,0.136083,4.49694,0.126345,28,883.755,0,1,0,0,0,271368,0,1211.42,0,0,0,0,0
44,FaithfulCongestionAware,Tokyo_Small,stress_buildup,1,3600,4,222,33,0,0.148649,1,1209.88,302.47,1081.79,200.212,735.286,0,0,48889.4,0.98625,10,6,0.0984849,0.179275,4.48814,0.128264,28,883.755,0,1,0,0,0,235087,0,1058.91,0,0,0,0,0
44,FaithfulCongestionAware,Tokyo_Small,over_fleet,0,3600,60,44,38,0,0.863636,1,457.395,7.62325,191.789,299.684,1208.59,0,0,74442.9,0.105519,3,1,0.210526,0.434011,4.65216,0.13675,28,1125.49,0,1,0,0,0,149291,0,3392.77,0,0,0,0,0
44,FaithfulCongestionAware,Tokyo_Small,over_fleet,1,3600,60,56,50,0,0.892857,1,445.58,7.42633,220.44,275.96,1041.47,0,0,91802.3,0.132407,3,1,0.227879,0.463033,4.6404,0.147645,28,1125.49,0,1,0,0,0,170120,0,3037.7,0,0,0,0,0
44,FaithfulCongestionAware,Kyoto_Small,normal_wave,0,3600,6,110,39,0,0.354545,1,961.718,160.286,885.667,222.59,749.778,0,0,71395.1,0.966528,10,5,0.132479,0.262742,4.62383,0.161895,28,631.469,0,1,0,0,0,46123,0,419.255,0,0,0,0,0
44,FaithfulCongestionAware,Kyoto_Small,normal_wave,1,3600,6,118,40,0,0.338983,1,941.35,156.892,858.025,194.725,720.41,0,0,79782,0.969074,9,5,0.125,0.223607,4.61999,0.163097,24,631.469,0,1,0,0,0,54796,0,464.331,0,0,0,0,0
44,FaithfulCongestionAware,Kyoto_Small,normal_ramp,0,3600,6,99,39,0,0.393939,1,1137.56,189.594,1064.1,207.974,838.647,0,0,76623.6,0.911296,8,4,0.115385,0.21299,4.29232,0.101938,24,347.136,0,1,0,0,0,39364,0,397.556,0,0,0,0,0
44,FaithfulCongestionAware,Kyoto_Small,normal_ramp,1,3600,6,104,33,0,0.317308,1,949.273,158.212,773.364,234.303,924.103,0,0,74751.8,0.977037,8,4,0.116162,0.228783,4.27636,0.12277,28,347.136,0,1,0,0,0,40226,0,386.74,0,0,0,0,0
44,FaithfulCongestionAware,Kyoto_Small,stress_shock,0,3600,5,129,41,0,0.317829,1,832.878,166.576,714.805,188.61,675.009,0,0,64087.6,0.977222,12,6,0.126829,0.248733,4.13737,0.256604,24,288,0,1,0,0,0,61424,0,476.116,0,0,0,0,0
44,FaithfulCongestionAware,Kyoto_Small,stress_shock,1,3600,5,150,48,0,0.32,1,806.542,161.308,733.729,153.604,613.081,0,0,62649.3,0.959,15,7,0.15,0.299015,4.13989,0.24983,28,288,0,1,0,0,0,72164,0,481.06,0,0,0,0,0
44,FaithfulCongestionAware,Kyoto_Small,stress_buildup,0,3600,4,238,30,0,0.12605,1,932.7,233.175,861.967,196.633,616.212,0,0,45169,0.987778,11,3,0.233333,0.426875,4.46974,0.147735,28,495.862,0,1,0,0,0,86752,0,364.487,0,0,0,0,0
44,FaithfulCongestionAware,Kyoto_Small,stress_buildup,1,3600,4,244,23,0,0.0942623,1,1075.78,268.946,1005.26,218.957,709.112,0,0,37790.3,0.991736,10,3,0.228261,0.449743,4.4705,0.160449,28,495.862,0,1,0,0,0,85882,0,351.955,0,0,0,0,0
44,FaithfulCongestionAware,Kyoto_Small,over_fleet,0,3600,60,54,51,0,0.944444,1,455.51,7.59183,191.51,308.314,1014.39,0,0,79409.9,0.129699,3,1,0.184693,0.363671,4.63158,0.131093,24,631.469,0,1,0,0,0,75135,0,1391.3,0,0,0,0,0
44,FaithfulCongestionAware,Kyoto_Small,over_fleet,1,3600,60,55,47,0,0.854545,1,438,7.3,195.362,285.319,946.972,0,0,72512.2,0.139509,3,1,0.240646,0.470015,4.62045,0.160376,28,631.469,0,1,0,0,0,77749,0,1413.53,0,0,0,0,0
44,FaithfulCongestionAware,LosAngeles_Small,normal_wave,0,3600,6,101,27,0,0.267327,1,1039.81,173.302,847.889,284.778,986.683,0,0,58525.4,0.929676,7,1,0.228395,0.42066,4.65082,0.142503,24,944.367,0,1,0,0,0,64410,0,637.653,0,0,0,0,0
44,FaithfulCongestionAware,LosAngeles_Small,normal_wave,1,3600,6,106,22,0,0.207547,1,1145.14,190.856,985.318,383.273,908.626,0,0,49869.9,0.926435,6,1,0.272727,0.48956,4.64861,0.140639,28,944.367,0,1,0,0,0,57815,0,545.358,0,0,0,0,0
44,FaithfulCongestionAware,LosAngeles_Small,normal_ramp,0,3600,6,104,39,0,0.375,1,1010.54,168.423,968.051,196.436,810.545,0,0,84921.4,0.969954,9,4,0.149573,0.262742,4.30063,0.106866,28,519.094,0,1,0,0,0,64822,0,623.212,0,0,0,0,0
44,FaithfulCongestionAware,LosAngeles_Small,normal_ramp,1,3600,6,114,43,0,0.377193,1,1122.95,187.159,948.837,210,775.886,0,0,76538.1,0.922963,11,4,0.189922,0.336205,4.31342,0.0984294,24,519.094,0,1,0,0,0,120664,0,1058.39,0,0,0,0,0
44,FaithfulCongestionAware,LosAngeles_Small,stress_shock,0,3600,5,159,50,0,0.314465,1,1081.4,216.28,919.84,173.6,669.344,0,0,70257.1,0.980944,13,5,0.136,0.268328,4.18374,0.224529,24,430,0,1,0,0,0,187212,0,1177.38,0,0,0,0,0
44,FaithfulCongestionAware,LosAngeles_Small,stress_shock,1,3600,5,174,39,0,0.224138,1,822.128,164.426,702.103,182.692,722.226,0,0,64016.4,0.977111,10,7,0.0717949,0.149512,4.18744,0.22126,24,430,0,1,0,0,0,148042,0,850.77,0,0,0,0,0
44,FaithfulCongestionAware,LosAngeles_Small,stress_buildup,0,3600,4,228,40,0,0.175439,1,780.9,195.225,713.65,131.575,516.728,0,0,48375.8,0.981528,14,2,0.2375,0.474342,4.49278,0.132432,24,741.544,0,1,0,0,0,185290,0,812.645,0,0,0,0,0
44,FaithfulCongestionAware,LosAngeles_Small,stress_buildup,1,3600,4,192,37,0,0.192708,1,795.946,198.986,655.595,183.405,572.956,0,0,49516.1,0.973125,12,6,0.141892,0.257821,4.49723,0.125073,24,741.544,0,1,0,0,0,172614,0,898.99,0,0,0,0,0
44,FaithfulCongestionAware,LosAngeles_Small,over_fleet,0,3600,60,57,51,0,0.894737,1,420.039,7.00065,167.961,281.569,943.072,0,0,82664.1,0.122269,4,1,0.217416,0.46442,4.63411,0.14986,28,944.367,0,1,0,0,0,139058,0,2439.49,0,0,0,0,0
44,FaithfulCongestionAware,LosAngeles_Small,over_fleet,1,3600,60,57,49,0,0.859649,1,540.449,9.00748,221,404.898,1260.65,0,0,98926.8,0.161894,3,1,0.21645,0.442438,4.62972,0.155541,28,944.367,0,1,0,0,0,145120,0,2545.82,0,0,0,0,0
44,FaithfulCongestionAware,NewYork_Small,normal_wave,0,3600,6,76,26,0,0.342105,1,1142,190.333,1050.96,258.538,969.611,0,0,67098.6,0.908518,6,1,0.205128,0.392232,4.65177,0.137663,28,1191.7,0,1,0,0,0,53199,0,699.868,0,0,0,0,0
44,FaithfulCongestionAware,NewYork_Small,normal_wave,1,3600,6,86,30,0,0.348837,1,835,139.167,602.6,286,714.244,0,0,56279.2,0.94963,9,2,0.3,0.57735,4.65071,0.140933,28,1191.7,0,1,0,0,0,56279,0,654.291,0,0,0,0,0
44,FaithfulCongestionAware,NewYork_Small,normal_ramp,0,3600,6,115,35,0,0.304348,1,787.143,131.19,635.857,201.714,808.655,0,0,78945.7,0.972685,9,5,0.125714,0.239046,4.31422,0.103089,24,655.015,0,1,0,0,0,114447,0,995.104,0,0,0,0,0
44,FaithfulCongestionAware,NewYork_Small,normal_ramp,1,3600,6,109,44,0,0.40367,1,824.159,137.36,678.045,195.523,800.934,0,0,82913.8,0.952454,10,5,0.128788,0.24478,4.31914,0.0967053,28,655.015,0,1,0,0,0,93008,0,853.183,0,0,0,0,0
44,FaithfulCongestionAware,NewYork_Small,stress_shock,0,3600,5,147,44,0,0.29932,1,858.75,171.75,781.909,164.955,617.127,0,0,65402,0.984444,11,6,0.127273,0.231774,4.21186,0.212225,28,543.2,0,1,0,0,0,195569,0,1330.33,0,0,0,0,0
44,FaithfulCongestionAware,NewYork_Small,stress_shock,1,3600,5,177,40,0,0.225989,1,854.575,170.915,881.4,145.45,575.656,0,0,64200.9,0.992056,10,6,0.08,0.158114,4.20742,0.207438,24,543.2,0,1,0,0,0,171026,0,966.198,0,0,0,0,0
44,FaithfulCongestionAware,NewYork_Small,stress_buildup,0,3600,4,232,48,0,0.206897,1,674.125,168.531,550.375,128.979,461.498,0,0,52333.6,0.982292,15,7,0.125,0.25,4.4989,0.125072,28,935.74,0,1,0,0,0,362707,0,1563.35,0,0,0,0,0
44,FaithfulCongestionAware,NewYork_Small,stress_buildup,1,3600,4,216,39,0,0.180556,1,739.462,184.865,682.205,122.59,517.8,0,0,50157,0.985347,15,6,0.185897,0.343054,4.49185,0.128145,24,935.74,0,1,0,0,0,225854,0,1045.57,0,0,0,0,0
44,FaithfulCongestionAware,NewYork_Small,over_fleet,0,3600,60,45,40,0,0.888889,1,461.25,7.6875,146.475,326.425,883.167,0,0,57664.7,0.123056,3,1,0.209259,0.425735,4.65866,0.130132,28,1191.7,0,1,0,0,0,127446,0,2831.91,0,0,0,0,0
44,FaithfulCongestionAware,NewYork_Small,over_fleet,1,3600,60,53,51,0,0.962264,1,470.902,7.84837,157.353,354.549,1176.29,0,0,80940.1,0.12231,3,1,0.214006,0.444541,4.65346,0.124246,28,1191.7,0,1,0,0,0,171965,0,3244.45,0,0,0,0,0
44,FaithfulCongestionAware,Paris_Small,normal_wave,0,3600,6,107,39,0,0.364486,1,1000,166.667,891.308,229.846,736.984,0,0,66485.5,0.971944,11,4,0.183761,0.352506,4.65663,0.137597,32,1812.08,0,1,0,0,0,228370,0,2134.16,0,0,0,0,0
44,FaithfulCongestionAware,Paris_Small,normal_wave,1,3600,6,107,24,0,0.224299,1,923.292,153.882,761.75,211.792,718.127,0,0,45669.6,0.956898,7,2,0.2,0.35843,4.66343,0.131542,28,1812.08,0,1,0,0,0,72080,0,673.505,0,0,0,0,0
44,FaithfulCongestionAware,Paris_Small,normal_ramp,0,3600,6,100,31,0,0.31,1,923.806,153.968,828.323,185.226,721.444,0,0,67991.8,0.912083,9,2,0.22043,0.409309,4.33848,0.0905872,28,995.954,0,1,0,0,0,132527,0,1325.08,0,0,0,0,0
44,FaithfulCongestionAware,Paris_Small,normal_ramp,1,3600,6,107,39,0,0.364486,1,954.282,159.047,763.769,210.641,785.627,0,0,78766,0.968657,10,3,0.200855,0.363524,4.33311,0.095462,24,995.954,0,1,0,0,0,152660,0,1426.59,0,0,0,0,0
44,FaithfulCongestionAware,Paris_Small,stress_shock,0,3600,5,123,39,0,0.317073,1,830.872,166.174,743.744,198.103,753.428,0,0,68079.1,0.977278,10,7,0.0717949,0.149512,4.24249,0.191712,24,825.8,0,1,0,0,0,255072,0,2073.63,0,0,0,0,0
44,FaithfulCongestionAware,Paris_Small,stress_shock,1,3600,5,137,36,0,0.262774,1,761.111,152.222,576.167,184.944,720.66,0,0,56857.7,0.960333,9,4,0.144444,0.269316,4.24525,0.195967,28,825.8,0,1,0,0,0,212174,0,1548.61,0,0,0,0,0
44,FaithfulCongestionAware,Paris_Small,stress_buildup,0,3600,4,244,31,0,0.127049,1,1223.48,305.871,1144.42,151.871,499.402,0,0,43243.1,0.987847,10,4,0.169355,0.320964,4.50749,0.118899,28,1422.85,0,1,0,0,0,539665,0,2211.68,0,0,0,0,0
44,FaithfulCongestionAware,Paris_Small,stress_buildup,1,3600,4,228,36,0,0.157895,1,1068.64,267.16,971.611,142.167,519.161,0,0,50838.6,0.989375,13,6,0.166667,0.30429,4.50402,0.120656,28,1422.85,0,1,0,0,0,492601,0,2160.46,0,0,0,0,0
44,FaithfulCongestionAware,Paris_Small,over_fleet,0,3600,60,53,51,0,0.962264,1,578.941,9.64902,185.235,395.255,1033.86,0,0,76633.3,0.147204,3,1,0.196078,0.425088,4.66216,0.124639,28,1812.08,0,1,0,0,0,286160,0,5398.94,0,0,0,0,0
44,FaithfulCongestionAware,Paris_Small,over_fleet,1,3600,60,52,48,0,0.923077,1,598.562,9.97604,243.667,362.375,1076.97,0,0,83819.9,0.154528,4,1,0.234069,0.572822,4.65922,0.125941,28,1812.08,0,1,0,0,0,305359,0,5872,0,0,0,0,0
