seed,city,phase,policy_mode,n_episodes,throughput_mean,throughput_std,accept_rate_mean,accept_rate_std,latency_mean_mean,latency_mean_std,utilisation_mean,utilisation_std,mean_congestion_mean,mean_congestion_std,mean_trip_steps_mean,mean_trip_steps_std,mean_wait_steps_mean,mean_wait_steps_std,mean_road_pd_m_mean,mean_road_pd_m_std,delivery_route_efficiency_mean,delivery_route_efficiency_std,actor_loss_mean,critic_loss_mean,entropy_mean
42,Tokyo_Small,eval,MAPPO,5,0.4625,0.0440,0.7951,0.0388,801.9073,71.8293,0.5929,0.0183,1.0007,0.0009,289.9886,31.8272,552.1320,35.4806,1310.7308,186.8583,0.9015,0.0332,0.0000,0.0000,0.0000
42,Tokyo_Small,eval,FaithfulMAPPER,5,0.3426,0.0279,0.7130,0.0373,900.6887,91.3627,0.5558,0.0218,1.0001,0.0000,332.1732,33.3771,588.7351,51.1491,1473.1641,97.4644,0.8828,0.0857,0.0000,0.0000,0.0000
42,Tokyo_Small,eval,TamAlwaysAccept,5,0.2821,0.0358,0.5360,0.0642,898.1215,105.6902,0.5579,0.0166,1.0001,0.0000,387.2838,37.8135,552.6719,86.6787,1633.6302,145.3330,0.8448,0.0233,0.0000,0.0000,0.0000
42,Tokyo_Small,eval,CongestionAware,5,0.3686,0.0612,1.0000,0.0000,777.5471,85.5177,0.5543,0.0407,1.0003,0.0000,215.7910,12.1847,557.3712,72.6191,1088.2642,96.1434,0.9486,0.0741,0.0000,0.0000,0.0000
42,Tokyo_Small,eval,TrafficFlow,5,0.3600,0.0541,1.0000,0.0000,851.0906,82.0860,0.5502,0.0415,1.0003,0.0001,227.2469,31.6179,616.8239,91.3478,1030.2024,84.2797,0.8884,0.1291,0.0000,0.0000,0.0000
42,Tokyo_Small,eval,TokenPassing,5,0.3403,0.0614,1.0000,0.0000,883.9722,168.4144,0.5715,0.0344,1.0002,0.0001,254.6851,53.4514,666.7960,99.2840,1079.0583,99.7496,0.8499,0.1518,0.0000,0.0000,0.0000
42,Kyoto_Small,eval,MAPPO,5,0.5151,0.0492,0.8012,0.0366,816.5095,100.1493,0.6120,0.0635,1.0003,0.0002,291.0678,29.8580,555.9713,65.2740,1203.9485,81.5933,0.8311,0.0511,0.0000,0.0000,0.0000
42,Kyoto_Small,eval,FaithfulMAPPER,5,0.4592,0.0599,0.7716,0.0595,876.4692,93.3677,0.6499,0.0041,1.0003,0.0002,301.3715,22.9763,546.7474,74.4350,1302.0377,108.9214,0.8657,0.0595,0.0000,0.0000,0.0000
42,Kyoto_Small,eval,TamAlwaysAccept,5,0.3984,0.0658,0.6372,0.0520,856.7963,68.6031,0.6641,0.0108,1.0006,0.0006,313.9755,36.7709,556.5505,57.2007,1381.7455,51.9790,0.8889,0.0939,0.0000,0.0000,0.0000
42,Kyoto_Small,eval,CongestionAware,5,0.4989,0.0402,1.0000,0.0000,787.8068,74.8925,0.6892,0.0294,1.0004,0.0002,249.8852,24.6781,566.3318,73.9526,1071.9089,127.0251,0.8586,0.0660,0.0000,0.0000,0.0000
42,Kyoto_Small,eval,TrafficFlow,5,0.5082,0.0230,1.0000,0.0000,767.4359,32.4943,0.6986,0.0239,1.0003,0.0002,236.8745,23.5236,530.1444,47.4666,1049.3087,26.5545,0.8940,0.0870,0.0000,0.0000,0.0000
42,Kyoto_Small,eval,TokenPassing,5,0.5065,0.0298,1.0000,0.0000,857.2412,55.2577,0.6968,0.0187,1.0004,0.0002,249.7321,36.4526,602.1917,48.9548,1099.1813,85.4648,0.8892,0.1095,0.0000,0.0000,0.0000
42,LosAngeles_Small,eval,MAPPO,5,0.4833,0.0566,0.7793,0.0325,840.7155,74.4797,0.6502,0.0188,1.0006,0.0008,280.4172,20.1051,606.6318,75.1270,1234.4824,80.4184,0.8750,0.0766,0.0000,0.0000,0.0000
42,LosAngeles_Small,eval,FaithfulMAPPER,5,0.4202,0.0453,0.7315,0.0243,870.1627,67.0522,0.6546,0.0267,1.0002,0.0001,321.5749,18.5819,547.3759,78.4654,1375.4192,147.5066,0.8563,0.0845,0.0000,0.0000,0.0000
42,LosAngeles_Small,eval,TamAlwaysAccept,5,0.3445,0.0259,0.6146,0.0175,906.8801,31.8542,0.6866,0.0118,1.0002,0.0001,347.9326,26.1179,598.8246,41.2794,1500.3623,112.9673,0.8634,0.0416,0.0000,0.0000,0.0000
42,LosAngeles_Small,eval,CongestionAware,5,0.4848,0.0299,1.0000,0.0000,801.1221,93.8302,0.6883,0.0257,1.0004,0.0001,238.4760,27.0492,524.3400,60.8440,1088.1119,96.1125,0.9004,0.0811,0.0000,0.0000,0.0000
42,LosAngeles_Small,eval,TrafficFlow,5,0.4458,0.0289,1.0000,0.0000,800.5551,49.6461,0.6799,0.0127,1.0004,0.0002,256.3868,27.0628,571.1398,60.1541,1087.7162,108.9713,0.8437,0.1187,0.0000,0.0000,0.0000
42,LosAngeles_Small,eval,TokenPassing,5,0.4504,0.0370,1.0000,0.0000,823.3315,97.8259,0.6943,0.0118,1.0004,0.0002,251.6810,40.1942,549.6851,58.6706,1094.6934,109.6859,0.8454,0.1071,0.0000,0.0000,0.0000
42,Tokyo_Small,stress,MAPPO,5,0.2473,0.0461,0.3886,0.0654,926.6259,152.6031,0.2768,0.0224,1.0000,0.0000,374.5031,70.8018,588.8554,97.8830,1664.2747,288.2112,0.8947,0.0811,0.0000,0.0000,0.0000
42,Tokyo_Small,stress,FaithfulMAPPER,5,0.2472,0.0176,0.3402,0.0379,858.6044,77.3133,0.2880,0.0078,1.0001,0.0002,386.5385,26.0243,503.8668,44.4141,1582.0045,176.8505,0.8179,0.0645,0.0000,0.0000,0.0000
42,Tokyo_Small,stress,TamAlwaysAccept,5,0.2714,0.0234,0.3274,0.0261,799.4375,90.0642,0.2755,0.0210,1.0000,0.0000,378.6999,37.4738,454.3324,41.6641,1593.8901,164.7979,0.8417,0.0177,0.0000,0.0000,0.0000
42,Tokyo_Small,stress,CongestionAware,5,0.1890,0.0217,1.0000,0.0000,935.7037,205.2235,0.3165,0.0053,1.0003,0.0002,241.8050,89.9832,772.0122,150.2014,1026.6134,92.2394,0.8665,0.1551,0.0000,0.0000,0.0000
42,Tokyo_Small,stress,TrafficFlow,5,0.2047,0.0400,1.0000,0.0000,825.0446,113.3688,0.3124,0.0093,1.0003,0.0001,219.6993,62.4073,584.2266,117.5496,969.4750,136.6721,0.8206,0.1646,0.0000,0.0000,0.0000
42,Tokyo_Small,stress,TokenPassing,5,0.2034,0.0423,1.0000,0.0000,899.7866,189.4990,0.3157,0.0079,1.0003,0.0001,209.9253,34.0600,709.7480,207.3545,1037.7888,249.9944,0.8994,0.1407,0.0000,0.0000,0.0000
42,Kyoto_Small,stress,MAPPO,5,0.3228,0.0409,0.5247,0.0469,868.8743,86.9704,0.3861,0.0237,1.0007,0.0008,330.8557,41.2078,555.5077,27.0544,1416.1982,108.5606,0.8624,0.0615,0.0000,0.0000,0.0000
42,Kyoto_Small,stress,FaithfulMAPPER,5,0.3144,0.0374,0.4648,0.0475,834.0910,54.4484,0.3964,0.0084,1.0007,0.0007,336.2040,26.9915,532.8892,47.4837,1424.3157,44.2024,0.8511,0.0495,0.0000,0.0000,0.0000
42,Kyoto_Small,stress,TamAlwaysAccept,5,0.3229,0.0362,0.4366,0.0277,788.7660,44.6406,0.4068,0.0228,1.0005,0.0007,350.0353,20.9468,462.5285,36.0311,1404.8481,61.9075,0.8048,0.0488,0.0000,0.0000,0.0000
42,Kyoto_Small,stress,CongestionAware,5,0.3402,0.0231,1.0000,0.0000,851.5251,150.8944,0.4342,0.0094,1.0003,0.0002,222.5267,29.2755,622.3346,150.8023,999.9748,64.1443,0.9017,0.0798,0.0000,0.0000,0.0000
42,Kyoto_Small,stress,TrafficFlow,5,0.3096,0.0423,1.0000,0.0000,909.4132,142.6662,0.4269,0.0072,1.0006,0.0006,213.1051,21.1797,692.0132,153.9003,1040.6013,82.3148,0.9600,0.0541,0.0000,0.0000,0.0000
42,Kyoto_Small,stress,TokenPassing,5,0.3048,0.0262,1.0000,0.0000,912.1068,50.1047,0.4185,0.0123,1.0005,0.0005,258.3812,32.6659,730.7162,88.5954,1088.5554,157.5541,0.8071,0.1290,0.0000,0.0000,0.0000
42,LosAngeles_Small,stress,MAPPO,5,0.2921,0.0278,0.4828,0.0253,926.8607,79.6094,0.3868,0.0134,1.0001,0.0000,368.7415,36.4754,580.9742,55.7790,1526.6340,152.4521,0.8295,0.0496,0.0000,0.0000,0.0000
42,LosAngeles_Small,stress,FaithfulMAPPER,5,0.3111,0.0209,0.4545,0.0207,836.7545,93.3915,0.3990,0.0115,1.0004,0.0004,359.2972,42.5933,504.7273,50.1675,1504.6427,214.6945,0.8360,0.0450,0.0000,0.0000,0.0000
42,LosAngeles_Small,stress,TamAlwaysAccept,5,0.3070,0.0288,0.4154,0.0203,757.3468,69.4205,0.3849,0.0174,1.0005,0.0005,356.0664,35.0705,420.1596,36.0174,1451.0128,119.9251,0.8170,0.0390,0.0000,0.0000,0.0000
42,LosAngeles_Small,stress,CongestionAware,5,0.2953,0.0322,1.0000,0.0000,820.4677,96.5101,0.4345,0.0126,1.0004,0.0002,240.5162,51.6309,627.9105,96.1267,1006.1058,78.3660,0.8467,0.1893,0.0000,0.0000,0.0000
42,LosAngeles_Small,stress,TrafficFlow,5,0.3219,0.0253,1.0000,0.0000,837.7258,157.5497,0.4352,0.0104,1.0006,0.0004,213.0700,33.4151,639.7587,143.5126,1046.4081,131.1077,0.9366,0.0782,0.0000,0.0000,0.0000
42,LosAngeles_Small,stress,TokenPassing,5,0.2966,0.0334,1.0000,0.0000,763.9785,95.1662,0.4352,0.0104,1.0003,0.0000,254.3450,44.2625,526.4842,44.8079,1099.8007,105.2699,0.8773,0.1575,0.0000,0.0000,0.0000
42,Tokyo_Large,generalize,MAPPO,5,0.1659,0.0516,0.4289,0.1017,1772.1586,116.5548,0.4182,0.1127,1.0000,0.0000,808.1058,104.7458,1169.2294,121.4051,3751.3491,528.2060,0.9282,0.0425,0.0000,0.0000,0.0000
42,Tokyo_Large,generalize,FaithfulMAPPER,5,0.2588,0.0572,0.4897,0.0791,1728.4836,158.7712,0.5190,0.0526,1.0000,0.0000,770.9873,80.9260,1198.4707,86.5541,3562.8516,456.0860,0.9194,0.0513,0.0000,0.0000,0.0000
42,Tokyo_Large,generalize,TamAlwaysAccept,5,0.3205,0.0675,0.5261,0.0472,1633.7805,136.3652,0.4923,0.0541,1.0000,0.0000,781.4449,77.1130,1043.5667,114.7187,3522.6294,391.9977,0.9007,0.0286,0.0000,0.0000,0.0000
42,Tokyo_Large,generalize,CongestionAware,5,0.3618,0.0351,1.0000,0.0000,1553.0051,125.6654,0.5702,0.0734,1.0000,0.0000,527.0517,52.6718,1114.1444,84.9093,2750.6392,209.5064,0.9717,0.0376,0.0000,0.0000,0.0000
42,Tokyo_Large,generalize,TrafficFlow,5,0.3838,0.0665,1.0000,0.0000,1435.3152,101.0728,0.5925,0.0585,1.0000,0.0000,481.2172,62.0764,1044.0192,48.6603,2596.8665,274.0853,0.9538,0.0625,0.0000,0.0000,0.0000
42,Tokyo_Large,generalize,TokenPassing,5,0.3899,0.0402,1.0000,0.0000,1478.1238,92.7563,0.5575,0.0634,1.0000,0.0000,503.5030,61.2540,1082.5557,132.5977,2589.0669,284.3525,0.9313,0.0873,0.0000,0.0000,0.0000
42,NewYork,generalize,MAPPO,5,0.2674,0.0683,0.5672,0.0715,1605.6799,251.5567,0.4275,0.0186,1.0000,0.0000,740.1634,125.5141,1075.1376,214.6796,3449.5969,603.7125,0.9222,0.0800,0.0000,0.0000,0.0000
42,NewYork,generalize,FaithfulMAPPER,5,0.2784,0.0508,0.5396,0.0582,1730.8987,138.6372,0.5553,0.0609,1.0000,0.0000,870.9764,98.5381,1125.0685,170.5765,3982.0969,320.0952,0.9182,0.0375,0.0000,0.0000,0.0000
42,NewYork,generalize,TamAlwaysAccept,5,0.3285,0.0321,0.5526,0.0235,1616.6691,135.7959,0.5213,0.0477,1.0000,0.0000,791.0636,32.5685,949.1240,119.4977,3498.8430,69.1774,0.8854,0.0201,0.0000,0.0000,0.0000
42,NewYork,generalize,CongestionAware,5,0.3860,0.0387,1.0000,0.0000,1611.0261,171.0990,0.5604,0.0283,1.0000,0.0000,541.7921,60.2626,1164.6232,127.0812,2749.9302,213.0223,0.9699,0.0427,0.0000,0.0000,0.0000
42,NewYork,generalize,TrafficFlow,5,0.4146,0.0472,1.0000,0.0000,1453.6947,132.5517,0.5489,0.0381,1.0000,0.0000,472.3698,68.7556,1040.9750,94.3109,2675.0181,191.6353,0.9916,0.0169,0.0000,0.0000,0.0000
42,NewYork,generalize,TokenPassing,5,0.3842,0.0454,1.0000,0.0000,1522.2551,182.7598,0.5438,0.0454,1.0000,0.0000,506.6380,86.4766,1125.9285,112.9226,2647.6682,279.4737,0.9672,0.0445,0.0000,0.0000,0.0000
42,Paris,generalize,MAPPO,5,0.4271,0.0610,0.7632,0.0805,1286.2249,162.7974,0.4942,0.0952,1.0006,0.0011,558.4081,24.2808,823.4803,160.3436,2636.7026,266.9330,0.9329,0.0608,0.0000,0.0000,0.0000
42,Paris,generalize,FaithfulMAPPER,5,0.3583,0.0166,0.7237,0.0808,1386.9376,196.5002,0.5496,0.0583,1.0000,0.0000,561.5899,34.3617,912.1084,113.5187,2645.2563,140.5331,0.9396,0.0451,0.0000,0.0000,0.0000
42,Paris,generalize,TamAlwaysAccept,5,0.3481,0.0200,0.6194,0.0643,1383.8074,146.5439,0.5365,0.0514,1.0000,0.0000,615.6692,24.8865,888.2539,126.8877,2802.2981,156.2340,0.9105,0.0395,0.0000,0.0000,0.0000
42,Paris,generalize,CongestionAware,5,0.3965,0.0485,1.0000,0.0000,1167.1506,85.9168,0.5782,0.0241,1.0001,0.0001,436.5999,47.7815,781.9536,70.3741,2136.7117,118.6199,0.9570,0.0416,0.0000,0.0000,0.0000
42,Paris,generalize,TrafficFlow,5,0.4278,0.0871,1.0000,0.0000,1194.8767,124.5977,0.6261,0.0233,1.0001,0.0000,447.9723,45.8880,792.7017,91.9418,2238.8574,259.3260,0.9387,0.0622,0.0000,0.0000,0.0000
42,Paris,generalize,TokenPassing,5,0.4161,0.0679,1.0000,0.0000,1194.7294,75.6559,0.5979,0.0195,1.0000,0.0000,462.9247,65.1885,785.7284,96.8847,2203.8674,184.5593,0.9105,0.0615,0.0000,0.0000,0.0000
42,London,generalize,MAPPO,5,0.3787,0.1089,0.7403,0.0792,1495.8196,192.9108,0.4937,0.0587,1.0001,0.0001,712.3248,113.4145,973.1194,249.5752,3092.7629,301.6914,0.8682,0.0685,0.0000,0.0000,0.0000
42,London,generalize,FaithfulMAPPER,5,0.3889,0.0520,0.7048,0.0515,1588.6052,135.3187,0.5579,0.0218,1.0000,0.0000,717.7933,87.3920,1013.5560,64.2026,3091.1660,376.2979,0.8627,0.0510,0.0000,0.0000,0.0000
42,London,generalize,TamAlwaysAccept,5,0.3769,0.0425,0.6666,0.0397,1393.1334,175.7609,0.5354,0.0471,1.0000,0.0000,729.1141,118.1201,905.8839,97.2254,3101.1750,465.0518,0.8522,0.0339,0.0000,0.0000,0.0000
42,London,generalize,CongestionAware,5,0.5032,0.0421,1.0000,0.0000,1344.5378,106.3709,0.5965,0.0363,1.0000,0.0000,557.2110,59.6194,880.8464,133.4500,2576.3413,367.5967,0.9059,0.0820,0.0000,0.0000,0.0000
42,London,generalize,TrafficFlow,5,0.5008,0.0623,1.0000,0.0000,1352.8848,76.6128,0.5898,0.0498,1.0000,0.0000,549.9285,37.3397,836.3184,89.3437,2757.6707,82.1752,0.9732,0.0403,0.0000,0.0000,0.0000
42,London,generalize,TokenPassing,5,0.5061,0.1028,1.0000,0.0000,1325.2725,74.9505,0.5678,0.0471,1.0001,0.0001,552.1141,42.8194,788.1600,28.3326,2687.8787,227.9111,0.9392,0.0690,0.0000,0.0000,0.0000
42,Tokyo_Small,eval,MAPPO,5,0.4994,0.0482,0.8798,0.0129,960.0237,68.3188,0.5591,0.0716,1.0002,0.0001,279.0879,23.0076,669.3180,53.8458,1124.6799,98.0640,0.8061,0.0272,0.0000,0.0000,0.0000
42,Tokyo_Small,eval,FaithfulMAPPER,5,0.4696,0.0286,0.9954,0.0037,919.6665,90.2578,0.6205,0.0514,1.0004,0.0005,272.4575,28.7567,641.2529,60.0950,1160.9823,146.0856,0.8511,0.0322,0.0000,0.0000,0.0000
42,Tokyo_Small,eval,TamAlwaysAccept,5,0.4390,0.0309,1.0000,0.0000,991.9979,133.9628,0.6668,0.0374,1.0003,0.0003,275.3391,41.8763,733.1251,70.9977,1155.8108,134.8987,0.8492,0.0961,0.0000,0.0000,0.0000
42,Tokyo_Small,eval,CongestionAware,5,0.4592,0.0129,1.0000,0.0000,752.9731,100.4323,0.6676,0.0276,1.0003,0.0001,209.3980,14.1907,536.9813,88.4008,1059.0220,147.2795,0.9570,0.0360,0.0000,0.0000,0.0000
42,Tokyo_Small,eval,TrafficFlow,5,0.4389,0.0341,1.0000,0.0000,850.6992,75.5404,0.6856,0.0392,1.0002,0.0000,244.1830,19.5127,670.6346,111.0661,1119.6906,79.0133,0.8983,0.0668,0.0000,0.0000,0.0000
42,Tokyo_Small,eval,TokenPassing,5,0.3942,0.0419,1.0000,0.0000,956.9067,75.6176,0.7382,0.0118,1.0003,0.0001,237.0857,22.5217,729.2391,74.5942,1067.7424,83.0096,0.8911,0.1160,0.0000,0.0000,0.0000
42,Kyoto_Small,eval,MAPPO,5,0.5098,0.0442,0.9059,0.0263,931.3921,87.6058,0.5013,0.1165,1.0002,0.0001,249.1178,24.9326,679.7734,70.5466,1076.8787,16.3083,0.8734,0.0898,0.0000,0.0000,0.0000
42,Kyoto_Small,eval,FaithfulMAPPER,5,0.5336,0.0262,0.9982,0.0036,926.8410,90.2940,0.6077,0.0448,1.0005,0.0004,279.6670,20.3672,620.4635,63.0732,1181.6700,78.7880,0.8474,0.0605,0.0000,0.0000,0.0000
42,Kyoto_Small,eval,TamAlwaysAccept,5,0.5329,0.0322,1.0000,0.0000,851.4803,51.3721,0.6262,0.0249,1.0004,0.0002,263.6591,21.0926,588.4865,39.0251,1161.1628,57.8196,0.8843,0.0563,0.0000,0.0000,0.0000
42,Kyoto_Small,eval,CongestionAware,5,0.5262,0.0333,1.0000,0.0000,813.8539,85.3826,0.6841,0.0180,1.0004,0.0002,242.6193,21.4376,577.9928,74.3156,1047.0283,69.7800,0.8472,0.0918,0.0000,0.0000,0.0000
42,Kyoto_Small,eval,TrafficFlow,5,0.5094,0.0249,1.0000,0.0000,826.7430,105.3110,0.6877,0.0365,1.0005,0.0003,247.1415,26.9898,575.5267,86.5749,1013.8547,66.0027,0.8261,0.0634,0.0000,0.0000,0.0000
42,Kyoto_Small,eval,TokenPassing,5,0.4884,0.0286,1.0000,0.0000,873.5780,39.7101,0.7414,0.0039,1.0004,0.0003,231.8995,30.5313,619.8918,50.1557,1033.7954,85.9288,0.9016,0.1134,0.0000,0.0000,0.0000
42,LosAngeles_Small,eval,MAPPO,5,0.4626,0.0669,0.9190,0.0209,976.0648,94.8021,0.5222,0.0732,1.0003,0.0002,278.1531,28.3947,735.3639,111.7090,1188.0339,146.1517,0.8549,0.0681,0.0000,0.0000,0.0000
42,LosAngeles_Small,eval,FaithfulMAPPER,5,0.5030,0.0243,1.0000,0.0000,889.2015,38.9135,0.6285,0.0365,1.0004,0.0002,275.1629,26.7964,609.3462,40.0461,1156.9349,81.9130,0.8499,0.1073,0.0000,0.0000,0.0000
42,LosAngeles_Small,eval,TamAlwaysAccept,5,0.4886,0.0445,1.0000,0.0000,964.5168,85.3984,0.6809,0.0172,1.0007,0.0005,290.6233,18.2464,686.4016,85.8837,1169.3619,111.6171,0.8058,0.0724,0.0000,0.0000,0.0000
42,LosAngeles_Small,eval,CongestionAware,5,0.4836,0.0358,1.0000,0.0000,807.2457,60.6754,0.6966,0.0172,1.0004,0.0002,232.0896,24.3060,546.0042,38.8157,1073.1633,101.0297,0.8988,0.0946,0.0000,0.0000,0.0000
42,LosAngeles_Small,eval,TrafficFlow,5,0.4622,0.0197,1.0000,0.0000,782.8024,43.0984,0.6779,0.0257,1.0004,0.0001,232.0799,23.2424,541.7205,33.4834,1030.6945,26.0442,0.8913,0.0949,0.0000,0.0000,0.0000
42,LosAngeles_Small,eval,TokenPassing,5,0.4263,0.0404,1.0000,0.0000,919.2050,134.4428,0.7391,0.0068,1.0007,0.0009,227.8288,39.2446,690.9494,84.3193,1018.5788,83.7244,0.8793,0.1044,0.0000,0.0000,0.0000
42,Tokyo_Small,stress,MAPPO,5,0.3602,0.0319,0.9827,0.0062,1148.9973,85.0196,0.4120,0.0148,1.0004,0.0004,306.0899,21.3014,860.4886,104.8843,1272.1093,111.0291,0.8305,0.0288,0.0000,0.0000,0.0000
42,Tokyo_Small,stress,FaithfulMAPPER,5,0.3792,0.0299,0.9985,0.0031,1028.9509,60.4169,0.4098,0.0197,1.0002,0.0001,307.2462,41.7789,726.6910,60.2584,1194.2156,93.8895,0.7826,0.1278,0.0000,0.0000,0.0000
42,Tokyo_Small,stress,TamAlwaysAccept,5,0.3618,0.0186,0.9909,0.0111,1121.9363,99.5804,0.4287,0.0181,1.0003,0.0002,308.0788,21.4972,820.0752,86.3866,1284.4589,132.8617,0.8334,0.0574,0.0000,0.0000,0.0000
42,Tokyo_Small,stress,CongestionAware,5,0.2942,0.0429,1.0000,0.0000,857.9215,138.0890,0.4378,0.0130,1.0002,0.0001,219.5120,30.1392,689.9689,109.2930,1003.5250,122.2176,0.8885,0.1179,0.0000,0.0000,0.0000
42,Tokyo_Small,stress,TrafficFlow,5,0.2839,0.0402,1.0000,0.0000,836.9299,55.4794,0.4289,0.0119,1.0003,0.0001,198.7303,26.2296,623.7169,71.9834,1002.5916,197.1485,0.9418,0.0681,0.0000,0.0000,0.0000
42,Tokyo_Small,stress,TokenPassing,5,0.2684,0.0234,1.0000,0.0000,983.9617,49.7223,0.4465,0.0071,1.0003,0.0001,215.8693,37.1722,777.3920,102.8241,997.8839,80.6846,0.9143,0.0679,0.0000,0.0000,0.0000
42,Kyoto_Small,stress,MAPPO,5,0.4563,0.0296,0.9771,0.0124,990.3477,124.7819,0.3812,0.0271,1.0007,0.0005,275.2507,19.3770,711.1662,117.6964,1127.1526,51.2099,0.8230,0.0672,0.0000,0.0000,0.0000
42,Kyoto_Small,stress,FaithfulMAPPER,5,0.4210,0.0445,0.9953,0.0063,969.7560,97.4870,0.3982,0.0269,1.0002,0.0001,297.8106,25.1387,666.6434,82.4929,1183.0168,85.1335,0.7981,0.0642,0.0000,0.0000,0.0000
42,Kyoto_Small,stress,TamAlwaysAccept,5,0.4576,0.0252,0.9937,0.0058,979.1808,74.4540,0.4239,0.0109,1.0005,0.0004,297.8376,25.4669,679.8029,46.1198,1180.5388,35.5439,0.7988,0.0750,0.0000,0.0000,0.0000
42,Kyoto_Small,stress,CongestionAware,5,0.3568,0.0332,1.0000,0.0000,795.5923,94.0072,0.4384,0.0058,1.0005,0.0003,232.0487,33.1598,631.5839,93.6233,1052.0643,155.2730,0.8973,0.0822,0.0000,0.0000,0.0000
42,Kyoto_Small,stress,TrafficFlow,5,0.3258,0.0297,1.0000,0.0000,786.8245,50.1445,0.4348,0.0104,1.0003,0.0002,214.6462,31.7487,590.6442,33.2910,1025.2156,76.5515,0.9170,0.1187,0.0000,0.0000,0.0000
42,Kyoto_Small,stress,TokenPassing,5,0.2753,0.0484,1.0000,0.0000,958.6573,94.7984,0.4479,0.0015,1.0014,0.0019,272.3028,61.4030,745.8680,40.6626,1107.9617,137.0731,0.8332,0.0960,0.0000,0.0000,0.0000
42,LosAngeles_Small,stress,MAPPO,5,0.4285,0.0192,0.9743,0.0057,995.7660,37.1796,0.3919,0.0212,1.0008,0.0006,302.3956,41.2863,720.4464,35.9406,1212.4750,127.3961,0.8072,0.0595,0.0000,0.0000,0.0000
42,LosAngeles_Small,stress,FaithfulMAPPER,5,0.4357,0.0184,0.9939,0.0074,1063.9592,108.1175,0.4135,0.0221,1.0004,0.0002,315.5635,67.8791,762.2066,83.8217,1223.7592,185.0765,0.7877,0.0621,0.0000,0.0000,0.0000
42,LosAngeles_Small,stress,TamAlwaysAccept,5,0.4201,0.0384,0.9834,0.0149,992.4829,75.6978,0.4189,0.0176,1.0006,0.0004,292.1262,22.8292,707.0651,51.0173,1211.4255,120.4830,0.8293,0.0482,0.0000,0.0000,0.0000
42,LosAngeles_Small,stress,CongestionAware,5,0.3372,0.0395,1.0000,0.0000,885.3297,149.7474,0.4348,0.0139,1.0004,0.0003,226.0928,43.8704,622.7205,93.5442,1007.4803,147.9897,0.8894,0.0941,0.0000,0.0000,0.0000
42,LosAngeles_Small,stress,TrafficFlow,5,0.3212,0.0171,1.0000,0.0000,816.0730,82.8311,0.4299,0.0102,1.0005,0.0001,233.6124,14.1594,591.6322,50.8649,1092.9646,97.3567,0.9255,0.0878,0.0000,0.0000,0.0000
42,LosAngeles_Small,stress,TokenPassing,5,0.2622,0.0170,1.0000,0.0000,897.1393,83.5608,0.4484,0.0032,1.0002,0.0001,207.3140,35.0504,685.9882,41.5241,1026.2791,58.2866,0.9250,0.0673,0.0000,0.0000,0.0000
42,Tokyo_Large,generalize,MAPPO,5,0.1521,0.0567,0.8316,0.0709,1818.4883,112.4716,0.4144,0.1115,1.0000,0.0000,588.8387,108.9483,1543.2255,73.1694,2846.4937,460.1082,0.9529,0.0425,0.0000,0.0000,0.0000
42,Tokyo_Large,generalize,FaithfulMAPPER,5,0.3235,0.0320,0.9866,0.0179,1735.2258,128.0431,0.5770,0.0976,1.0000,0.0000,684.5197,72.0111,1164.6718,122.4310,3213.3425,410.8808,0.9286,0.0543,0.0000,0.0000,0.0000
42,Tokyo_Large,generalize,TamAlwaysAccept,5,0.3741,0.0646,1.0000,0.0000,1582.9313,143.3454,0.5503,0.0580,1.0000,0.0000,647.3309,62.5560,1118.0287,107.4819,2869.9307,275.5194,0.8872,0.0248,0.0000,0.0000,0.0000
42,Tokyo_Large,generalize,CongestionAware,5,0.4184,0.0727,1.0000,0.0000,1448.6360,96.2523,0.5605,0.0499,1.0000,0.0000,523.5679,90.4604,994.5535,74.7244,2665.0325,434.3583,0.9301,0.0621,0.0000,0.0000,0.0000
42,Tokyo_Large,generalize,TrafficFlow,5,0.4101,0.0716,1.0000,0.0000,1532.0044,112.9631,0.5747,0.0318,1.0000,0.0000,529.3547,43.5609,1063.5353,47.8200,2797.8596,308.6172,0.9657,0.0686,0.0000,0.0000,0.0000
42,Tokyo_Large,generalize,TokenPassing,5,0.2582,0.0440,1.0000,0.0000,1873.6234,100.4898,0.7083,0.0216,1.0000,0.0000,572.3482,95.8505,1464.6016,147.3296,2809.0830,615.2483,0.9198,0.0727,0.0000,0.0000,0.0000
42,NewYork,generalize,MAPPO,5,0.2118,0.0888,0.8541,0.0286,1702.1312,280.5130,0.4229,0.0395,1.0000,0.0000,644.5068,81.6233,1253.3157,334.6362,3439.6313,633.3940,0.9665,0.0322,0.0000,0.0000,0.0000
42,NewYork,generalize,FaithfulMAPPER,5,0.3382,0.0436,0.9771,0.0158,1734.4612,182.9723,0.5755,0.0224,1.0000,0.0000,695.5494,107.4114,1183.2034,109.0989,3140.7102,244.8114,0.8902,0.0566,0.0000,0.0000,0.0000
42,NewYork,generalize,TamAlwaysAccept,5,0.3743,0.0417,1.0000,0.0000,1487.0190,106.9882,0.5721,0.0416,1.0000,0.0000,687.6014,36.3478,1014.5503,124.3680,3144.5051,206.2275,0.9074,0.0555,0.0000,0.0000,0.0000
42,NewYork,generalize,CongestionAware,5,0.3864,0.0737,1.0000,0.0000,1459.7867,176.7664,0.5440,0.0708,1.0000,0.0000,528.9382,60.6860,958.3285,161.3883,2714.5522,285.5262,0.9774,0.0382,0.0000,0.0000,0.0000
42,NewYork,generalize,TrafficFlow,5,0.4064,0.0404,1.0000,0.0000,1425.5901,111.5617,0.5453,0.0321,1.0000,0.0000,496.5212,48.5130,1015.4998,90.5734,2632.7117,336.4331,0.9741,0.0518,0.0000,0.0000,0.0000
42,NewYork,generalize,TokenPassing,5,0.2228,0.0516,1.0000,0.0000,1723.9934,187.7952,0.7222,0.0225,1.0000,0.0000,551.5096,83.3361,1367.0969,159.6905,2894.8723,227.2790,0.9538,0.0475,0.0000,0.0000,0.0000
42,Paris,generalize,MAPPO,5,0.3737,0.0297,0.8943,0.0506,1405.2864,120.5600,0.4014,0.1170,1.0001,0.0002,471.5698,40.0505,975.5296,158.7965,2254.8059,149.3370,0.9335,0.0771,0.0000,0.0000,0.0000
42,Paris,generalize,FaithfulMAPPER,5,0.4260,0.0176,0.9969,0.0062,1404.2991,66.7264,0.5175,0.0515,1.0000,0.0000,544.4908,40.7563,912.1502,40.1212,2442.4617,174.6909,0.8901,0.0776,0.0000,0.0000,0.0000
42,Paris,generalize,TamAlwaysAccept,5,0.4373,0.0386,1.0000,0.0000,1381.4597,160.1719,0.6187,0.0441,1.0000,0.0000,567.0428,53.6910,836.6609,106.5769,2408.9375,210.1801,0.8514,0.0452,0.0000,0.0000,0.0000
42,Paris,generalize,CongestionAware,5,0.3924,0.0469,1.0000,0.0000,1233.3684,94.4486,0.6296,0.0097,1.0000,0.0000,429.4273,33.8903,910.4772,87.5647,2277.9788,180.8392,1.0000,0.0000,0.0000,0.0000,0.0000
42,Paris,generalize,TrafficFlow,5,0.4521,0.0578,1.0000,0.0000,1128.3602,100.7048,0.6164,0.0233,1.0000,0.0000,449.9806,41.2403,805.3264,109.3992,2170.2122,173.0064,0.9556,0.0459,0.0000,0.0000,0.0000
42,Paris,generalize,TokenPassing,5,0.3657,0.0429,1.0000,0.0000,1379.8191,156.2120,0.7243,0.0072,1.0000,0.0000,465.2049,70.9326,994.2737,79.6748,2225.4038,258.2850,0.9469,0.0627,0.0000,0.0000,0.0000
