solver,city,scenario,episode,total_steps,n_agents,tasks_appeared,tasks_completed,tasks_refused,throughput_rate,accept_rate,latency_mean,latency_per_agent,mean_wait_steps,mean_trip_steps,mean_road_pd_m,mean_extra_steps_per_task,delivery_route_efficiency,total_fleet_distance_m,agent_utilisation,agent_completed_max,agent_completed_min,agent_completed_gini,agent_completed_std,mean_congestion,congestion_variance,peak_load,n_ghost_active_mean,mean_congestion_at_decision,mean_bpr_along_route,time_lost_to_congestion,n_traversals_in_jam,route_congestion_exposure,wallclock_ms,n_allocation_calls,compute_time_per_task_ms,compute_time_per_decision_us,n_replans,n_collisions_avoided,capacity_violations,pairing_violations
TokenPassing,smoke_test,normal,0,400,6,17,2,0,0.117647,1,294,49,320,182,802.549,0,0,9673.45,0.917917,1,1,0,0,2.10686,0.120946,8,3.42,0,1,0,0,0,6486,0,378.118,0,0,0,0,0
CongestionAware,smoke_test,normal,0,400,6,17,2,0,0.117647,1,294,49,320,182,802.549,0,0,9673.45,0.917917,1,1,0,0,2.10686,0.120946,8,3.42,0,1,0,0,0,6432,0,375.294,0,0,0,0,0
FaithfulCongestionAware,smoke_test,normal,0,400,6,17,2,0,0.117647,1,294,49,354,182,802.549,0,0,9697.33,0.917917,1,1,0,0,2.10686,0.120946,8,3.42,0,1,0,0,0,1405,0,79.3529,0,0,0,0,0
TrafficFlow,smoke_test,normal,0,400,6,17,1,0,0.0588235,1,336,56,272,86,326.348,0,0,4389.39,0.919167,1,1,0,0,2.20725,0.144638,8,3.42,0,1,0,0,0,3599,0,205.941,0,0,0,0,0
RHCR,smoke_test,normal,0,400,6,17,2,0,0.117647,1,295.5,49.25,342.5,182,802.549,0,0,6976.54,0.66375,1,1,0,0,2.32128,0.127691,8,3.42,0,1,0,0,0,48769,0,2865.12,0,6,0,0,0
TokenPassing,smoke_test,normal,1,400,6,14,1,0,0.0714286,1,296,49.3333,785,145,496.548,0,0,9370.69,0.914167,1,1,0,0,2.09415,0.115611,5,3.42,0,1,0,0,0,6367,0,451.643,0,0,0,0,0
CongestionAware,smoke_test,normal,1,400,6,14,1,0,0.0714286,1,296,49.3333,785,145,496.548,0,0,9370.69,0.914167,1,1,0,0,2.09415,0.115611,5,3.42,0,1,0,0,0,5952,0,422.714,0,0,0,0,0
FaithfulCongestionAware,smoke_test,normal,1,400,6,14,1,0,0.0714286,1,296,49.3333,785,145,496.548,0,0,9370.69,0.914167,1,1,0,0,2.09415,0.115611,5,3.42,0,1,0,0,0,1099,0,75.2857,0,0,0,0,0
TrafficFlow,smoke_test,normal,1,400,6,14,1,0,0.0714286,1,334,55.6667,191,143,496.548,0,0,6321.06,0.915,1,1,0,0,2.1605,0.133329,5,3.42,0,1,0,0,0,2488,0,175.429,0,0,0,0,0
RHCR,smoke_test,normal,1,400,6,14,1,0,0.0714286,1,297,49.5,1355,145,496.548,0,0,8366.41,0.824167,1,1,0,0,2.18128,0.139087,5,3.42,0,1,0,0,0,13042,0,929.214,0,7,0,0,0
TokenPassing,smoke_test,normal,2,400,6,8,1,0,0.125,1,352,58.6667,587,62,241.547,0,0,7870.91,0.755417,1,1,0,0,2.30828,0.316452,4,3.42,0,1,0,0,0,3462,0,426,0,0,0,0,0
CongestionAware,smoke_test,normal,2,400,6,8,1,0,0.125,1,352,58.6667,587,62,241.547,0,0,7870.91,0.755417,1,1,0,0,2.30828,0.316452,4,3.42,0,1,0,0,0,3433,0,422,0,0,0,0,0
FaithfulCongestionAware,smoke_test,normal,2,400,6,8,1,0,0.125,1,352,58.6667,587,62,241.547,0,0,7870.91,0.755417,1,1,0,0,2.30828,0.316452,4,3.42,0,1,0,0,0,841,0,94.125,0,0,0,0,0
TrafficFlow,smoke_test,normal,2,400,6,8,0,0,0,1,0,0,0,0,0,0,0,4971.5,0.75625,0,0,0,0,2.41719,0.311254,4,3.42,0,1,0,0,0,2281,0,278.375,0,0,0,0,0
RHCR,smoke_test,normal,2,400,6,8,1,0,0.125,1,355,59.1667,593,62,241.547,0,0,5084.78,0.49375,1,1,0,0,2.57689,0.361722,4,3.42,0,1,0,0,0,2400,0,290.5,0,5,0,0,0
TokenPassing,smoke_test,stress,0,400,5,26,1,0,0.0384615,1,363,72.6,455,82,380.432,0,0,8079.79,0.9245,1,1,0,0,1.85871,0.195717,4,2.03,0,1,0,0,0,4000,0,151.538,0,0,0,0,0
CongestionAware,smoke_test,stress,0,400,5,26,1,0,0.0384615,1,363,72.6,455,82,380.432,0,0,8079.79,0.9245,1,1,0,0,1.85871,0.195717,4,2.03,0,1,0,0,0,4048,0,153.538,0,0,0,0,0
FaithfulCongestionAware,smoke_test,stress,0,400,5,26,1,0,0.0384615,1,363,72.6,455,82,380.432,0,0,8079.79,0.9245,1,1,0,0,1.85871,0.195717,4,2.03,0,1,0,0,0,1320,0,48.5769,0,0,0,0,0
TrafficFlow,smoke_test,stress,0,400,5,26,0,0,0,1,0,0,0,0,0,0,0,3801.73,0.9255,0,0,0,0,1.94664,0.195231,4,2.03,0,1,0,0,0,3557,0,134.385,0,0,0,0,0
RHCR,smoke_test,stress,0,400,5,26,1,0,0.0384615,1,366,73.2,610,82,380.432,0,0,7241.7,0.819,1,1,0,0,1.98205,0.235469,4,2.03,0,1,0,0,0,19071,0,731.577,0,5,0,0,0
TokenPassing,smoke_test,stress,1,400,5,21,1,0,0.047619,1,344,68.8,1185,41,171.391,0,0,7863.98,0.918,1,1,0,0,1.90209,0.309558,4,2.03,0,1,0,0,0,3423,0,161,0,0,0,0,0
CongestionAware,smoke_test,stress,1,400,5,21,1,0,0.047619,1,344,68.8,1185,41,171.391,0,0,7863.98,0.918,1,1,0,0,1.90209,0.309558,4,2.03,0,1,0,0,0,3480,0,163.286,0,0,0,0,0
FaithfulCongestionAware,smoke_test,stress,1,400,5,21,1,0,0.047619,1,344,68.8,1185,41,171.391,0,0,7863.98,0.918,1,1,0,0,1.90209,0.309558,4,2.03,0,1,0,0,0,921,0,42.2381,0,0,0,0,0
TrafficFlow,smoke_test,stress,1,400,5,21,0,0,0,1,0,0,0,0,0,0,0,5655.74,0.919,0,0,0,0,1.99009,0.297824,4,2.03,0,1,0,0,0,1795,0,83.0476,0,0,0,0,0
RHCR,smoke_test,stress,1,400,5,21,1,0,0.047619,1,346,69.2,587,41,171.391,0,0,5856.87,0.6775,1,1,0,0,2.081,0.311401,4,2.03,0,1,0,0,0,39965,0,1901.48,0,4,0,0,0
TokenPassing,smoke_test,stress,2,400,5,12,2,0,0.166667,1,205.5,41.1,268,86,328.865,0,0,7242.92,0.853,2,2,0,0,2.03421,0.435658,4,2.03,0,1,0,0,0,1846,0,149.75,0,0,0,0,0
CongestionAware,smoke_test,stress,2,400,5,12,2,0,0.166667,1,205.5,41.1,268,86,328.865,0,0,7242.92,0.853,2,2,0,0,2.03421,0.435658,4,2.03,0,1,0,0,0,1805,0,145.833,0,0,0,0,0
FaithfulCongestionAware,smoke_test,stress,2,400,5,12,2,0,0.166667,1,205.5,41.1,268,86,328.865,0,0,7242.92,0.853,2,2,0,0,2.03421,0.435658,4,2.03,0,1,0,0,0,612,0,46.3333,0,0,0,0,0
TrafficFlow,smoke_test,stress,2,400,5,12,2,0,0.166667,1,237,47.4,138.5,98.5,400.118,0,0,4092.74,0.8535,2,2,0,0,2.18073,0.384332,4,2.03,0,1,0,0,0,1638,0,131.667,0,0,0,0,0
RHCR,smoke_test,stress,2,400,5,12,1,0,0.0833333,1,153,30.6,365,86,328.865,0,0,5566.59,0.636,1,1,0,0,2.19275,0.392312,4,2.03,0,1,0,0,0,15462,0,1284.33,0,5,0,0,0
TokenPassing,smoke_test,slack,0,400,7,9,1,0,0.111111,1,309,44.1429,266,288,1278.75,0,0,10429.9,0.845357,1,1,0,0,1.71781,0.129454,4,1.9975,0,1,0,0,0,5369,0,590.111,0,0,0,0,0
CongestionAware,smoke_test,slack,0,400,7,9,1,0,0.111111,1,309,44.1429,266,288,1278.75,0,0,10429.9,0.845357,1,1,0,0,1.71781,0.129454,4,1.9975,0,1,0,0,0,5649,0,620.889,0,0,0,0,0
FaithfulCongestionAware,smoke_test,slack,0,400,7,9,1,0,0.111111,1,309,44.1429,266,288,1278.75,0,0,10429.9,0.845357,1,1,0,0,1.71781,0.129454,4,1.9975,0,1,0,0,0,1065,0,111.778,0,0,0,0,0
TrafficFlow,smoke_test,slack,0,400,7,9,0,0,0,1,0,0,0,0,0,0,0,2999.88,0.846071,0,0,0,0,1.86313,0.157032,4,1.9975,0,1,0,0,0,3223,0,352.111,0,0,0,0,0
RHCR,smoke_test,slack,0,400,7,9,1,0,0.111111,1,309,44.1429,268,288,1278.75,0,0,6912.54,0.574643,1,1,0,0,1.92189,0.200775,4,1.9975,0,1,0,0,0,2998,0,327.222,0,5,0,0,0
TokenPassing,smoke_test,slack,1,400,7,7,1,0,0.142857,1,265,37.8571,697,114,496.548,0,0,9202.6,0.786786,1,1,0,0,1.71236,0.201741,5,1.9975,0,1,0,0,0,5311,0,753.143,0,0,0,0,0
CongestionAware,smoke_test,slack,1,400,7,7,1,0,0.142857,1,265,37.8571,697,114,496.548,0,0,9202.6,0.786786,1,1,0,0,1.71236,0.201741,5,1.9975,0,1,0,0,0,5250,0,742.286,0,0,0,0,0
FaithfulCongestionAware,smoke_test,slack,1,400,7,7,1,0,0.142857,1,265,37.8571,697,114,496.548,0,0,9202.6,0.786786,1,1,0,0,1.71236,0.201741,5,1.9975,0,1,0,0,0,981,0,134.571,0,0,0,0,0
TrafficFlow,smoke_test,slack,1,400,7,7,1,0,0.142857,1,334,47.7143,191,143,496.548,0,0,6648.76,0.812143,1,1,0,0,1.79942,0.223737,4,1.9975,0,1,0,0,0,2491,0,350.571,0,0,0,0,0
RHCR,smoke_test,slack,1,400,7,7,1,0,0.142857,1,266,38,703,114,496.548,0,0,5904.75,0.510714,1,1,0,0,1.922,0.278442,5,1.9975,0,1,0,0,0,2514,0,351.429,0,5,0,0,0
TokenPassing,smoke_test,slack,2,400,7,4,1,0,0.25,1,275,39.2857,146,129,592.376,0,0,4134.69,0.342143,1,1,0,0,2.44881,0.820643,4,1.9975,0,1,0,0,0,2988,0,734.75,0,0,0,0,0
CongestionAware,smoke_test,slack,2,400,7,4,1,0,0.25,1,275,39.2857,146,129,592.376,0,0,4134.69,0.342143,1,1,0,0,2.44881,0.820643,4,1.9975,0,1,0,0,0,3031,0,743,0,0,0,0,0
FaithfulCongestionAware,smoke_test,slack,2,400,7,4,1,0,0.25,1,275,39.2857,146,129,592.376,0,0,4134.69,0.342143,1,1,0,0,2.44881,0.820643,4,1.9975,0,1,0,0,0,628,0,144,0,0,0,0,0
TrafficFlow,smoke_test,slack,2,400,7,4,0,0,0,1,0,0,0,0,0,0,0,2411.64,0.348214,0,0,0,0,2.49791,0.802093,4,1.9975,0,1,0,0,0,1051,0,247.75,0,0,0,0,0
RHCR,smoke_test,slack,2,400,7,4,1,0,0.25,1,276,39.4286,147,129,592.376,0,0,3197.04,0.266429,1,1,0,0,2.5693,0.758808,4,1.9975,0,1,0,0,0,1427,0,341.5,0,4,0,0,0
