seed,global_episode,city,phase,policy_mode,total_steps,n_agents_max,tasks_appeared,tasks_completed,throughput_rate,accept_rate,refuse_rate,latency_mean,latency_per_agent,agent_utilisation,actor_loss,critic_loss,entropy,adv_std,n_experiences,wallclock_ms
43,0,Tokyo_Small,train,MAPPO,3600,8,146,20,0.1370,0.3014,0.6986,1378.9000,275.7800,0.6775,-0.0000,3.2520,0.5880,1.5227,56,12468
43,1,Tokyo_Medium,train,MAPPO,3600,12,109,9,0.0826,0.4128,0.5872,1936.8889,322.8148,0.5448,-0.0000,16.0846,0.6010,2.4467,56,125124
43,2,Tokyo_Large,train,MAPPO,3600,15,109,1,0.0092,0.5596,0.4404,1869.0000,311.5000,0.4151,-0.0000,110.0384,0.6143,5.7228,86,247006
43,3,Tokyo_Small,train,MAPPO,3600,8,153,30,0.1961,0.3529,0.6471,1199.6000,239.9200,0.6625,-0.0003,1.5522,0.5878,1.1181,82,24421
43,4,Tokyo_Medium,train,MAPPO,3600,12,106,19,0.1792,0.5189,0.4811,1676.4736,239.4962,0.6302,-0.0000,19.8518,0.5966,3.2581,91,102758
43,5,Tokyo_Large,train,MAPPO,3600,15,116,6,0.0517,0.5690,0.4310,1991.1666,248.8958,0.5654,-0.0001,64.0237,0.6131,5.2646,98,385425
43,6,Tokyo_Small,train,MAPPO,3600,8,146,24,0.1644,0.3288,0.6712,1349.4166,269.8833,0.6694,-0.0001,1.6765,0.5880,1.1746,75,27841
43,7,Tokyo_Medium,train,MAPPO,3600,12,94,18,0.1915,0.5745,0.4255,1588.2222,264.7037,0.5367,-0.0000,19.3547,0.5980,2.9561,72,61104
43,8,Tokyo_Large,train,MAPPO,3600,15,102,13,0.1275,0.7157,0.2843,1540.0000,220.0000,0.4843,-0.0000,38.5995,0.6073,3.7825,108,261966
43,9,Tokyo_Small,train,MAPPO,3600,8,144,26,0.1806,0.3472,0.6528,1132.3462,226.4692,0.6744,-0.0000,3.0377,0.5879,1.3416,64,18218
43,10,Tokyo_Medium,train,MAPPO,3600,12,105,18,0.1714,0.5143,0.4857,2048.3333,256.0417,0.6909,-0.0001,14.9528,0.6020,2.9021,78,93094
43,11,Tokyo_Large,train,MAPPO,3600,15,107,9,0.0841,0.6449,0.3551,2013.0000,251.6250,0.5695,-0.0000,75.3537,0.6110,4.9973,103,200480
43,12,Tokyo_Small,train,MAPPO,3600,8,164,37,0.2256,0.3720,0.6280,1010.4324,202.0865,0.7024,-0.0000,1.6311,0.5871,1.2690,84,16877
43,13,Tokyo_Medium,train,MAPPO,3600,12,98,17,0.1735,0.5408,0.4592,1468.9412,209.8487,0.6060,-0.0000,17.5153,0.5980,3.1788,74,84361
43,14,Tokyo_Large,train,MAPPO,3600,15,120,9,0.0750,0.5750,0.4250,1692.0000,211.5000,0.5964,-0.0002,56.7019,0.6097,5.0722,93,360358
43,15,Tokyo_Small,train,MAPPO,3600,8,161,30,0.1863,0.3354,0.6646,1242.6333,248.5267,0.6856,-0.0000,2.5114,0.5856,1.3653,68,29799
43,16,Tokyo_Medium,train,MAPPO,3600,12,121,13,0.1074,0.4050,0.5950,1300.6154,216.7692,0.5722,-0.0000,15.4139,0.5979,2.4516,67,107397
43,17,Tokyo_Large,train,MAPPO,3600,15,102,11,0.1078,0.6961,0.3039,1734.1818,192.6869,0.6065,-0.0000,59.5930,0.6092,5.1645,99,409295
43,18,Tokyo_Small,train,MAPPO,3600,8,146,31,0.2123,0.3767,0.6233,1147.3871,229.4774,0.6601,-0.0001,1.9093,0.5866,1.3525,73,27595
43,19,Tokyo_Medium,train,MAPPO,3600,12,99,19,0.1919,0.5556,0.4444,1264.4210,210.7368,0.5775,-0.0000,8.9355,0.5969,2.1049,66,136029
43,20,Tokyo_Large,train,MAPPO,3600,15,96,11,0.1146,0.6875,0.3125,1712.7273,214.0909,0.5838,-0.0000,57.8133,0.6105,4.7599,100,252757
43,21,Tokyo_Small,train,MAPPO,3600,8,159,26,0.1635,0.3145,0.6855,1450.0769,290.0154,0.6874,-0.0000,1.6025,0.5871,1.2235,64,25335
43,22,Tokyo_Medium,train,MAPPO,3600,12,108,22,0.2037,0.5370,0.4630,1563.4091,223.3441,0.5941,-0.0000,7.8011,0.5974,2.0925,79,125934
43,23,Tokyo_Large,train,MAPPO,3600,15,111,8,0.0721,0.6126,0.3874,1875.2500,234.4062,0.5893,-0.0000,59.5530,0.6097,4.9252,112,376064
43,24,Tokyo_Small,train,MAPPO,3600,8,149,20,0.1342,0.2953,0.7047,1238.1500,247.6300,0.6515,-0.0000,1.6087,0.5887,1.1623,61,33840
43,25,Tokyo_Medium,train,MAPPO,3600,12,101,15,0.1485,0.5050,0.4950,1547.0667,221.0095,0.5910,-0.0000,26.0182,0.6004,3.6406,65,99294
43,26,Tokyo_Large,train,MAPPO,3600,15,91,7,0.0769,0.7363,0.2637,2230.4285,278.8036,0.5895,-0.0000,44.8459,0.6105,4.3592,105,344608
43,27,Tokyo_Small,train,MAPPO,3600,8,160,42,0.2625,0.4125,0.5875,1088.7142,217.7428,0.7134,-0.0000,3.1150,0.5869,1.5207,92,20741
43,28,Tokyo_Medium,train,MAPPO,3600,12,121,18,0.1488,0.4463,0.5537,1452.3334,207.4762,0.5935,-0.0001,19.5805,0.5987,2.8449,73,273445
43,29,Tokyo_Large,train,MAPPO,3600,15,113,11,0.0973,0.6283,0.3717,1602.5454,200.3182,0.5604,-0.0000,68.9161,0.6088,5.5537,98,283326
43,30,Tokyo_Small,train,MAPPO,3600,8,140,23,0.1643,0.3357,0.6643,1433.7826,286.7565,0.6656,-0.0000,3.8933,0.5876,1.9307,64,37324
43,31,Tokyo_Medium,train,MAPPO,3600,12,106,20,0.1887,0.5283,0.4717,1378.0000,196.8571,0.5988,-0.0000,18.2039,0.5967,3.0934,79,132599
43,32,Tokyo_Large,train,MAPPO,3600,15,94,12,0.1277,0.7128,0.2872,1680.8334,210.1042,0.5468,-0.0000,49.2887,0.6060,4.8767,97,242241
43,33,Tokyo_Small,train,MAPPO,3600,8,142,30,0.2113,0.3803,0.6197,1237.5667,247.5133,0.6584,-0.0000,1.3707,0.5866,1.1707,73,23334
43,34,Tokyo_Medium,train,MAPPO,3600,12,114,22,0.1930,0.5000,0.5000,1250.0000,208.3333,0.5667,-0.0000,9.7180,0.5979,2.6441,79,135594
43,35,Tokyo_Large,train,MAPPO,3600,15,118,11,0.0932,0.6017,0.3983,1772.8182,221.6023,0.5597,-0.0000,66.0782,0.6073,5.3726,93,315670
43,36,Tokyo_Small,train,MAPPO,3600,8,134,34,0.2537,0.4328,0.5672,1080.3235,216.0647,0.6897,-0.0000,3.0811,0.5864,1.6198,85,17257
43,37,Tokyo_Medium,train,MAPPO,3600,12,119,14,0.1176,0.4202,0.5798,1792.6428,256.0918,0.6462,-0.0000,17.2072,0.6004,3.0312,68,165567
43,38,Tokyo_Large,train,MAPPO,3600,15,115,12,0.1043,0.6261,0.3739,1819.9166,202.2130,0.6583,-0.0001,48.3512,0.6106,4.6639,105,394436
43,39,Tokyo_Small,train,MAPPO,3600,8,151,32,0.2119,0.3709,0.6291,935.8750,187.1750,0.6498,-0.0000,1.7556,0.5864,1.2787,84,28474
43,40,Tokyo_Medium,train,MAPPO,3600,12,117,19,0.1624,0.4701,0.5299,1522.0526,217.4361,0.6609,-0.0000,6.3226,0.5981,1.9539,65,185834
43,41,Tokyo_Large,train,MAPPO,3600,15,94,10,0.1064,0.7340,0.2660,1826.9000,228.3625,0.5786,-0.0000,54.0463,0.6111,4.9050,93,313441
43,42,Tokyo_Small,train,MAPPO,3600,8,146,26,0.1781,0.3425,0.6575,1450.8462,290.1693,0.6899,-0.0000,1.3331,0.5859,1.0184,70,22284
43,43,Tokyo_Medium,train,MAPPO,3600,12,124,20,0.1613,0.4435,0.5565,1150.1500,164.3071,0.6193,-0.0000,12.1364,0.5976,2.6172,74,263727
43,44,Tokyo_Large,train,MAPPO,3600,15,101,10,0.0990,0.6931,0.3069,1641.7000,205.2125,0.5981,-0.0000,50.7156,0.6082,4.9957,105,248835
43,45,Tokyo_Small,train,MAPPO,3600,8,150,27,0.1800,0.3333,0.6667,1516.4445,303.2889,0.6951,-0.0000,1.0500,0.5880,1.0037,69,26515
43,46,Tokyo_Medium,train,MAPPO,3600,12,111,19,0.1712,0.4955,0.5045,1460.3684,208.6241,0.5969,-0.0000,11.7956,0.5988,2.3416,89,212906
43,47,Tokyo_Large,train,MAPPO,3600,15,107,11,0.1028,0.6636,0.3364,2009.6364,223.2929,0.6127,-0.0000,71.2515,0.6110,5.9405,100,404886
43,48,Tokyo_Small,train,MAPPO,3600,8,145,32,0.2207,0.3724,0.6276,1373.3750,274.6750,0.6943,-0.0000,1.4327,0.5882,1.1919,74,24838
43,49,Tokyo_Medium,train,MAPPO,3600,12,110,13,0.1182,0.4455,0.5545,1637.5385,233.9341,0.6475,-0.0000,18.1077,0.5989,3.0359,71,112576
43,50,Tokyo_Large,train,MAPPO,3600,15,123,14,0.1138,0.6016,0.3984,1106.5000,138.3125,0.5683,-0.0000,38.3664,0.6082,4.1372,105,485649
43,51,Tokyo_Small,train,MAPPO,3600,8,141,29,0.2057,0.3759,0.6241,1213.6552,242.7310,0.6381,-0.0000,3.3634,0.5890,1.7057,66,39780
43,52,Tokyo_Medium,train,MAPPO,3600,12,113,13,0.1150,0.4336,0.5664,1761.1538,251.5934,0.6308,-0.0000,25.6326,0.5998,3.8078,60,151151
43,53,Tokyo_Large,train,MAPPO,3600,15,95,9,0.0947,0.7263,0.2737,1272.2222,181.7460,0.5115,-0.0000,37.7119,0.6086,4.2817,111,326710
43,54,Tokyo_Small,train,MAPPO,3600,8,179,36,0.2011,0.3352,0.6648,1175.0555,235.0111,0.7324,-0.0001,2.6198,0.5883,1.6170,79,46431
43,55,Tokyo_Medium,train,MAPPO,3600,12,109,18,0.1651,0.4954,0.5046,1524.2222,217.7460,0.6543,-0.0001,14.3572,0.5983,3.2674,79,171505
43,56,Tokyo_Large,train,MAPPO,3600,15,118,12,0.1017,0.6102,0.3898,1828.9166,203.2130,0.6232,-0.0000,63.0451,0.6101,5.3827,104,506361
43,57,Tokyo_Small,train,MAPPO,3600,8,137,34,0.2482,0.4234,0.5766,842.2941,168.4588,0.6759,-0.0000,1.2046,0.5859,1.0977,82,26964
43,58,Tokyo_Medium,train,MAPPO,3600,12,114,18,0.1579,0.4649,0.5351,1719.0000,245.5714,0.6569,-0.0001,15.3867,0.5987,3.2309,79,88049
43,59,Tokyo_Large,train,MAPPO,3600,15,90,12,0.1333,0.7000,0.3000,1987.3334,248.4167,0.5865,-0.0000,57.5998,0.6036,5.4746,82,319559
43,60,Tokyo_Small,train,MAPPO,3600,8,123,28,0.2276,0.4146,0.5854,1065.1786,213.0357,0.6407,-0.0000,1.3057,0.5860,0.9424,68,15722
43,61,Tokyo_Medium,train,MAPPO,3600,12,93,15,0.1613,0.5376,0.4624,1741.2000,248.7428,0.5981,-0.0000,5.8988,0.5983,2.2112,60,126720
43,62,Tokyo_Large,train,MAPPO,3600,15,107,9,0.0841,0.6449,0.3551,1663.4445,237.6349,0.4916,-0.0000,40.6920,0.6101,4.7486,89,375856
43,63,Tokyo_Small,train,MAPPO,3600,8,173,26,0.1503,0.2832,0.7168,1314.6538,262.9308,0.6818,-0.0000,1.6643,0.5863,1.0911,74,66885
43,64,Tokyo_Medium,train,MAPPO,3600,12,96,18,0.1875,0.5625,0.4375,1442.0000,206.0000,0.6064,-0.0000,9.8837,0.5977,2.3431,78,76834
43,65,Tokyo_Large,train,MAPPO,3600,15,108,4,0.0370,0.5926,0.4074,1617.0000,202.1250,0.5377,-0.0000,44.3105,0.6118,4.3834,95,561622
43,66,Tokyo_Small,train,MAPPO,3600,8,154,34,0.2208,0.3766,0.6234,1290.3529,258.0706,0.7210,-0.0000,2.1316,0.5869,1.3466,69,29196
43,67,Tokyo_Medium,train,MAPPO,3600,12,141,17,0.1206,0.3759,0.6241,1980.6471,282.9496,0.6475,-0.0000,28.1319,0.6027,4.2933,63,153121
43,68,Tokyo_Large,train,MAPPO,3600,15,116,10,0.0862,0.5948,0.4052,2053.8000,293.4000,0.5259,-0.0000,45.0686,0.6088,4.3286,99,625151
43,69,Tokyo_Small,train,MAPPO,3600,8,138,34,0.2464,0.4203,0.5797,1367.8529,273.5706,0.6826,-0.0000,1.5573,0.5875,1.2325,78,33855
43,70,Tokyo_Medium,train,MAPPO,3600,12,113,20,0.1770,0.4867,0.5133,1684.1500,240.5929,0.6220,-0.0000,12.5543,0.5995,3.0541,71,212968
43,71,Tokyo_Large,train,MAPPO,3600,15,95,10,0.1053,0.7368,0.2632,1555.4000,194.4250,0.5516,-0.0001,59.8392,0.6099,5.6672,95,545514
43,72,Tokyo_Small,train,MAPPO,3600,8,159,37,0.2327,0.3836,0.6164,1264.9459,252.9892,0.7331,-0.0000,3.4779,0.5885,1.7940,90,37192
43,73,Tokyo_Medium,train,MAPPO,3600,12,90,19,0.2111,0.6000,0.4000,1637.6316,233.9474,0.6195,-0.0000,7.3162,0.5998,2.4248,79,84114
43,74,Tokyo_Large,train,MAPPO,3600,15,112,8,0.0714,0.5982,0.4018,1379.8750,197.1250,0.5188,-0.0001,49.8271,0.6098,5.2037,90,714746
43,75,Tokyo_Small,eval,MAPPO,3600,8,160,32,0.2000,0.3438,0.6562,1259.6562,251.9312,0.6795,0.0000,0.0000,0.0000,0.0000,0,32023
43,76,Tokyo_Small,eval,MAPPO,3600,8,127,29,0.2283,0.4094,0.5906,1311.8276,262.3655,0.6950,0.0000,0.0000,0.0000,0.0000,0,22599
43,77,Tokyo_Small,eval,MAPPO,3600,8,129,30,0.2326,0.4186,0.5814,1001.9667,250.4917,0.6239,0.0000,0.0000,0.0000,0.0000,0,23066
43,78,Tokyo_Small,eval,TamAlwaysAccept,3600,8,159,30,0.1887,0.3333,0.6667,1176.3000,235.2600,0.6498,0.0000,0.0000,0.0000,0.0000,0,30810
43,79,Tokyo_Small,eval,TamAlwaysAccept,3600,8,164,28,0.1707,0.3171,0.6829,1553.3214,310.6643,0.6947,0.0000,0.0000,0.0000,0.0000,0,30415
43,80,Tokyo_Small,eval,TamAlwaysAccept,3600,8,140,36,0.2571,0.4286,0.5714,987.7778,246.9444,0.6014,0.0000,0.0000,0.0000,0.0000,0,20740
43,81,Tokyo_Small,eval,Greedy,3600,8,140,17,0.1214,0.2929,0.7071,1644.2941,328.8588,0.7183,0.0000,0.0000,0.0000,0.0000,0,5375
43,82,Tokyo_Small,eval,Greedy,3600,8,146,20,0.1370,0.3014,0.6986,1473.0500,294.6100,0.7095,0.0000,0.0000,0.0000,0.0000,0,2701
43,83,Tokyo_Small,eval,Greedy,3600,8,130,18,0.1385,0.3231,0.6769,1636.3334,327.2667,0.7171,0.0000,0.0000,0.0000,0.0000,0,3534
43,84,Tokyo_Small,eval,Random,3600,8,143,16,0.1119,0.2797,0.7203,1566.6875,313.3375,0.7284,0.0000,0.0000,0.0000,0.0000,0,4107
43,85,Tokyo_Small,eval,Random,3600,8,137,19,0.1387,0.3139,0.6861,1520.5790,304.1158,0.7388,0.0000,0.0000,0.0000,0.0000,0,3590
43,86,Tokyo_Small,eval,Random,3600,8,137,18,0.1314,0.3066,0.6934,1672.6666,334.5333,0.7161,0.0000,0.0000,0.0000,0.0000,0,3262
43,87,Tokyo_Small,eval,InsertionGreedy,3600,8,134,17,0.1269,0.3060,0.6940,1167.4706,233.4941,0.6311,0.0000,0.0000,0.0000,0.0000,0,7650
43,88,Tokyo_Small,eval,InsertionGreedy,3600,8,166,20,0.1205,0.2651,0.7349,1479.3500,295.8700,0.7306,0.0000,0.0000,0.0000,0.0000,0,6495
43,89,Tokyo_Small,eval,InsertionGreedy,3600,8,163,19,0.1166,0.2638,0.7362,1525.0000,305.0000,0.7008,0.0000,0.0000,0.0000,0.0000,0,8080
43,90,Tokyo_Medium,eval,MAPPO,3600,12,119,18,0.1513,0.4454,0.5546,1577.0000,197.1250,0.7015,0.0000,0.0000,0.0000,0.0000,0,111443
43,91,Tokyo_Medium,eval,MAPPO,3600,12,118,15,0.1271,0.4322,0.5678,2041.1333,255.1417,0.6759,0.0000,0.0000,0.0000,0.0000,0,90087
43,92,Tokyo_Medium,eval,MAPPO,3600,12,116,18,0.1552,0.4655,0.5345,1666.2222,238.0317,0.6653,0.0000,0.0000,0.0000,0.0000,0,82154
43,93,Tokyo_Medium,eval,TamAlwaysAccept,3600,12,84,17,0.2024,0.6190,0.3810,1680.9412,280.1569,0.5774,0.0000,0.0000,0.0000,0.0000,0,46244
43,94,Tokyo_Medium,eval,TamAlwaysAccept,3600,12,109,14,0.1284,0.4495,0.5505,1749.4286,249.9184,0.5979,0.0000,0.0000,0.0000,0.0000,0,79983
43,95,Tokyo_Medium,eval,TamAlwaysAccept,3600,12,122,18,0.1475,0.4426,0.5574,1466.5555,209.5079,0.5958,0.0000,0.0000,0.0000,0.0000,0,104381
43,96,Tokyo_Medium,eval,Greedy,3600,12,99,8,0.0808,0.4444,0.5556,1868.8750,233.6094,0.6753,0.0000,0.0000,0.0000,0.0000,0,22326
43,97,Tokyo_Medium,eval,Greedy,3600,12,107,9,0.0841,0.4206,0.5794,1893.8889,236.7361,0.6881,0.0000,0.0000,0.0000,0.0000,0,14042
43,98,Tokyo_Medium,eval,Greedy,3600,12,101,9,0.0891,0.4455,0.5545,1911.6666,273.0952,0.6441,0.0000,0.0000,0.0000,0.0000,0,13316
43,99,Tokyo_Medium,eval,Random,3600,12,103,9,0.0874,0.4272,0.5728,2224.7778,317.8254,0.6546,0.0000,0.0000,0.0000,0.0000,0,13797
43,100,Tokyo_Medium,eval,Random,3600,12,117,7,0.0598,0.3675,0.6325,1910.4286,238.8036,0.6757,0.0000,0.0000,0.0000,0.0000,0,11995
43,101,Tokyo_Medium,eval,Random,3600,12,115,7,0.0609,0.3739,0.6261,2240.2856,280.0357,0.7046,0.0000,0.0000,0.0000,0.0000,0,12946
43,102,Tokyo_Medium,eval,InsertionGreedy,3600,12,125,11,0.0880,0.3760,0.6240,1882.5454,235.3182,0.6865,0.0000,0.0000,0.0000,0.0000,0,25128
43,103,Tokyo_Medium,eval,InsertionGreedy,3600,12,118,12,0.1017,0.4068,0.5932,1636.0834,204.5104,0.6772,0.0000,0.0000,0.0000,0.0000,0,27061
43,104,Tokyo_Medium,eval,InsertionGreedy,3600,12,98,8,0.0816,0.4490,0.5510,1677.2500,279.5417,0.5737,0.0000,0.0000,0.0000,0.0000,0,22484
43,105,Tokyo_Large,eval,MAPPO,3600,15,121,10,0.0826,0.5785,0.4215,1760.6000,220.0750,0.5794,0.0000,0.0000,0.0000,0.0000,0,1135238
43,106,Tokyo_Large,eval,MAPPO,3600,15,109,13,0.1193,0.6697,0.3303,1622.7693,180.3077,0.6313,0.0000,0.0000,0.0000,0.0000,0,537728
43,107,Tokyo_Large,eval,MAPPO,3600,15,95,9,0.0947,0.7263,0.2737,1693.5555,241.9365,0.5217,0.0000,0.0000,0.0000,0.0000,0,313737
43,108,Tokyo_Large,eval,TamAlwaysAccept,3600,15,102,11,0.1078,0.6961,0.3039,1930.2727,214.4747,0.6253,0.0000,0.0000,0.0000,0.0000,0,179620
43,109,Tokyo_Large,eval,TamAlwaysAccept,3600,15,96,4,0.0417,0.6667,0.3333,1843.0000,230.3750,0.5691,0.0000,0.0000,0.0000,0.0000,0,260378
43,110,Tokyo_Large,eval,TamAlwaysAccept,3600,15,101,12,0.1188,0.7030,0.2970,2063.6667,257.9583,0.5636,0.0000,0.0000,0.0000,0.0000,0,220616
43,111,Tokyo_Large,eval,Greedy,3600,15,113,1,0.0088,0.5398,0.4602,1663.0000,207.8750,0.5715,0.0000,0.0000,0.0000,0.0000,0,86962
43,112,Tokyo_Large,eval,Greedy,3600,15,96,2,0.0208,0.6458,0.3542,1576.0000,197.0000,0.5356,0.0000,0.0000,0.0000,0.0000,0,22378
43,113,Tokyo_Large,eval,Greedy,3600,15,99,1,0.0101,0.6162,0.3838,1896.0000,237.0000,0.5363,0.0000,0.0000,0.0000,0.0000,0,30994
43,114,Tokyo_Large,eval,Random,3600,15,105,3,0.0286,0.5905,0.4095,2675.6667,297.2963,0.6366,0.0000,0.0000,0.0000,0.0000,0,34296
43,115,Tokyo_Large,eval,Random,3600,15,108,4,0.0370,0.5741,0.4259,2222.0000,246.8889,0.6417,0.0000,0.0000,0.0000,0.0000,0,30617
43,116,Tokyo_Large,eval,Random,3600,15,116,2,0.0172,0.5345,0.4655,1995.5000,221.7222,0.6076,0.0000,0.0000,0.0000,0.0000,0,34844
43,117,Tokyo_Large,eval,InsertionGreedy,3600,15,106,8,0.0755,0.6415,0.3585,1626.8750,232.4107,0.5240,0.0000,0.0000,0.0000,0.0000,0,66726
43,118,Tokyo_Large,eval,InsertionGreedy,3600,15,106,12,0.1132,0.6321,0.3679,1775.0834,253.5833,0.5277,0.0000,0.0000,0.0000,0.0000,0,116748
43,119,Tokyo_Large,eval,InsertionGreedy,3600,15,115,7,0.0609,0.5826,0.4174,1997.8572,249.7321,0.5729,0.0000,0.0000,0.0000,0.0000,0,76298
43,120,Tokyo_Small,train,MAPPO,3600,8,161,29,0.1801,0.3292,0.6708,1072.6897,214.5379,0.6829,-0.0002,1.6617,0.5855,1.2880,76,19726
43,121,Tokyo_Medium,train,MAPPO,3600,12,117,18,0.1538,0.4615,0.5385,1575.0000,225.0000,0.6520,-0.0000,15.5280,0.5978,3.4382,72,154961
43,122,Tokyo_Large,train,MAPPO,3600,15,102,12,0.1176,0.7059,0.2941,1270.3334,158.7917,0.5471,-0.0000,41.8235,0.6092,4.6197,103,418016
43,123,Tokyo_Small,train,MAPPO,3600,8,171,32,0.1871,0.3216,0.6784,1537.3750,307.4750,0.7077,-0.0000,3.5973,0.5885,1.8123,86,35379
43,124,Tokyo_Medium,train,MAPPO,3600,12,104,18,0.1731,0.5192,0.4808,1587.7222,226.8175,0.6150,-0.0000,14.3038,0.5985,3.0655,78,75985
43,125,Tokyo_Large,train,MAPPO,3600,15,113,13,0.1150,0.6460,0.3540,1811.0769,181.1077,0.6743,-0.0000,36.7728,0.6095,4.2545,102,524749
43,126,Tokyo_Small,train,MAPPO,3600,8,141,36,0.2553,0.4255,0.5745,1074.9722,214.9944,0.6999,-0.0000,3.5998,0.5873,1.8577,85,26869
43,127,Tokyo_Medium,train,MAPPO,3600,12,123,17,0.1382,0.4309,0.5691,1631.0000,233.0000,0.6094,-0.0000,6.2659,0.5983,2.3210,80,95289
43,128,Tokyo_Large,train,MAPPO,3600,15,118,12,0.1017,0.6102,0.3898,1635.4166,181.7130,0.6148,-0.0000,35.5742,0.6132,4.3253,107,529895
43,129,Tokyo_Small,train,MAPPO,3600,8,164,30,0.1829,0.3232,0.6768,1282.1666,256.4333,0.6545,-0.0000,3.1269,0.5896,1.6884,70,42392
43,130,Tokyo_Medium,train,MAPPO,3600,12,116,22,0.1897,0.4828,0.5172,1626.0454,232.2922,0.6276,-0.0000,8.6239,0.5959,2.3169,71,109825
43,131,Tokyo_Large,train,MAPPO,3600,15,101,8,0.0792,0.6733,0.3267,1743.6250,217.9531,0.5706,-0.0000,43.5055,0.6080,4.2433,88,514840
43,132,Tokyo_Small,train,MAPPO,3600,8,154,32,0.2078,0.3636,0.6364,1269.2812,253.8562,0.6550,-0.0000,2.3304,0.5873,1.5038,74,29081
43,133,Tokyo_Medium,train,MAPPO,3600,12,108,18,0.1667,0.5000,0.5000,1458.7222,208.3889,0.6036,-0.0000,13.7702,0.5971,3.0057,77,140337
43,134,Tokyo_Large,train,MAPPO,3600,15,105,11,0.1048,0.6762,0.3238,1309.0909,187.0130,0.5255,-0.0000,53.0795,0.6086,4.7654,96,509026
43,135,Tokyo_Small,train,MAPPO,3600,8,152,30,0.1974,0.3553,0.6447,1303.7000,260.7400,0.6617,-0.0000,2.2274,0.5868,1.4876,72,29675
43,136,Tokyo_Medium,train,MAPPO,3600,12,97,21,0.2165,0.5773,0.4227,1302.6190,217.1032,0.5252,-0.0000,5.4484,0.5974,2.0051,73,109130
43,137,Tokyo_Large,train,MAPPO,3600,15,139,6,0.0432,0.4748,0.5252,1832.5000,229.0625,0.5637,-0.0000,67.0051,0.6104,5.7684,94,862366
43,138,Tokyo_Small,train,MAPPO,3600,8,146,33,0.2260,0.3836,0.6164,1320.3636,264.0727,0.7211,-0.0001,2.4257,0.5888,1.5177,72,44089
43,139,Tokyo_Medium,train,MAPPO,3600,12,102,21,0.2059,0.5588,0.4412,1336.8572,190.9796,0.6288,-0.0000,9.0349,0.5990,2.5429,90,82399
43,140,Tokyo_Large,train,MAPPO,3600,15,111,10,0.0901,0.6306,0.3694,1460.4000,182.5500,0.5829,-0.0000,61.9406,0.6107,5.6207,101,902138
43,141,Tokyo_Small,train,MAPPO,3600,8,127,29,0.2283,0.4094,0.5906,981.7586,196.3517,0.6250,-0.0001,1.9590,0.5845,1.3898,76,23906
43,142,Tokyo_Medium,train,MAPPO,3600,12,122,17,0.1393,0.4344,0.5656,1913.4706,239.1838,0.6939,-0.0000,27.3573,0.6012,4.2471,72,287280
43,143,Tokyo_Large,train,MAPPO,3600,15,111,7,0.0631,0.6036,0.3964,1813.1428,201.4603,0.6406,-0.0000,71.4333,0.6078,5.3243,95,551785
43,144,Tokyo_Small,train,MAPPO,3600,8,122,30,0.2459,0.4426,0.5574,1176.9000,235.3800,0.6639,-0.0000,2.3937,0.5868,1.4740,74,31607
43,145,Tokyo_Medium,train,MAPPO,3600,12,109,18,0.1651,0.4954,0.5046,1318.1111,188.3016,0.6097,-0.0000,12.1628,0.5963,2.8204,75,148383
43,146,Tokyo_Large,train,MAPPO,3600,15,110,11,0.1000,0.6455,0.3545,1893.9091,236.7386,0.5592,-0.0000,47.4839,0.6078,5.5423,94,567815
43,147,Tokyo_Small,train,MAPPO,3600,8,144,30,0.2083,0.3750,0.6250,780.1667,156.0333,0.6398,-0.0002,2.8192,0.5819,1.5828,74,32127
43,148,Tokyo_Medium,train,MAPPO,3600,12,106,17,0.1604,0.5000,0.5000,1584.4706,226.3529,0.6613,-0.0000,10.9563,0.5966,2.9763,68,75234
43,149,Tokyo_Large,train,MAPPO,3600,15,101,6,0.0594,0.6535,0.3465,1532.6666,191.5833,0.5887,-0.0000,71.6691,0.6111,5.7045,84,581919
43,150,Tokyo_Small,train,MAPPO,3600,8,150,29,0.1933,0.3467,0.6533,1433.0690,286.6138,0.7082,-0.0000,4.7300,0.5881,1.9722,75,49832
43,151,Tokyo_Medium,train,MAPPO,3600,12,114,15,0.1316,0.4298,0.5702,1576.2667,225.1810,0.6062,-0.0000,12.5289,0.5973,3.2663,65,205542
43,152,Tokyo_Large,train,MAPPO,3600,15,111,10,0.0901,0.6306,0.3694,1413.3000,157.0333,0.6466,-0.0000,47.6239,0.6083,5.0115,98,578637
43,153,Tokyo_Small,train,MAPPO,3600,8,170,41,0.2412,0.3765,0.6235,1005.8049,201.1610,0.6590,-0.0000,2.0060,0.5874,1.3648,94,39496
43,154,Tokyo_Medium,train,MAPPO,3600,12,103,17,0.1650,0.5146,0.4854,1486.1765,247.6961,0.5522,-0.0000,6.3676,0.5975,2.3871,66,84280
43,155,Tokyo_Large,train,MAPPO,3600,15,109,8,0.0734,0.6055,0.3945,1849.7500,231.2188,0.5643,-0.0000,57.8291,0.6109,5.1884,98,2870513
43,156,Tokyo_Small,train,MAPPO,3600,8,169,34,0.2012,0.3314,0.6686,1361.9706,272.3941,0.6622,-0.0000,1.9044,0.5869,1.3055,82,41214
43,157,Tokyo_Medium,train,MAPPO,3600,12,119,20,0.1681,0.4706,0.5294,1942.9500,242.8687,0.6997,-0.0000,19.8109,0.6015,3.9490,79,138166
43,158,Tokyo_Large,train,MAPPO,3600,15,84,9,0.1071,0.7024,0.2976,1631.5555,233.0794,0.5096,-0.0000,38.8718,0.6089,5.1084,77,341196
43,159,Tokyo_Small,train,MAPPO,3600,8,149,29,0.1946,0.3557,0.6443,1303.7587,325.9397,0.6089,-0.0000,2.1139,0.5870,1.2940,78,32159
43,160,Tokyo_Medium,train,MAPPO,3600,12,100,15,0.1500,0.5100,0.4900,1298.1333,162.2667,0.6883,-0.0000,11.3423,0.5979,2.4813,82,164606
43,161,Tokyo_Large,train,MAPPO,3600,15,124,10,0.0806,0.5645,0.4355,1708.4000,189.8222,0.6097,-0.0000,41.9319,0.6095,4.4776,107,662142
43,162,Tokyo_Small,train,MAPPO,3600,8,144,34,0.2361,0.4028,0.5972,993.3235,198.6647,0.6644,-0.0000,1.8109,0.5858,1.2519,76,33327
43,163,Tokyo_Medium,train,MAPPO,3600,12,144,21,0.1458,0.3958,0.6042,1647.6666,235.3810,0.6572,-0.0000,10.1211,0.6010,2.7810,84,202439
43,164,Tokyo_Large,train,MAPPO,3600,15,103,8,0.0777,0.6602,0.3398,1812.3750,226.5469,0.5433,-0.0000,48.8667,0.6100,5.4084,94,550775
43,165,Tokyo_Small,train,MAPPO,3600,8,169,35,0.2071,0.3491,0.6509,1176.8857,235.3772,0.6920,-0.0000,2.0879,0.5865,1.4470,77,69372
43,166,Tokyo_Medium,train,MAPPO,3600,12,100,15,0.1500,0.5000,0.5000,1560.9333,222.9905,0.5890,-0.0000,10.6074,0.5961,2.9794,72,226243
43,167,Tokyo_Large,train,MAPPO,3600,15,114,7,0.0614,0.5877,0.4123,1362.4286,227.0714,0.4560,-0.0000,32.8776,0.6076,4.2462,110,580781
43,168,Tokyo_Small,train,MAPPO,3600,8,119,28,0.2353,0.4370,0.5630,1004.2857,200.8571,0.6778,-0.0000,2.9926,0.5845,1.5965,74,29604
43,169,Tokyo_Medium,train,MAPPO,3600,12,111,19,0.1712,0.4955,0.5045,1451.2106,207.3158,0.6267,-0.0001,15.8957,0.5949,3.5025,71,80430
43,170,Tokyo_Large,train,MAPPO,3600,15,122,11,0.0902,0.5656,0.4344,1611.7273,179.0808,0.6324,-0.0000,62.8832,0.6103,5.5155,100,1039503
43,171,Tokyo_Small,train,MAPPO,3600,8,148,24,0.1622,0.3243,0.6757,1405.6250,281.1250,0.6883,-0.0002,5.9047,0.5877,2.4154,69,50222
43,172,Tokyo_Medium,train,MAPPO,3600,12,114,18,0.1579,0.4737,0.5263,1659.4445,237.0635,0.6361,-0.0000,15.0438,0.5983,3.3391,68,125782
43,173,Tokyo_Large,train,MAPPO,3600,15,93,9,0.0968,0.7419,0.2581,1494.8889,213.5556,0.5101,-0.0000,51.2581,0.6089,5.5128,105,781888
43,174,Tokyo_Small,train,MAPPO,3600,8,148,27,0.1824,0.3446,0.6554,1254.2222,250.8444,0.6687,-0.0000,2.9867,0.5878,1.7293,69,44252
43,175,Tokyo_Medium,train,MAPPO,3600,12,94,20,0.2128,0.5851,0.4149,1686.1000,240.8714,0.6007,-0.0000,8.1524,0.5994,2.7325,76,100012
43,176,Tokyo_Large,train,MAPPO,3600,15,112,9,0.0804,0.6161,0.3839,2030.1111,253.7639,0.5991,-0.0000,39.3757,0.6116,4.9752,107,793435
43,177,Tokyo_Small,train,MAPPO,3600,8,137,29,0.2117,0.3869,0.6131,1218.6552,243.7310,0.6963,-0.0000,2.2376,0.5867,1.2566,71,47907
43,178,Tokyo_Medium,train,MAPPO,3600,12,129,20,0.1550,0.4341,0.5659,1649.9000,235.7000,0.6094,-0.0001,7.9605,0.5959,2.5539,72,189023
43,179,Tokyo_Large,train,MAPPO,3600,15,109,8,0.0734,0.6147,0.3853,1704.3750,213.0469,0.5836,-0.0000,33.8867,0.6090,4.7217,85,692311
43,180,Tokyo_Small,train,MAPPO,3600,8,157,34,0.2166,0.3694,0.6306,984.7647,196.9529,0.6380,-0.0000,1.5703,0.5826,1.2206,77,32259
43,181,Tokyo_Medium,train,MAPPO,3600,12,97,17,0.1753,0.5464,0.4536,1531.6471,255.2745,0.5375,-0.0001,20.5756,0.5964,3.7764,68,101432
43,182,Tokyo_Large,train,MAPPO,3600,15,96,11,0.1146,0.7292,0.2708,1725.9091,215.7386,0.5419,-0.0000,36.1402,0.6057,4.6527,105,335480
43,183,Tokyo_Small,train,MAPPO,3600,8,157,36,0.2293,0.3822,0.6178,1157.5278,231.5056,0.7123,-0.0000,2.5493,0.5853,1.3924,71,40349
43,184,Tokyo_Medium,train,MAPPO,3600,12,116,21,0.1810,0.4914,0.5086,1777.5714,253.9388,0.6017,-0.0000,16.1334,0.5973,3.7178,83,185935
43,185,Tokyo_Large,train,MAPPO,3600,15,99,14,0.1414,0.7475,0.2525,1632.0714,181.3413,0.6186,-0.0001,42.2696,0.6083,4.9641,104,224671
43,186,Tokyo_Small,train,MAPPO,3600,8,159,31,0.1950,0.3459,0.6541,1141.6451,228.3290,0.6744,-0.0000,2.5446,0.5832,1.5777,75,37056
43,187,Tokyo_Medium,train,MAPPO,3600,12,99,19,0.1919,0.5455,0.4545,1623.7368,231.9624,0.6186,-0.0001,20.6146,0.5967,4.1225,82,127959
43,188,Tokyo_Large,train,MAPPO,3600,15,119,8,0.0672,0.5714,0.4286,1715.8750,190.6528,0.6566,-0.0000,37.5053,0.6097,4.5104,97,808221
43,189,Tokyo_Small,train,MAPPO,3600,8,145,37,0.2552,0.4138,0.5862,1070.5946,214.1189,0.6730,-0.0000,4.1517,0.5845,1.9778,73,40167
43,190,Tokyo_Medium,train,MAPPO,3600,12,127,19,0.1496,0.4331,0.5669,1548.1578,258.0263,0.5692,-0.0000,8.5982,0.5963,2.6942,75,324329
43,191,Tokyo_Large,train,MAPPO,3600,15,131,14,0.1069,0.5649,0.4351,1672.8572,185.8730,0.6377,-0.0000,59.0967,0.6079,4.6570,108,1041624
43,192,Tokyo_Small,train,MAPPO,3600,8,160,34,0.2125,0.3625,0.6375,1180.4706,236.0941,0.6880,-0.0000,2.7338,0.5859,1.5806,85,54359
43,193,Tokyo_Medium,train,MAPPO,3600,12,118,11,0.0932,0.3983,0.6017,1807.5454,258.2208,0.6170,-0.0001,15.9564,0.5979,2.9671,66,182233
43,194,Tokyo_Large,train,MAPPO,3600,15,113,10,0.0885,0.6106,0.3894,1737.1000,248.1571,0.5319,-0.0000,45.2743,0.6072,4.9853,85,814735
43,195,Tokyo_Small,eval,MAPPO,3600,8,155,24,0.1548,0.3097,0.6903,1234.3334,246.8667,0.6886,0.0000,0.0000,0.0000,0.0000,0,50366
43,196,Tokyo_Small,eval,MAPPO,3600,8,141,27,0.1915,0.3617,0.6383,1198.1852,239.6370,0.6735,0.0000,0.0000,0.0000,0.0000,0,41691
43,197,Tokyo_Small,eval,MAPPO,3600,8,159,33,0.2075,0.3585,0.6415,1102.8788,220.5758,0.6841,0.0000,0.0000,0.0000,0.0000,0,59947
43,198,Tokyo_Small,eval,TamAlwaysAccept,3600,8,146,35,0.2397,0.4041,0.5959,1356.8000,271.3600,0.7034,0.0000,0.0000,0.0000,0.0000,0,37538
43,199,Tokyo_Small,eval,TamAlwaysAccept,3600,8,154,30,0.1948,0.3506,0.6494,1222.0667,244.4133,0.6868,0.0000,0.0000,0.0000,0.0000,0,35321
43,200,Tokyo_Small,eval,TamAlwaysAccept,3600,8,159,35,0.2201,0.3711,0.6289,1147.9429,229.5886,0.6976,0.0000,0.0000,0.0000,0.0000,0,41680
43,201,Tokyo_Small,eval,Greedy,3600,8,173,15,0.0867,0.2254,0.7746,2049.2666,409.8533,0.7197,0.0000,0.0000,0.0000,0.0000,0,9483
43,202,Tokyo_Small,eval,Greedy,3600,8,148,14,0.0946,0.2568,0.7432,1773.7858,354.7571,0.7074,0.0000,0.0000,0.0000,0.0000,0,4734
43,203,Tokyo_Small,eval,Greedy,3600,8,158,16,0.1013,0.2532,0.7468,1665.9375,333.1875,0.7233,0.0000,0.0000,0.0000,0.0000,0,5556
43,204,Tokyo_Small,eval,Random,3600,8,160,14,0.0875,0.2250,0.7750,1723.0000,344.6000,0.7309,0.0000,0.0000,0.0000,0.0000,0,5592
43,205,Tokyo_Small,eval,Random,3600,8,157,15,0.0955,0.2484,0.7516,1601.6666,320.3333,0.7202,0.0000,0.0000,0.0000,0.0000,0,4649
43,206,Tokyo_Small,eval,Random,3600,8,158,19,0.1203,0.2722,0.7278,1257.9474,251.5895,0.7120,0.0000,0.0000,0.0000,0.0000,0,4037
43,207,Tokyo_Small,eval,InsertionGreedy,3600,8,155,18,0.1161,0.2710,0.7290,1423.2222,284.6444,0.6937,0.0000,0.0000,0.0000,0.0000,0,9195
43,208,Tokyo_Small,eval,InsertionGreedy,3600,8,143,23,0.1608,0.3217,0.6783,1403.9565,280.7913,0.6988,0.0000,0.0000,0.0000,0.0000,0,7934
43,209,Tokyo_Small,eval,InsertionGreedy,3600,8,169,19,0.1124,0.2544,0.7456,1540.5790,308.1158,0.7202,0.0000,0.0000,0.0000,0.0000,0,7537
43,210,Tokyo_Medium,eval,MAPPO,3600,12,107,12,0.1121,0.4486,0.5514,1755.2500,250.7500,0.6173,0.0000,0.0000,0.0000,0.0000,0,218017
43,211,Tokyo_Medium,eval,MAPPO,3600,12,114,15,0.1316,0.4474,0.5526,1594.6666,227.8095,0.6391,0.0000,0.0000,0.0000,0.0000,0,92217
43,212,Tokyo_Medium,eval,MAPPO,3600,12,117,20,0.1709,0.4786,0.5214,1491.0000,186.3750,0.6673,0.0000,0.0000,0.0000,0.0000,0,96160
43,213,Tokyo_Medium,eval,TamAlwaysAccept,3600,12,111,15,0.1351,0.4595,0.5405,1527.2667,218.1810,0.6033,0.0000,0.0000,0.0000,0.0000,0,86886
43,214,Tokyo_Medium,eval,TamAlwaysAccept,3600,12,101,12,0.1188,0.4752,0.5248,1564.9166,260.8194,0.5759,0.0000,0.0000,0.0000,0.0000,0,84512
43,215,Tokyo_Medium,eval,TamAlwaysAccept,3600,12,117,17,0.1453,0.4530,0.5470,1506.4706,215.2101,0.6606,0.0000,0.0000,0.0000,0.0000,0,87766
43,216,Tokyo_Medium,eval,Greedy,3600,12,113,11,0.0973,0.4159,0.5841,1606.7273,200.8409,0.6821,0.0000,0.0000,0.0000,0.0000,0,24165
43,217,Tokyo_Medium,eval,Greedy,3600,12,135,9,0.0667,0.3333,0.6667,1943.7778,277.6826,0.6618,0.0000,0.0000,0.0000,0.0000,0,17907
43,218,Tokyo_Medium,eval,Greedy,3600,12,120,7,0.0583,0.3583,0.6417,2144.2856,306.3265,0.6666,0.0000,0.0000,0.0000,0.0000,0,15700
43,219,Tokyo_Medium,eval,Random,3600,12,105,10,0.0952,0.4381,0.5619,2084.2000,260.5250,0.7062,0.0000,0.0000,0.0000,0.0000,0,17277
43,220,Tokyo_Medium,eval,Random,3600,12,118,8,0.0678,0.3559,0.6441,2139.7500,267.4688,0.6773,0.0000,0.0000,0.0000,0.0000,0,24025
43,221,Tokyo_Medium,eval,Random,3600,12,117,9,0.0769,0.3846,0.6154,2227.1111,278.3889,0.7105,0.0000,0.0000,0.0000,0.0000,0,17524
43,222,Tokyo_Medium,eval,InsertionGreedy,3600,12,134,8,0.0597,0.3284,0.6716,2097.0000,262.1250,0.6856,0.0000,0.0000,0.0000,0.0000,0,36805
43,223,Tokyo_Medium,eval,InsertionGreedy,3600,12,121,10,0.0826,0.3802,0.6198,1882.7000,268.9571,0.6591,0.0000,0.0000,0.0000,0.0000,0,41595
43,224,Tokyo_Medium,eval,InsertionGreedy,3600,12,100,11,0.1100,0.4700,0.5300,1636.9091,204.6136,0.6698,0.0000,0.0000,0.0000,0.0000,0,31133
43,225,Tokyo_Large,eval,MAPPO,3600,15,125,18,0.1440,0.6160,0.3840,1934.6111,241.8264,0.5655,0.0000,0.0000,0.0000,0.0000,0,709145
43,226,Tokyo_Large,eval,MAPPO,3600,15,115,13,0.1130,0.6348,0.3652,1782.0000,222.7500,0.5808,0.0000,0.0000,0.0000,0.0000,0,610379
43,227,Tokyo_Large,eval,MAPPO,3600,15,119,7,0.0588,0.5630,0.4370,1350.2858,168.7857,0.5614,0.0000,0.0000,0.0000,0.0000,0,724703
43,228,Tokyo_Large,eval,TamAlwaysAccept,3600,15,104,8,0.0769,0.6538,0.3462,2124.7500,212.4750,0.6701,0.0000,0.0000,0.0000,0.0000,0,393763
43,229,Tokyo_Large,eval,TamAlwaysAccept,3600,15,110,5,0.0455,0.5909,0.4091,2376.3999,264.0444,0.6061,0.0000,0.0000,0.0000,0.0000,0,515486
43,230,Tokyo_Large,eval,TamAlwaysAccept,3600,15,114,9,0.0789,0.6053,0.3947,1142.7778,142.8472,0.5666,0.0000,0.0000,0.0000,0.0000,0,3206995
43,231,Tokyo_Large,eval,Greedy,3600,15,112,2,0.0179,0.5536,0.4464,2509.5000,278.8333,0.6349,0.0000,0.0000,0.0000,0.0000,0,199253
43,232,Tokyo_Large,eval,Greedy,3600,15,111,4,0.0360,0.5766,0.4234,1898.5000,271.2143,0.5054,0.0000,0.0000,0.0000,0.0000,0,35734
43,233,Tokyo_Large,eval,Greedy,3600,15,92,2,0.0217,0.6739,0.3261,2443.5000,305.4375,0.5788,0.0000,0.0000,0.0000,0.0000,0,39477
43,234,Tokyo_Large,eval,Random,3600,15,117,3,0.0256,0.5214,0.4786,2138.0000,213.8000,0.6693,0.0000,0.0000,0.0000,0.0000,0,47412
43,235,Tokyo_Large,eval,Random,3600,15,102,4,0.0392,0.6275,0.3725,1989.0000,248.6250,0.5449,0.0000,0.0000,0.0000,0.0000,0,38216
43,236,Tokyo_Large,eval,Random,3600,15,123,5,0.0407,0.5285,0.4715,1957.2000,195.7200,0.6816,0.0000,0.0000,0.0000,0.0000,0,32084
43,237,Tokyo_Large,eval,InsertionGreedy,3600,15,118,6,0.0508,0.5593,0.4407,1667.1666,208.3958,0.5701,0.0000,0.0000,0.0000,0.0000,0,85537
43,238,Tokyo_Large,eval,InsertionGreedy,3600,15,90,5,0.0556,0.6778,0.3222,1493.4000,298.6800,0.3876,0.0000,0.0000,0.0000,0.0000,0,116456
43,239,Tokyo_Large,eval,InsertionGreedy,3600,15,113,5,0.0442,0.5752,0.4248,2121.2000,303.0286,0.4968,0.0000,0.0000,0.0000,0.0000,0,124860
