seed,city,phase,policy_mode,n_episodes,throughput_mean,throughput_std,accept_rate_mean,accept_rate_std,latency_mean_mean,latency_mean_std,utilisation_mean,utilisation_std,actor_loss_mean,critic_loss_mean,entropy_mean
42,Tokyo_Small,train,MAPPO,50,0.0098,0.0013,0.0304,0.0014,1820.6542,109.9306,0.7505,0.0012,-0.0000,5.7522,0.5904
42,Tokyo_Medium,train,MAPPO,50,0.0023,0.0005,0.0193,0.0005,2128.6465,149.5338,0.7513,0.0007,-0.0001,8.4196,0.5987
42,Tokyo_Large,train,MAPPO,50,0.0006,0.0003,0.0170,0.0003,2415.7295,363.3250,0.7675,0.0004,-0.0001,13.7781,0.6066
42,Tokyo_Small,eval,MAPPO,15,0.0103,0.0014,0.0309,0.0016,1789.9855,111.9073,0.7507,0.0014,0.0000,0.0000,0.0000
42,Tokyo_Small,eval,Greedy,15,0.0096,0.0009,0.0302,0.0010,1776.2089,92.9402,0.7508,0.0010,0.0000,0.0000,0.0000
42,Tokyo_Small,eval,Random,15,0.0102,0.0014,0.0310,0.0014,1814.4938,111.2800,0.7521,0.0014,0.0000,0.0000,0.0000
42,Tokyo_Small,eval,InsertionGreedy,15,0.0105,0.0008,0.0312,0.0011,1709.9995,136.5793,0.7505,0.0013,0.0000,0.0000,0.0000
42,Tokyo_Medium,eval,MAPPO,15,0.0024,0.0004,0.0194,0.0005,2199.8594,116.3663,0.7516,0.0005,0.0000,0.0000,0.0000
42,Tokyo_Medium,eval,Greedy,15,0.0023,0.0004,0.0191,0.0004,2171.5396,297.3613,0.7516,0.0005,0.0000,0.0000,0.0000
42,Tokyo_Medium,eval,Random,15,0.0022,0.0004,0.0192,0.0004,2143.6240,148.7533,0.7525,0.0005,0.0000,0.0000,0.0000
42,Tokyo_Medium,eval,InsertionGreedy,15,0.0030,0.0004,0.0200,0.0004,1961.5668,157.0975,0.7517,0.0006,0.0000,0.0000,0.0000
42,Tokyo_Large,eval,MAPPO,15,0.0007,0.0003,0.0171,0.0004,2295.0078,289.4278,0.7674,0.0007,0.0000,0.0000,0.0000
42,Tokyo_Large,eval,Greedy,15,0.0007,0.0001,0.0172,0.0003,2210.2383,311.1455,0.7673,0.0005,0.0000,0.0000,0.0000
42,Tokyo_Large,eval,Random,15,0.0007,0.0004,0.0171,0.0004,2512.1985,290.8124,0.7688,0.0006,0.0000,0.0000,0.0000
42,Tokyo_Large,eval,InsertionGreedy,15,0.0013,0.0003,0.0178,0.0004,2060.8662,257.8626,0.7679,0.0010,0.0000,0.0000,0.0000
42,Tokyo_Small,train,MAPPO,50,0.0221,0.0040,0.9980,0.0016,1575.1066,201.2438,0.6891,0.0544,-0.0014,90.9263,0.5668
42,Tokyo_Small,eval,MAPPO,15,0.0223,0.0054,0.9982,0.0012,1532.8853,143.7855,0.6858,0.0386,0.0000,0.0000,0.0000
42,Tokyo_Small,eval,Greedy,15,0.0093,0.0006,0.0300,0.0007,1809.7672,106.4640,0.7508,0.0010,0.0000,0.0000,0.0000
42,Tokyo_Small,eval,Random,15,0.0099,0.0015,0.0307,0.0014,1833.5085,103.8198,0.7522,0.0013,0.0000,0.0000,0.0000
42,Tokyo_Small,eval,InsertionGreedy,15,0.0101,0.0012,0.0308,0.0015,1715.6519,132.7932,0.7499,0.0018,0.0000,0.0000,0.0000
42,Tokyo_Small,train,MAPPO,50,0.2008,0.0263,0.3608,0.0324,1227.3638,148.8548,0.6785,0.0261,-0.0000,2.3348,0.5985
42,Tokyo_Medium,train,MAPPO,50,0.1572,0.0296,0.4792,0.0375,1562.6449,144.9036,0.6247,0.0416,-0.0000,16.0956,0.6058
42,Tokyo_Large,train,MAPPO,50,0.0821,0.0276,0.6307,0.0682,1742.1453,240.7328,0.5724,0.0461,-0.0000,59.0891,0.6064
42,Tokyo_Small,eval,MAPPO,6,0.2167,0.0359,0.3842,0.0452,1195.9686,93.5025,0.6714,0.0318,0.0000,0.0000,0.0000
42,Tokyo_Small,eval,TamAlwaysAccept,6,0.2000,0.0287,0.3606,0.0342,1235.7843,115.0814,0.6693,0.0194,0.0000,0.0000,0.0000
42,Tokyo_Small,eval,Greedy,6,0.1285,0.0156,0.2909,0.0251,1623.7587,100.5350,0.7254,0.0072,0.0000,0.0000,0.0000
42,Tokyo_Small,eval,Random,6,0.1164,0.0155,0.2719,0.0293,1592.8187,85.1498,0.7223,0.0142,0.0000,0.0000,0.0000
42,Tokyo_Small,eval,InsertionGreedy,6,0.1184,0.0193,0.2832,0.0321,1425.5737,152.7550,0.7073,0.0182,0.0000,0.0000,0.0000
42,Tokyo_Medium,eval,MAPPO,6,0.1909,0.0167,0.5221,0.0601,1613.4491,221.1396,0.6403,0.0346,0.0000,0.0000,0.0000
42,Tokyo_Medium,eval,TamAlwaysAccept,6,0.1700,0.0243,0.5174,0.0519,1468.1143,93.1427,0.6059,0.0231,0.0000,0.0000,0.0000
42,Tokyo_Medium,eval,Greedy,6,0.0748,0.0073,0.3638,0.0164,2018.8359,63.8714,0.6907,0.0090,0.0000,0.0000,0.0000
42,Tokyo_Medium,eval,Random,6,0.0679,0.0147,0.4104,0.0361,2038.2767,318.4484,0.6652,0.0323,0.0000,0.0000,0.0000
42,Tokyo_Medium,eval,InsertionGreedy,6,0.0868,0.0198,0.4061,0.0426,1720.6562,296.8697,0.6435,0.0225,0.0000,0.0000,0.0000
42,Tokyo_Large,eval,MAPPO,6,0.0925,0.0245,0.6406,0.0346,1820.5021,171.5707,0.5670,0.0701,0.0000,0.0000,0.0000
42,Tokyo_Large,eval,TamAlwaysAccept,6,0.0920,0.0132,0.6616,0.0556,1517.9386,130.6566,0.5804,0.0265,0.0000,0.0000,0.0000
42,Tokyo_Large,eval,Greedy,6,0.0311,0.0089,0.5903,0.0360,1954.1471,208.6994,0.6014,0.0303,0.0000,0.0000,0.0000
42,Tokyo_Large,eval,Random,6,0.0161,0.0051,0.5861,0.0401,2023.5000,487.0712,0.6379,0.0278,0.0000,0.0000,0.0000
42,Tokyo_Large,eval,InsertionGreedy,6,0.0609,0.0263,0.6149,0.0660,1523.3428,351.2612,0.5449,0.0207,0.0000,0.0000,0.0000
43,Tokyo_Small,train,MAPPO,50,0.2062,0.0308,0.3655,0.0380,1205.8367,169.6886,0.6771,0.0267,-0.0000,2.4321,0.5868
43,Tokyo_Medium,train,MAPPO,50,0.1623,0.0297,0.4891,0.0540,1582.1782,196.7007,0.6149,0.0401,-0.0000,14.0264,0.5982
43,Tokyo_Large,train,MAPPO,50,0.0900,0.0250,0.6419,0.0606,1697.6296,223.5122,0.5708,0.0520,-0.0000,52.3522,0.6094
43,Tokyo_Small,eval,MAPPO,6,0.2025,0.0258,0.3669,0.0374,1184.8080,103.6913,0.6741,0.0235,0.0000,0.0000,0.0000
43,Tokyo_Small,eval,TamAlwaysAccept,6,0.2119,0.0300,0.3675,0.0389,1240.7014,177.1438,0.6723,0.0362,0.0000,0.0000,0.0000
43,Tokyo_Small,eval,Greedy,6,0.1132,0.0203,0.2754,0.0331,1707.1113,176.5178,0.7159,0.0056,0.0000,0.0000,0.0000
43,Tokyo_Small,eval,Random,6,0.1142,0.0182,0.2743,0.0309,1557.0912,149.3221,0.7244,0.0092,0.0000,0.0000,0.0000
43,Tokyo_Small,eval,InsertionGreedy,6,0.1256,0.0164,0.2803,0.0246,1423.2631,124.5403,0.6959,0.0317,0.0000,0.0000,0.0000
43,Tokyo_Medium,eval,MAPPO,6,0.1414,0.0196,0.4529,0.0150,1687.5454,177.7357,0.6611,0.0268,0.0000,0.0000,0.0000
43,Tokyo_Medium,eval,TamAlwaysAccept,6,0.1463,0.0269,0.4832,0.0616,1582.5966,100.1160,0.6018,0.0282,0.0000,0.0000,0.0000
43,Tokyo_Medium,eval,Greedy,6,0.0794,0.0132,0.4030,0.0425,1894.8701,157.3664,0.6697,0.0145,0.0000,0.0000,0.0000
43,Tokyo_Medium,eval,Random,6,0.0747,0.0132,0.3912,0.0307,2137.7590,115.9162,0.6881,0.0204,0.0000,0.0000,0.0000
43,Tokyo_Medium,eval,InsertionGreedy,6,0.0873,0.0160,0.4017,0.0473,1802.0814,168.5086,0.6587,0.0391,0.0000,0.0000,0.0000
43,Tokyo_Large,eval,MAPPO,6,0.1021,0.0273,0.6314,0.0551,1690.6371,179.4523,0.5733,0.0324,0.0000,0.0000,0.0000
43,Tokyo_Large,eval,TamAlwaysAccept,6,0.0783,0.0287,0.6526,0.0422,1913.4779,383.1269,0.6001,0.0387,0.0000,0.0000,0.0000
43,Tokyo_Large,eval,Greedy,6,0.0192,0.0090,0.6010,0.0486,1997.7500,358.4028,0.5604,0.0413,0.0000,0.0000,0.0000
43,Tokyo_Large,eval,Random,6,0.0314,0.0084,0.5627,0.0382,2162.8945,247.5275,0.6303,0.0449,0.0000,0.0000,0.0000
43,Tokyo_Large,eval,InsertionGreedy,6,0.0667,0.0229,0.6114,0.0420,1780.2637,216.8798,0.5132,0.0622,0.0000,0.0000,0.0000
42,Tokyo_Small,train,MAPPO,60,0.2036,0.0280,0.3640,0.0345,1212.7605,138.3900,0.6744,0.0342,0.0138,1.8269,0.3588
42,Tokyo_Medium,train,MAPPO,60,0.1565,0.0302,0.4822,0.0397,1575.5157,160.8198,0.6237,0.0491,0.0040,14.3188,0.3401
42,Kyoto_Small,train,MAPPO,60,0.2321,0.0295,0.3905,0.0374,1175.7662,126.4876,0.6817,0.0320,-0.0013,1.4817,0.3608
42,Kyoto_Medium,train,MAPPO,60,0.1536,0.0264,0.4798,0.0482,1622.2229,212.7746,0.6225,0.0396,-0.0107,9.4670,0.3367
42,LosAngeles_Small,train,MAPPO,60,0.2256,0.0335,0.3850,0.0406,1172.8822,126.5884,0.6843,0.0252,-0.0048,1.6368,0.3567
42,LosAngeles_Medium,train,MAPPO,60,0.1545,0.0294,0.4782,0.0451,1621.1344,174.7407,0.6286,0.0321,-0.0092,11.4912,0.3334
42,Tokyo_Small,eval,MAPPO,9,0.2091,0.0273,0.3677,0.0260,1237.5322,183.4166,0.6879,0.0218,0.0000,0.0000,0.0000
42,Tokyo_Small,eval,TamAlwaysAccept,9,0.2153,0.0304,0.3799,0.0362,1150.2177,106.9243,0.6777,0.0346,0.0000,0.0000,0.0000
42,Tokyo_Small,eval,Greedy,9,0.1279,0.0182,0.3024,0.0219,1580.2544,75.1567,0.7155,0.0118,0.0000,0.0000,0.0000
42,Tokyo_Small,eval,Random,9,0.1193,0.0111,0.2746,0.0160,1605.5339,110.5835,0.7203,0.0135,0.0000,0.0000,0.0000
42,Tokyo_Small,eval,InsertionGreedy,9,0.1358,0.0202,0.3013,0.0270,1434.2856,170.8774,0.7054,0.0229,0.0000,0.0000,0.0000
42,Tokyo_Medium,eval,MAPPO,9,0.1500,0.0165,0.4751,0.0178,1603.6671,99.7183,0.6246,0.0214,0.0000,0.0000,0.0000
42,Tokyo_Medium,eval,TamAlwaysAccept,9,0.1558,0.0265,0.4828,0.0499,1518.0963,154.3413,0.6017,0.0253,0.0000,0.0000,0.0000
42,Tokyo_Medium,eval,Greedy,9,0.0836,0.0200,0.4251,0.0591,2013.2402,196.3603,0.6747,0.0237,0.0000,0.0000,0.0000
42,Tokyo_Medium,eval,Random,9,0.0802,0.0150,0.4003,0.0249,1976.8179,221.1434,0.6865,0.0211,0.0000,0.0000,0.0000
42,Tokyo_Medium,eval,InsertionGreedy,9,0.0802,0.0197,0.3932,0.0409,1728.3209,311.5173,0.6472,0.0475,0.0000,0.0000,0.0000
42,Kyoto_Small,eval,MAPPO,9,0.2174,0.0166,0.3691,0.0200,1237.3635,102.7702,0.6919,0.0242,0.0000,0.0000,0.0000
42,Kyoto_Small,eval,TamAlwaysAccept,9,0.2457,0.0320,0.4048,0.0390,1200.9563,134.9738,0.6972,0.0237,0.0000,0.0000,0.0000
42,Kyoto_Small,eval,Greedy,9,0.1431,0.0161,0.3086,0.0295,1590.9860,65.6552,0.7220,0.0121,0.0000,0.0000,0.0000
42,Kyoto_Small,eval,Random,9,0.1321,0.0169,0.2851,0.0180,1536.2764,112.8368,0.7223,0.0138,0.0000,0.0000,0.0000
42,Kyoto_Small,eval,InsertionGreedy,9,0.1429,0.0164,0.3077,0.0262,1366.0215,175.3455,0.7049,0.0247,0.0000,0.0000,0.0000
42,Kyoto_Medium,eval,MAPPO,9,0.1599,0.0220,0.5018,0.0448,1502.7231,243.6727,0.5894,0.0538,0.0000,0.0000,0.0000
42,Kyoto_Medium,eval,TamAlwaysAccept,9,0.1763,0.0419,0.4980,0.0571,1610.2129,132.2867,0.6293,0.0230,0.0000,0.0000,0.0000
42,Kyoto_Medium,eval,Greedy,9,0.0858,0.0195,0.3939,0.0422,1892.0493,87.6416,0.6800,0.0227,0.0000,0.0000,0.0000
42,Kyoto_Medium,eval,Random,9,0.0960,0.0109,0.4292,0.0305,1888.5725,84.1508,0.6699,0.0192,0.0000,0.0000,0.0000
42,Kyoto_Medium,eval,InsertionGreedy,9,0.1097,0.0176,0.4405,0.0419,1533.8710,250.7555,0.6443,0.0369,0.0000,0.0000,0.0000
42,LosAngeles_Small,eval,MAPPO,9,0.2240,0.0305,0.3809,0.0356,1206.6731,165.4984,0.6865,0.0228,0.0000,0.0000,0.0000
42,LosAngeles_Small,eval,TamAlwaysAccept,9,0.2284,0.0256,0.3834,0.0318,1048.7521,105.9783,0.6833,0.0240,0.0000,0.0000,0.0000
42,LosAngeles_Small,eval,Greedy,9,0.1415,0.0195,0.3133,0.0238,1579.7887,104.2363,0.7197,0.0113,0.0000,0.0000,0.0000
42,LosAngeles_Small,eval,Random,9,0.1392,0.0185,0.2981,0.0278,1546.5546,74.7490,0.7325,0.0086,0.0000,0.0000,0.0000
42,LosAngeles_Small,eval,InsertionGreedy,9,0.1377,0.0211,0.2989,0.0294,1466.6725,151.2297,0.7060,0.0221,0.0000,0.0000,0.0000
42,LosAngeles_Medium,eval,MAPPO,9,0.1604,0.0200,0.4688,0.0289,1637.3060,132.1535,0.6438,0.0424,0.0000,0.0000,0.0000
42,LosAngeles_Medium,eval,TamAlwaysAccept,9,0.1668,0.0291,0.5052,0.0455,1554.4318,99.0591,0.6111,0.0412,0.0000,0.0000,0.0000
42,LosAngeles_Medium,eval,Greedy,9,0.0853,0.0131,0.4104,0.0490,1960.3123,215.2092,0.6775,0.0180,0.0000,0.0000,0.0000
42,LosAngeles_Medium,eval,Random,9,0.0934,0.0238,0.4256,0.0319,1927.9481,137.8931,0.6922,0.0174,0.0000,0.0000,0.0000
42,LosAngeles_Medium,eval,InsertionGreedy,9,0.0985,0.0204,0.4184,0.0418,1676.4098,319.2536,0.6585,0.0251,0.0000,0.0000,0.0000
42,Tokyo_Large,generalize,MAPPO,3,0.0603,0.0206,0.5925,0.0171,1612.1500,52.8762,0.5468,0.0582,0.0000,0.0000,0.0000
42,Tokyo_Large,generalize,TamAlwaysAccept,3,0.0794,0.0172,0.5637,0.0110,1712.2975,189.2845,0.6126,0.0369,0.0000,0.0000,0.0000
42,Tokyo_Large,generalize,InsertionGreedy,3,0.0542,0.0174,0.6242,0.0753,1478.6416,177.3067,0.5460,0.0210,0.0000,0.0000,0.0000
42,Fukuoka,generalize,MAPPO,3,0.0773,0.0385,0.6168,0.0349,1596.1693,242.4062,0.5509,0.0300,0.0000,0.0000,0.0000
42,Fukuoka,generalize,TamAlwaysAccept,3,0.1216,0.0208,0.6589,0.0365,1661.6078,16.8113,0.6039,0.0285,0.0000,0.0000,0.0000
42,Fukuoka,generalize,InsertionGreedy,3,0.0713,0.0141,0.6348,0.0618,1589.9048,128.5749,0.5678,0.0446,0.0000,0.0000,0.0000
42,NewYork,generalize,MAPPO,3,0.0815,0.0502,0.5915,0.0769,1815.8170,389.5164,0.5884,0.0526,0.0000,0.0000,0.0000
42,NewYork,generalize,TamAlwaysAccept,3,0.0839,0.0112,0.5995,0.0559,1853.0814,321.2396,0.6171,0.0244,0.0000,0.0000,0.0000
42,NewYork,generalize,InsertionGreedy,3,0.0763,0.0266,0.6395,0.0178,1542.4784,77.2815,0.5523,0.0486,0.0000,0.0000,0.0000
42,Paris,generalize,MAPPO,3,0.1861,0.0637,0.5258,0.0912,1637.2152,340.7715,0.6374,0.0426,0.0000,0.0000,0.0000
42,Paris,generalize,TamAlwaysAccept,3,0.1495,0.0380,0.4766,0.0565,1547.1776,208.0637,0.6327,0.0360,0.0000,0.0000,0.0000
42,Paris,generalize,InsertionGreedy,3,0.0859,0.0259,0.4217,0.0557,1474.8888,177.4537,0.6466,0.0232,0.0000,0.0000,0.0000
42,London,generalize,MAPPO,3,0.1262,0.0496,0.6818,0.0462,1841.5729,245.2133,0.6319,0.0224,0.0000,0.0000,0.0000
42,London,generalize,TamAlwaysAccept,3,0.1688,0.0212,0.7330,0.0398,1634.5074,46.8702,0.5996,0.0084,0.0000,0.0000,0.0000
42,London,generalize,InsertionGreedy,3,0.0792,0.0134,0.6483,0.0358,1397.7858,117.8585,0.5402,0.0231,0.0000,0.0000,0.0000
42,Tokyo_Small,train,MAPPER,60,0.4112,0.0732,0.9482,0.0237,905.5734,118.9963,0.3639,0.1231,0.9658,0.0208,283.5922,38.1103,0.0034,11.8678,0.6521
42,Tokyo_Small,train,FaithfulMAPPER,60,0.4127,0.0687,0.9367,0.0263,925.4414,125.8233,0.3532,0.1135,0.9681,0.0193,289.3212,40.6548,-0.0050,10.9993,0.6659
42,Tokyo_Medium,train,MAPPER,60,0.3953,0.0994,0.8921,0.0466,1339.8865,181.2200,0.3152,0.1111,0.9172,0.0505,501.5919,62.8984,-0.0066,18.8047,0.6481
42,Tokyo_Medium,train,FaithfulMAPPER,60,0.3998,0.0864,0.8852,0.0470,1286.1079,121.7855,0.2883,0.0847,0.9222,0.0380,486.4746,71.1954,0.0014,20.1537,0.6638
42,Kyoto_Small,train,MAPPER,60,0.4538,0.0950,0.9595,0.0201,861.8060,104.2757,0.3167,0.1146,0.9699,0.0175,275.9838,34.4144,0.0023,11.2013,0.6499
42,Kyoto_Small,train,FaithfulMAPPER,60,0.4430,0.0713,0.9616,0.0207,873.2526,124.2856,0.3188,0.1012,0.9704,0.0188,271.0304,34.6554,0.0012,11.6804,0.6650
42,Kyoto_Medium,train,MAPPER,60,0.3542,0.1032,0.9130,0.0314,1401.6790,226.5390,0.3521,0.0889,0.9285,0.0313,506.0040,107.5396,0.0041,24.6808,0.6484
42,Kyoto_Medium,train,FaithfulMAPPER,60,0.3413,0.0924,0.8905,0.0513,1347.1204,150.2843,0.3077,0.1020,0.9166,0.0371,501.2704,72.6819,0.0003,27.0811,0.6631
42,LosAngeles_Small,train,MAPPER,60,0.3921,0.0942,0.9552,0.0207,910.6732,128.7299,0.2569,0.1179,0.9632,0.0260,281.6138,41.6317,-0.0009,14.6512,0.6466
42,LosAngeles_Small,train,FaithfulMAPPER,60,0.3840,0.0925,0.9505,0.0221,873.2720,127.9109,0.2516,0.1326,0.9689,0.0183,274.1317,36.1011,0.0060,14.9603,0.6630
42,LosAngeles_Medium,train,MAPPER,60,0.3514,0.0854,0.8891,0.0373,1396.1519,144.6147,0.3348,0.0845,0.9297,0.0313,528.7472,76.0624,0.0007,23.3986,0.6449
42,LosAngeles_Medium,train,FaithfulMAPPER,60,0.3568,0.0814,0.8913,0.0410,1387.9994,167.5944,0.3262,0.1012,0.9102,0.0402,526.6066,65.9746,0.0003,24.0799,0.6616
42,Tokyo_Small,eval,MAPPO,5,0.4011,0.0967,0.9237,0.0308,894.1653,205.3695,0.5358,0.0196,0.9528,0.0236,269.1585,12.2429,0.0000,0.0000,0.0000
42,Tokyo_Small,eval,MAPPER,5,0.4346,0.0238,0.9441,0.0154,868.0970,99.0627,0.4680,0.0521,0.9554,0.0220,283.9639,37.3385,0.0000,0.0000,0.0000
42,Tokyo_Small,eval,FaithfulMAPPER,5,0.5053,0.0858,0.9573,0.0149,807.8808,134.6665,0.4525,0.1028,0.9736,0.0098,267.9772,54.9457,0.0000,0.0000,0.0000
42,Tokyo_Small,eval,TamAlwaysAccept,5,0.4504,0.0704,0.9451,0.0164,967.1602,134.8424,0.4067,0.0058,0.9779,0.0108,301.7777,36.4289,0.0000,0.0000,0.0000
42,Tokyo_Medium,eval,MAPPO,5,0.1732,0.0889,0.8217,0.0472,1715.2461,162.8112,0.3130,0.1324,0.8325,0.0776,524.9420,60.7193,0.0000,0.0000,0.0000
42,Tokyo_Medium,eval,MAPPER,5,0.4013,0.1016,0.9106,0.0264,1415.4117,224.4077,0.4017,0.0738,0.9284,0.0388,496.8019,83.8219,0.0000,0.0000,0.0000
42,Tokyo_Medium,eval,FaithfulMAPPER,5,0.4572,0.0731,0.8937,0.0655,1390.7566,169.0946,0.4300,0.0611,0.9368,0.0233,507.6519,49.6143,0.0000,0.0000,0.0000
42,Tokyo_Medium,eval,TamAlwaysAccept,5,0.4418,0.1021,0.9034,0.0273,1314.4060,126.0217,0.3843,0.0791,0.9271,0.0241,486.5921,40.9341,0.0000,0.0000,0.0000
42,Kyoto_Small,eval,MAPPO,5,0.4267,0.1331,0.9364,0.0355,788.6872,70.3345,0.5108,0.0718,0.9494,0.0173,262.3037,8.3246,0.0000,0.0000,0.0000
42,Kyoto_Small,eval,MAPPER,5,0.3824,0.0763,0.9546,0.0165,978.3742,198.4509,0.4097,0.0594,0.9618,0.0179,283.5828,41.5734,0.0000,0.0000,0.0000
42,Kyoto_Small,eval,FaithfulMAPPER,5,0.4621,0.0871,0.9597,0.0207,787.8175,52.0073,0.4423,0.0936,0.9651,0.0143,267.0710,27.7335,0.0000,0.0000,0.0000
42,Kyoto_Small,eval,TamAlwaysAccept,5,0.4326,0.0734,0.9745,0.0122,822.0336,86.4320,0.3795,0.0774,0.9697,0.0195,270.1428,12.7700,0.0000,0.0000,0.0000
42,Kyoto_Medium,eval,MAPPO,5,0.0582,0.0298,0.8309,0.0236,1734.3750,293.1967,0.1342,0.0450,0.8365,0.0250,547.0333,318.3710,0.0000,0.0000,0.0000
42,Kyoto_Medium,eval,MAPPER,5,0.1121,0.0514,0.8896,0.0308,1722.2086,287.9831,0.2712,0.0935,0.8709,0.0400,492.7431,55.5640,0.0000,0.0000,0.0000
42,Kyoto_Medium,eval,FaithfulMAPPER,5,0.2579,0.0451,0.9006,0.0345,1344.1486,172.7510,0.4256,0.0955,0.9159,0.0435,447.9152,66.4549,0.0000,0.0000,0.0000
42,Kyoto_Medium,eval,TamAlwaysAccept,5,0.3178,0.0941,0.8835,0.0677,1356.0150,261.1907,0.4440,0.0226,0.9205,0.0318,541.4994,137.0333,0.0000,0.0000,0.0000
42,LosAngeles_Small,eval,MAPPO,5,0.2919,0.1077,0.9459,0.0212,992.8893,175.5755,0.4297,0.1094,0.9513,0.0362,272.7094,26.9147,0.0000,0.0000,0.0000
42,LosAngeles_Small,eval,MAPPER,5,0.4570,0.0513,0.9543,0.0186,905.9899,98.9139,0.4579,0.1077,0.9667,0.0168,265.8362,9.4820,0.0000,0.0000,0.0000
42,LosAngeles_Small,eval,FaithfulMAPPER,5,0.4516,0.0737,0.9529,0.0129,852.1464,96.5541,0.4338,0.0387,0.9607,0.0201,268.5277,31.4557,0.0000,0.0000,0.0000
42,LosAngeles_Small,eval,TamAlwaysAccept,5,0.4602,0.0388,0.9408,0.0170,864.7656,98.5347,0.4829,0.0642,0.9774,0.0114,276.2991,22.2403,0.0000,0.0000,0.0000
42,LosAngeles_Medium,eval,MAPPO,5,0.2475,0.0777,0.9068,0.0424,1639.5986,201.4008,0.3982,0.0693,0.9017,0.0362,537.1434,22.4451,0.0000,0.0000,0.0000
42,LosAngeles_Medium,eval,MAPPER,5,0.3395,0.0241,0.8898,0.0345,1458.1814,147.7496,0.3742,0.0707,0.9237,0.0375,582.8625,13.0486,0.0000,0.0000,0.0000
42,LosAngeles_Medium,eval,FaithfulMAPPER,5,0.4392,0.0888,0.9046,0.0378,1323.4225,300.3256,0.3621,0.0426,0.9532,0.0171,497.4593,81.3829,0.0000,0.0000,0.0000
42,LosAngeles_Medium,eval,TamAlwaysAccept,5,0.4016,0.0326,0.8561,0.0353,1419.6084,65.1047,0.4211,0.0792,0.9023,0.0417,543.9619,70.7534,0.0000,0.0000,0.0000
42,Tokyo_Small,stress,MAPPO,5,0.3620,0.0535,0.9490,0.0180,1020.2160,154.5574,0.2726,0.0570,0.9605,0.0129,291.5965,22.3981,0.0000,0.0000,0.0000
42,Tokyo_Small,stress,MAPPER,5,0.3849,0.0532,0.9515,0.0231,956.4774,160.6932,0.3428,0.0394,0.9681,0.0122,315.3762,44.7580,0.0000,0.0000,0.0000
42,Tokyo_Small,stress,FaithfulMAPPER,5,0.4722,0.0846,0.9413,0.0341,842.3802,108.3962,0.3238,0.0403,0.9749,0.0119,292.6281,29.3218,0.0000,0.0000,0.0000
42,Tokyo_Small,stress,TamAlwaysAccept,5,0.4230,0.1013,0.9475,0.0351,922.2754,92.7280,0.2815,0.0252,0.9689,0.0093,304.3527,31.3043,0.0000,0.0000,0.0000
42,Tokyo_Medium,stress,MAPPO,5,0.4941,0.0710,0.9072,0.0203,1189.7073,118.8627,0.2392,0.0623,0.9074,0.0182,490.8754,54.2306,0.0000,0.0000,0.0000
42,Tokyo_Medium,stress,MAPPER,5,0.4221,0.1017,0.8927,0.0385,1335.8708,206.0695,0.2445,0.0413,0.9418,0.0242,522.0151,43.1860,0.0000,0.0000,0.0000
42,Tokyo_Medium,stress,FaithfulMAPPER,5,0.4265,0.0709,0.8840,0.0323,1302.5787,160.5263,0.2172,0.0707,0.9202,0.0671,516.9741,43.7321,0.0000,0.0000,0.0000
42,Tokyo_Medium,stress,TamAlwaysAccept,5,0.4766,0.0818,0.8857,0.0259,1255.8368,107.1813,0.1708,0.0696,0.9153,0.0339,465.4203,41.9745,0.0000,0.0000,0.0000
42,Kyoto_Small,stress,MAPPO,5,0.4905,0.0647,0.9521,0.0175,826.8293,53.3810,0.2054,0.0716,0.9697,0.0209,267.7995,36.7428,0.0000,0.0000,0.0000
42,Kyoto_Small,stress,MAPPER,5,0.4271,0.0926,0.9585,0.0135,891.2728,29.6335,0.2924,0.1004,0.9631,0.0249,282.8619,19.9322,0.0000,0.0000,0.0000
42,Kyoto_Small,stress,FaithfulMAPPER,5,0.4213,0.0636,0.9661,0.0158,927.1838,178.1119,0.1687,0.0350,0.9790,0.0152,266.4874,39.2830,0.0000,0.0000,0.0000
42,Kyoto_Small,stress,TamAlwaysAccept,5,0.4789,0.0419,0.9464,0.0280,830.1754,51.1482,0.1711,0.0561,0.9680,0.0233,280.8185,49.6750,0.0000,0.0000,0.0000
42,Kyoto_Medium,stress,MAPPO,5,0.3229,0.0545,0.8892,0.0337,1344.4758,130.0943,0.3312,0.0355,0.9007,0.0258,490.8801,64.0152,0.0000,0.0000,0.0000
42,Kyoto_Medium,stress,MAPPER,5,0.3017,0.0666,0.8998,0.0237,1355.3965,59.2068,0.3127,0.0301,0.9452,0.0139,498.0252,15.5771,0.0000,0.0000,0.0000
42,Kyoto_Medium,stress,FaithfulMAPPER,5,0.3188,0.0731,0.9283,0.0454,1459.5345,96.5187,0.2658,0.0390,0.9156,0.0237,576.4904,47.1593,0.0000,0.0000,0.0000
42,Kyoto_Medium,stress,TamAlwaysAccept,5,0.3922,0.0522,0.9209,0.0235,1334.7256,130.9895,0.2624,0.0324,0.9305,0.0177,453.4551,50.5982,0.0000,0.0000,0.0000
42,LosAngeles_Small,stress,MAPPO,5,0.4432,0.0551,0.9440,0.0265,933.4459,80.5146,0.2849,0.0742,0.9701,0.0176,285.7548,13.5873,0.0000,0.0000,0.0000
42,LosAngeles_Small,stress,MAPPER,5,0.3853,0.0747,0.9451,0.0271,843.4987,60.2382,0.2958,0.0813,0.9543,0.0178,281.2205,34.1921,0.0000,0.0000,0.0000
42,LosAngeles_Small,stress,FaithfulMAPPER,5,0.3799,0.0332,0.9544,0.0186,970.7441,97.5288,0.2632,0.0659,0.9668,0.0297,291.2583,25.8214,0.0000,0.0000,0.0000
42,LosAngeles_Small,stress,TamAlwaysAccept,5,0.3930,0.0497,0.9598,0.0218,821.3175,59.2771,0.2684,0.0327,0.9688,0.0150,288.5004,17.6422,0.0000,0.0000,0.0000
42,LosAngeles_Medium,stress,MAPPO,5,0.4367,0.0581,0.8479,0.0691,1390.5837,160.2459,0.1995,0.0535,0.9164,0.0342,590.3388,71.7826,0.0000,0.0000,0.0000
42,LosAngeles_Medium,stress,MAPPER,5,0.4132,0.0654,0.9126,0.0199,1253.8334,125.1363,0.2483,0.0362,0.9410,0.0205,469.9293,36.1821,0.0000,0.0000,0.0000
42,LosAngeles_Medium,stress,FaithfulMAPPER,5,0.3561,0.0270,0.9145,0.0385,1361.9713,182.3276,0.1908,0.0760,0.9213,0.0464,466.8090,49.9067,0.0000,0.0000,0.0000
42,LosAngeles_Medium,stress,TamAlwaysAccept,5,0.4489,0.0719,0.8950,0.0107,1336.7767,109.3654,0.2733,0.0610,0.9381,0.0298,552.9886,61.0467,0.0000,0.0000,0.0000
42,Tokyo_Large,generalize,MAPPO,5,0.1087,0.0319,0.6871,0.1198,1718.1608,298.2691,0.2362,0.0691,0.7148,0.0809,771.5834,86.0381,0.0000,0.0000,0.0000
42,Tokyo_Large,generalize,MAPPER,5,0.1445,0.0578,0.7474,0.0242,1927.8867,328.0182,0.3079,0.0739,0.7646,0.0608,777.1389,270.1378,0.0000,0.0000,0.0000
42,Tokyo_Large,generalize,FaithfulMAPPER,5,0.2266,0.0771,0.7242,0.1075,1715.1970,117.7887,0.3213,0.0850,0.7444,0.0925,757.8168,64.4989,0.0000,0.0000,0.0000
42,Tokyo_Large,generalize,TamAlwaysAccept,5,0.2636,0.0593,0.7787,0.0519,1728.3982,168.1992,0.2894,0.0305,0.8543,0.0347,655.8993,151.4756,0.0000,0.0000,0.0000
42,Fukuoka,generalize,MAPPO,5,0.1392,0.0909,0.7993,0.1011,1650.7598,364.5939,0.2766,0.1206,0.8159,0.0810,520.6198,111.4664,0.0000,0.0000,0.0000
42,Fukuoka,generalize,MAPPER,5,0.3042,0.0332,0.8684,0.0423,1711.7438,96.6598,0.4007,0.0523,0.8600,0.0169,701.9354,108.2121,0.0000,0.0000,0.0000
42,Fukuoka,generalize,FaithfulMAPPER,5,0.3893,0.1070,0.8653,0.0545,1606.2543,248.5974,0.3642,0.0457,0.9039,0.0505,632.1517,100.4137,0.0000,0.0000,0.0000
42,Fukuoka,generalize,TamAlwaysAccept,5,0.4105,0.0916,0.8909,0.0471,1399.8311,86.1396,0.3609,0.0511,0.8893,0.0192,578.3192,97.5609,0.0000,0.0000,0.0000
42,NewYork,generalize,MAPPO,5,0.0842,0.0508,0.6755,0.0859,1621.7279,349.2299,0.2369,0.0588,0.7486,0.1136,620.0365,149.0287,0.0000,0.0000,0.0000
42,NewYork,generalize,MAPPER,5,0.2326,0.1096,0.8190,0.0565,1845.2031,156.3993,0.3978,0.0829,0.8224,0.0683,700.4412,109.7902,0.0000,0.0000,0.0000
42,NewYork,generalize,FaithfulMAPPER,5,0.2352,0.0309,0.8023,0.0546,1618.1920,236.8425,0.3861,0.0265,0.8428,0.0318,628.2932,89.0561,0.0000,0.0000,0.0000
42,NewYork,generalize,TamAlwaysAccept,5,0.4007,0.0360,0.8201,0.0893,1446.7234,95.3582,0.4171,0.0474,0.8732,0.0447,618.8016,38.1124,0.0000,0.0000,0.0000
42,Paris,generalize,MAPPO,5,0.3709,0.0791,0.9162,0.0412,1244.1824,168.7440,0.4272,0.0246,0.9215,0.0352,460.6086,66.8204,0.0000,0.0000,0.0000
42,Paris,generalize,MAPPER,5,0.4198,0.1065,0.8847,0.0085,1262.0853,89.3205,0.4191,0.0653,0.9101,0.0194,546.7450,44.3838,0.0000,0.0000,0.0000
42,Paris,generalize,FaithfulMAPPER,5,0.4373,0.0712,0.9076,0.0442,1277.9111,55.5219,0.3767,0.0784,0.9375,0.0047,477.0504,33.0812,0.0000,0.0000,0.0000
42,Paris,generalize,TamAlwaysAccept,5,0.4471,0.0574,0.8790,0.0462,1317.1721,167.4779,0.4075,0.0503,0.9254,0.0349,518.0128,64.9028,0.0000,0.0000,0.0000
42,London,generalize,MAPPO,5,0.1417,0.0256,0.8930,0.0204,1818.3317,235.3256,0.2885,0.0864,0.8415,0.0270,794.8076,104.0253,0.0000,0.0000,0.0000
42,London,generalize,MAPPER,5,0.2989,0.0511,0.8774,0.0421,1631.6206,203.8823,0.3943,0.0322,0.8686,0.0580,680.4368,117.7026,0.0000,0.0000,0.0000
42,London,generalize,FaithfulMAPPER,5,0.3829,0.0858,0.9529,0.0323,1593.6902,159.9923,0.3337,0.0591,0.8628,0.0606,645.8336,109.9872,0.0000,0.0000,0.0000
42,London,generalize,TamAlwaysAccept,5,0.4382,0.0316,0.9310,0.0487,1515.9360,151.6740,0.3723,0.0526,0.9123,0.0296,648.6871,76.8594,0.0000,0.0000,0.0000
42,Tokyo_Small,eval,MAPPO,5,0.4190,0.0931,0.9242,0.0266,959.2115,249.3546,0.5121,0.0675,0.9563,0.0185,278.0003,17.5408,0.0000,0.0000,0.0000
42,Tokyo_Small,eval,MAPPER,5,0.4345,0.0717,0.9373,0.0187,928.3815,44.7580,0.4487,0.0632,0.9607,0.0229,301.6150,19.8414,0.0000,0.0000,0.0000
42,Tokyo_Small,eval,FaithfulMAPPER,5,0.4597,0.0940,0.9508,0.0161,882.1829,96.4179,0.4302,0.1041,0.9715,0.0228,256.5176,36.7398,0.0000,0.0000,0.0000
42,Tokyo_Small,eval,Hybrid,5,0.4590,0.0654,0.9481,0.0201,990.9893,90.5882,0.3957,0.0172,0.9753,0.0213,314.4060,50.2928,0.0948,0.0000,0.0000
42,Tokyo_Small,eval,TamAlwaysAccept,5,0.4675,0.0389,0.9557,0.0223,885.4347,74.3096,0.3882,0.0936,0.9673,0.0136,281.2016,23.8840,0.0000,0.0000,0.0000
42,Tokyo_Medium,eval,MAPPO,5,0.1677,0.0873,0.8217,0.0472,1681.3538,134.0469,0.2966,0.1236,0.8283,0.0744,523.2203,62.6707,0.0000,0.0000,0.0000
42,Tokyo_Medium,eval,MAPPER,5,0.3665,0.1287,0.8993,0.0376,1496.7363,235.2023,0.4884,0.0824,0.9104,0.0482,528.9099,99.0634,0.0000,0.0000,0.0000
42,Tokyo_Medium,eval,FaithfulMAPPER,5,0.3485,0.0209,0.8878,0.0504,1472.9703,153.7578,0.4163,0.0446,0.9193,0.0189,507.6745,33.2954,0.0000,0.0000,0.0000
42,Tokyo_Medium,eval,Hybrid,5,0.3981,0.0390,0.8791,0.0455,1286.4050,66.3039,0.3571,0.0670,0.9230,0.0352,468.9322,21.5627,0.2500,0.0000,0.0000
42,Tokyo_Medium,eval,TamAlwaysAccept,5,0.4850,0.0989,0.9039,0.0188,1235.1776,86.9085,0.3572,0.0758,0.9077,0.0262,455.7713,20.2316,0.0000,0.0000,0.0000
42,Kyoto_Small,eval,MAPPO,5,0.3620,0.1204,0.9244,0.0344,815.8733,90.1372,0.4344,0.0382,0.9419,0.0070,272.3932,47.4801,0.0000,0.0000,0.0000
42,Kyoto_Small,eval,MAPPER,5,0.4812,0.0590,0.9655,0.0176,934.9172,97.0876,0.4606,0.0739,0.9634,0.0163,285.2327,47.8458,0.0000,0.0000,0.0000
42,Kyoto_Small,eval,FaithfulMAPPER,5,0.4794,0.0381,0.9582,0.0216,907.4058,66.9210,0.4191,0.0660,0.9677,0.0164,287.5289,22.0434,0.0000,0.0000,0.0000
42,Kyoto_Small,eval,Hybrid,5,0.4896,0.0546,0.9764,0.0138,848.6393,103.5033,0.4177,0.0713,0.9741,0.0161,287.7070,35.9050,0.0956,0.0000,0.0000
42,Kyoto_Small,eval,TamAlwaysAccept,5,0.5168,0.0672,0.9638,0.0206,802.3763,49.0664,0.3997,0.0716,0.9698,0.0179,258.4832,18.2901,0.0000,0.0000,0.0000
42,Kyoto_Medium,eval,MAPPO,5,0.0511,0.0237,0.8309,0.0236,1624.5200,288.3647,0.1226,0.0452,0.8335,0.0205,561.7500,310.0607,0.0000,0.0000,0.0000
42,Kyoto_Medium,eval,MAPPER,5,0.1626,0.0252,0.9086,0.0158,1568.0125,219.2376,0.3073,0.0861,0.9068,0.0182,485.4510,118.9643,0.0000,0.0000,0.0000
42,Kyoto_Medium,eval,FaithfulMAPPER,5,0.1992,0.0253,0.8954,0.0429,1592.2922,355.1919,0.4265,0.1099,0.9095,0.0494,475.5932,50.0156,0.0000,0.0000,0.0000
42,Kyoto_Medium,eval,Hybrid,5,0.3131,0.0615,0.8782,0.0583,1316.2654,184.9455,0.4551,0.0632,0.9212,0.0196,545.2074,101.0458,0.3866,0.0000,0.0000
42,Kyoto_Medium,eval,TamAlwaysAccept,5,0.3277,0.0849,0.8946,0.0321,1319.5742,112.5243,0.4342,0.0823,0.8989,0.0252,482.3026,47.5325,0.0000,0.0000,0.0000
42,LosAngeles_Small,eval,MAPPO,5,0.2710,0.0932,0.9474,0.0215,1005.1752,149.8700,0.3769,0.0857,0.9456,0.0361,277.0648,46.4492,0.0000,0.0000,0.0000
42,LosAngeles_Small,eval,MAPPER,5,0.4129,0.0460,0.9528,0.0169,988.9724,88.2233,0.4440,0.0465,0.9640,0.0217,296.2059,48.2875,0.0000,0.0000,0.0000
42,LosAngeles_Small,eval,FaithfulMAPPER,5,0.5101,0.0699,0.9603,0.0145,811.7986,94.2400,0.4313,0.0420,0.9523,0.0273,261.0791,29.1800,0.0000,0.0000,0.0000
42,LosAngeles_Small,eval,Hybrid,5,0.4371,0.0430,0.9498,0.0164,806.5938,116.5739,0.4280,0.0749,0.9781,0.0115,264.3520,37.6792,0.1258,0.0000,0.0000
42,LosAngeles_Small,eval,TamAlwaysAccept,5,0.4239,0.0870,0.9408,0.0268,980.8279,105.9802,0.3315,0.0960,0.9688,0.0096,311.7455,36.1092,0.0000,0.0000,0.0000
42,LosAngeles_Medium,eval,MAPPO,5,0.2406,0.0817,0.9068,0.0424,1618.4958,208.5413,0.4074,0.0979,0.9039,0.0289,513.2557,35.6920,0.0000,0.0000,0.0000
42,LosAngeles_Medium,eval,MAPPER,5,0.3403,0.0843,0.9063,0.0445,1421.8547,118.4261,0.3326,0.0616,0.9178,0.0352,523.3114,40.3336,0.0000,0.0000,0.0000
42,LosAngeles_Medium,eval,FaithfulMAPPER,5,0.3992,0.0942,0.9153,0.0461,1305.7692,151.5799,0.3026,0.0753,0.9329,0.0310,494.2351,65.0563,0.0000,0.0000,0.0000
42,LosAngeles_Medium,eval,Hybrid,5,0.4498,0.0721,0.8821,0.0213,1282.6798,96.7370,0.3784,0.0588,0.9251,0.0202,521.7422,39.2155,0.0323,0.0000,0.0000
42,LosAngeles_Medium,eval,TamAlwaysAccept,5,0.4890,0.0594,0.8479,0.0513,1292.1781,167.9319,0.4662,0.0295,0.9296,0.0337,508.1863,45.0605,0.0000,0.0000,0.0000
42,Tokyo_Small,stress,MAPPO,5,0.4818,0.0589,0.9470,0.0294,885.6602,92.3364,0.3215,0.0203,0.9745,0.0165,299.0479,30.0128,0.0000,0.0000,0.0000
42,Tokyo_Small,stress,MAPPER,5,0.4604,0.0877,0.9363,0.0307,834.9618,98.2474,0.3264,0.0961,0.9767,0.0063,281.9937,23.1180,0.0000,0.0000,0.0000
42,Tokyo_Small,stress,FaithfulMAPPER,5,0.4564,0.0448,0.9585,0.0244,1001.5535,68.8394,0.3109,0.0547,0.9642,0.0082,325.0392,37.0468,0.0000,0.0000,0.0000
42,Tokyo_Small,stress,Hybrid,5,0.4668,0.0759,0.9545,0.0102,919.3485,179.6077,0.3055,0.0607,0.9550,0.0293,303.1591,27.5172,0.0604,0.0000,0.0000
42,Tokyo_Small,stress,TamAlwaysAccept,5,0.4033,0.0975,0.9275,0.0240,929.9994,146.2463,0.2819,0.0520,0.9678,0.0242,309.5560,66.2868,0.0000,0.0000,0.0000
42,Tokyo_Medium,stress,MAPPO,5,0.4513,0.0872,0.8880,0.0536,1355.7365,86.6671,0.3026,0.0306,0.9328,0.0174,502.5881,37.3005,0.0000,0.0000,0.0000
42,Tokyo_Medium,stress,MAPPER,5,0.4238,0.0392,0.8976,0.0286,1364.3330,171.1542,0.2437,0.0940,0.9342,0.0496,545.0127,50.2024,0.0000,0.0000,0.0000
42,Tokyo_Medium,stress,FaithfulMAPPER,5,0.4169,0.0707,0.8903,0.0381,1262.0691,129.8745,0.1554,0.0681,0.9256,0.0226,484.2113,53.8212,0.0000,0.0000,0.0000
42,Tokyo_Medium,stress,Hybrid,5,0.4676,0.0305,0.9220,0.0471,1169.5009,118.5238,0.2431,0.0563,0.9336,0.0265,492.9420,45.7104,0.0158,0.0000,0.0000
42,Tokyo_Medium,stress,TamAlwaysAccept,5,0.5687,0.1337,0.9097,0.0353,1179.5851,131.1416,0.2323,0.0599,0.9477,0.0394,413.1307,43.0307,0.0000,0.0000,0.0000
42,Kyoto_Small,stress,MAPPO,5,0.4311,0.0433,0.9655,0.0158,858.6682,50.5366,0.2775,0.0407,0.9661,0.0211,275.3423,12.3605,0.0000,0.0000,0.0000
42,Kyoto_Small,stress,MAPPER,5,0.5030,0.0412,0.9648,0.0111,879.5905,61.9900,0.2832,0.0514,0.9668,0.0170,274.4957,9.5879,0.0000,0.0000,0.0000
42,Kyoto_Small,stress,FaithfulMAPPER,5,0.4669,0.0981,0.9457,0.0302,857.0934,76.4734,0.2756,0.0550,0.9616,0.0237,277.0882,41.2614,0.0000,0.0000,0.0000
42,Kyoto_Small,stress,Hybrid,5,0.5622,0.0356,0.9705,0.0077,772.8840,51.6642,0.2817,0.0402,0.9766,0.0142,229.0256,22.9300,0.0155,0.0000,0.0000
42,Kyoto_Small,stress,TamAlwaysAccept,5,0.5527,0.0497,0.9570,0.0107,767.9330,58.1507,0.3362,0.0416,0.9865,0.0056,244.5363,18.7590,0.0000,0.0000,0.0000
42,Kyoto_Medium,stress,MAPPO,5,0.2913,0.0560,0.8850,0.0353,1464.0691,118.0219,0.1931,0.0414,0.9438,0.0118,538.8984,42.3957,0.0000,0.0000,0.0000
42,Kyoto_Medium,stress,MAPPER,5,0.3181,0.0377,0.9335,0.0318,1371.6471,205.2374,0.2585,0.0589,0.9322,0.0194,465.7089,28.7330,0.0000,0.0000,0.0000
42,Kyoto_Medium,stress,FaithfulMAPPER,5,0.3637,0.0501,0.9113,0.0348,1384.8386,99.3204,0.2908,0.0584,0.9326,0.0248,521.7845,63.2126,0.0000,0.0000,0.0000
42,Kyoto_Medium,stress,Hybrid,5,0.3370,0.0272,0.8515,0.0495,1293.6794,118.5209,0.2789,0.0251,0.9224,0.0195,502.6782,96.6735,0.2298,0.0000,0.0000
42,Kyoto_Medium,stress,TamAlwaysAccept,5,0.4386,0.0328,0.8787,0.0217,1207.7723,90.2146,0.2598,0.0453,0.9134,0.0156,444.6970,76.6541,0.0000,0.0000,0.0000
42,LosAngeles_Small,stress,MAPPO,5,0.4423,0.0541,0.9445,0.0381,859.4584,79.7559,0.1778,0.0252,0.9647,0.0121,288.3191,29.6507,0.0000,0.0000,0.0000
42,LosAngeles_Small,stress,MAPPER,5,0.3829,0.0735,0.9538,0.0085,905.2172,123.2516,0.1678,0.0289,0.9756,0.0151,261.7844,15.3915,0.0000,0.0000,0.0000
42,LosAngeles_Small,stress,FaithfulMAPPER,5,0.3546,0.0679,0.9533,0.0207,843.1151,60.8148,0.2144,0.0611,0.9528,0.0221,276.1436,29.0472,0.0000,0.0000,0.0000
42,LosAngeles_Small,stress,Hybrid,5,0.3959,0.0613,0.9528,0.0187,895.9404,55.4854,0.1852,0.0574,0.9643,0.0313,277.5225,20.5592,0.1608,0.0000,0.0000
42,LosAngeles_Small,stress,TamAlwaysAccept,5,0.4078,0.0833,0.9337,0.0288,822.5322,64.4444,0.2318,0.0672,0.9743,0.0187,265.8621,35.9801,0.0000,0.0000,0.0000
42,LosAngeles_Medium,stress,MAPPO,5,0.4185,0.0712,0.9130,0.0268,1307.6444,130.6647,0.3310,0.0316,0.9321,0.0235,486.9579,39.6024,0.0000,0.0000,0.0000
42,LosAngeles_Medium,stress,MAPPER,5,0.3911,0.0334,0.9014,0.0346,1412.2357,142.7993,0.2243,0.0343,0.9299,0.0308,487.6611,67.0541,0.0000,0.0000,0.0000
42,LosAngeles_Medium,stress,FaithfulMAPPER,5,0.3852,0.0941,0.9149,0.0228,1393.7871,79.8519,0.2213,0.0565,0.9296,0.0251,553.5363,21.3878,0.0000,0.0000,0.0000
42,LosAngeles_Medium,stress,Hybrid,5,0.3781,0.0630,0.8981,0.0194,1356.5709,81.6592,0.1958,0.0387,0.9416,0.0167,483.8121,41.5860,0.1669,0.0000,0.0000
42,LosAngeles_Medium,stress,TamAlwaysAccept,5,0.3904,0.0683,0.8835,0.0327,1295.0554,165.5477,0.2002,0.0743,0.9258,0.0228,532.5493,80.4866,0.0000,0.0000,0.0000
42,Tokyo_Large,generalize,MAPPO,5,0.1151,0.0380,0.6871,0.1198,1657.5457,271.9822,0.2312,0.0599,0.7103,0.0787,768.0983,77.5502,0.0000,0.0000,0.0000
42,Tokyo_Large,generalize,MAPPER,5,0.1817,0.0754,0.7398,0.0399,1941.9896,272.7896,0.2836,0.0890,0.7362,0.0509,685.3555,197.3105,0.0000,0.0000,0.0000
42,Tokyo_Large,generalize,FaithfulMAPPER,5,0.2676,0.0574,0.7245,0.1077,1609.9763,81.0655,0.3309,0.0792,0.7779,0.1031,663.3750,69.3842,0.0000,0.0000,0.0000
42,Tokyo_Large,generalize,Hybrid,5,0.3276,0.0301,0.8093,0.0584,1641.0863,227.4622,0.3655,0.0112,0.8706,0.0432,652.0956,151.4818,0.2351,0.0000,0.0000
42,Tokyo_Large,generalize,TamAlwaysAccept,5,0.3367,0.0709,0.8336,0.0154,1584.4935,170.5524,0.4240,0.0746,0.8653,0.0528,622.9595,117.7168,0.0000,0.0000,0.0000
42,Fukuoka,generalize,MAPPO,5,0.1359,0.0882,0.7993,0.1011,1671.2946,375.9838,0.2766,0.1206,0.8159,0.0810,531.6979,126.2353,0.0000,0.0000,0.0000
42,Fukuoka,generalize,MAPPER,5,0.3155,0.0562,0.8748,0.0397,1550.7424,115.8302,0.4153,0.0722,0.8528,0.0135,658.0272,74.3660,0.0000,0.0000,0.0000
42,Fukuoka,generalize,FaithfulMAPPER,5,0.4084,0.0766,0.8635,0.0577,1503.5831,135.3929,0.3240,0.0523,0.9011,0.0553,654.9198,99.0917,0.0000,0.0000,0.0000
42,Fukuoka,generalize,Hybrid,5,0.4619,0.1262,0.9012,0.0301,1296.3538,117.1424,0.3528,0.0430,0.9079,0.0462,558.4351,98.3422,0.0028,0.0000,0.0000
42,Fukuoka,generalize,TamAlwaysAccept,5,0.4469,0.0603,0.9440,0.0255,1486.6234,94.5448,0.3626,0.0674,0.8876,0.0553,599.5861,41.5901,0.0000,0.0000,0.0000
42,NewYork,generalize,MAPPO,5,0.0934,0.0622,0.6755,0.0859,1793.4635,323.9625,0.2470,0.0715,0.7477,0.1128,672.4364,158.6353,0.0000,0.0000,0.0000
42,NewYork,generalize,MAPPER,5,0.1973,0.0483,0.7996,0.0511,1691.7268,51.1188,0.3825,0.0461,0.8349,0.0519,677.2833,119.1670,0.0000,0.0000,0.0000
42,NewYork,generalize,FaithfulMAPPER,5,0.2694,0.0762,0.8184,0.0665,1636.1580,209.2404,0.3687,0.0546,0.8346,0.0512,677.4643,74.9835,0.0000,0.0000,0.0000
42,NewYork,generalize,Hybrid,5,0.4177,0.0531,0.8285,0.0791,1380.5629,151.1252,0.4240,0.0931,0.8953,0.0323,571.5920,78.4638,0.1010,0.0000,0.0000
42,NewYork,generalize,TamAlwaysAccept,5,0.4228,0.0493,0.8229,0.0369,1501.4851,137.6111,0.4244,0.0375,0.8523,0.0415,641.5067,75.7060,0.0000,0.0000,0.0000
42,Paris,generalize,MAPPO,5,0.3109,0.0490,0.9133,0.0444,1286.7500,170.1678,0.4206,0.0526,0.9227,0.0237,492.0852,69.3893,0.0000,0.0000,0.0000
42,Paris,generalize,MAPPER,5,0.4875,0.0820,0.9072,0.0335,1221.4880,97.1195,0.3688,0.0398,0.9317,0.0362,485.0834,19.5632,0.0000,0.0000,0.0000
42,Paris,generalize,FaithfulMAPPER,5,0.4671,0.0989,0.9156,0.0412,1236.2468,70.6000,0.3569,0.0862,0.9539,0.0216,471.4713,43.1722,0.0000,0.0000,0.0000
42,Paris,generalize,Hybrid,5,0.4781,0.0969,0.8782,0.0445,1309.4674,151.0846,0.3822,0.0396,0.9365,0.0262,500.5081,71.3587,-0.0513,0.0000,0.0000
42,Paris,generalize,TamAlwaysAccept,5,0.4227,0.0643,0.9127,0.0261,1385.9836,75.0965,0.4046,0.0863,0.9465,0.0246,525.9309,34.8912,0.0000,0.0000,0.0000
42,London,generalize,MAPPO,5,0.1646,0.0292,0.8898,0.0196,1807.6002,326.2538,0.2854,0.0744,0.8532,0.0169,697.2817,145.0023,0.0000,0.0000,0.0000
42,London,generalize,MAPPER,5,0.3090,0.0732,0.8844,0.0307,1609.8367,230.8573,0.3887,0.0648,0.8649,0.0659,661.5399,124.9382,0.0000,0.0000,0.0000
42,London,generalize,FaithfulMAPPER,5,0.3464,0.0525,0.9496,0.0486,1526.9973,190.6553,0.3592,0.0944,0.8607,0.0755,661.0209,119.0956,0.0000,0.0000,0.0000
42,London,generalize,Hybrid,5,0.4671,0.0358,0.9023,0.0818,1600.7054,75.4665,0.3992,0.0309,0.9058,0.0524,673.2334,48.6931,-0.0473,0.0000,0.0000
42,London,generalize,TamAlwaysAccept,5,0.4910,0.1211,0.9217,0.0305,1421.6281,133.0044,0.3987,0.0407,0.8844,0.0321,625.4848,78.8477,0.0000,0.0000,0.0000
42,Tokyo_Small,train,FaithfulMAPPER,80,0.4886,0.0775,0.9414,0.0240,786.0900,102.0209,0.3670,0.1409,0.9893,0.0123,251.2888,36.7218,541.8377,96.5188,1144.1659,145.5329,0.9031,0.0763,-0.0035,8.3951,0.6219
42,Tokyo_Small,train,MAPPO,80,0.4893,0.0757,0.9381,0.0259,773.8802,105.9671,0.3482,0.1346,0.9878,0.0139,240.3702,30.9953,534.1838,90.5621,1107.3866,130.0517,0.9104,0.0874,-0.0024,8.3672,0.6772
42,Kyoto_Small,train,FaithfulMAPPER,80,0.5042,0.0889,0.9616,0.0223,741.0464,84.4048,0.2890,0.1246,0.9883,0.0137,237.0863,33.1229,502.0636,76.0698,1093.8081,111.8180,0.9086,0.0802,-0.0020,9.4363,0.6196
42,Kyoto_Small,train,MAPPO,80,0.5154,0.0737,0.9651,0.0161,754.7775,94.1958,0.2903,0.1341,0.9892,0.0130,227.2879,30.9678,521.8729,80.4553,1073.1990,106.0688,0.9352,0.0702,0.0020,8.5743,0.6769
42,LosAngeles_Small,train,FaithfulMAPPER,80,0.4356,0.1029,0.9464,0.0266,779.2408,104.9915,0.3127,0.1179,0.9902,0.0142,231.7219,32.6656,548.6584,96.0750,1106.2622,142.7478,0.9260,0.0798,0.0026,11.8500,0.6157
42,LosAngeles_Small,train,MAPPO,80,0.4255,0.1057,0.9492,0.0209,768.6105,105.6533,0.3024,0.1273,0.9912,0.0129,228.9975,35.6607,537.8539,95.8530,1083.2365,123.1097,0.9291,0.0771,-0.0007,11.1040,0.6759
42,Tokyo_Small,train,FaithfulMAPPER,80,0.5031,0.0763,0.9457,0.0241,783.1371,100.5739,0.3694,0.1316,0.9896,0.0122,248.7607,34.2417,535.4341,92.3300,1127.6029,134.0205,0.8994,0.0887,0.0038,7.9998,0.6288
42,Tokyo_Small,train,MAPPO,80,0.4781,0.0775,0.9374,0.0257,796.7646,97.5953,0.3456,0.1282,0.9884,0.0132,246.4095,39.6035,547.9507,79.9700,1116.5737,138.5308,0.9027,0.0937,0.0029,9.1927,0.6911
42,Kyoto_Small,train,FaithfulMAPPER,80,0.4970,0.0967,0.9600,0.0215,739.7672,105.9367,0.2899,0.1343,0.9883,0.0134,233.8643,38.5619,500.0424,86.9762,1073.4969,111.9907,0.9121,0.0825,0.0005,9.7712,0.6275
42,Kyoto_Small,train,MAPPO,80,0.4433,0.1028,0.9606,0.0200,774.5968,106.0783,0.2604,0.1331,0.9887,0.0137,234.1853,33.4024,540.0466,91.8602,1071.7957,111.5005,0.9085,0.0915,-0.0041,10.0461,0.6911
42,LosAngeles_Small,train,FaithfulMAPPER,80,0.5103,0.1012,0.9581,0.0214,740.6390,100.4700,0.3529,0.1206,0.9906,0.0136,235.6481,37.8612,509.1852,86.8436,1087.0457,117.4371,0.9200,0.0776,-0.0043,9.3582,0.6292
42,LosAngeles_Small,train,MAPPO,80,0.4643,0.0827,0.9534,0.0207,749.0121,103.1783,0.3193,0.1111,0.9907,0.0131,231.2502,34.1152,512.3358,87.3948,1070.3081,113.7818,0.9165,0.0915,-0.0036,10.9730,0.6911
43,Tokyo_Small,train,FaithfulMAPPER,80,0.5190,0.0763,0.9426,0.0254,771.5761,93.1682,0.3718,0.1491,0.9893,0.0110,245.1618,34.4664,525.3646,77.0966,1119.1852,112.3943,0.9105,0.0819,0.0002,7.4749,0.6458
43,Tokyo_Small,train,MAPPO,80,0.4674,0.0857,0.9367,0.0299,780.6504,74.4249,0.3267,0.1392,0.9884,0.0117,249.4492,33.8258,531.5547,68.7513,1147.4425,126.0036,0.9124,0.0733,0.0001,9.8988,0.6619
43,Kyoto_Small,train,FaithfulMAPPER,80,0.4957,0.0822,0.9645,0.0197,762.9192,89.2902,0.3133,0.1025,0.9894,0.0120,233.0267,35.2462,525.3868,70.2000,1077.5305,103.9154,0.9181,0.0864,0.0042,9.2678,0.6460
43,Kyoto_Small,train,MAPPO,80,0.4587,0.1038,0.9637,0.0190,773.5856,102.5595,0.2719,0.1073,0.9904,0.0114,234.0794,31.4784,536.1583,99.9028,1083.0887,119.2852,0.9061,0.0827,0.0026,9.6815,0.6615
43,LosAngeles_Small,train,FaithfulMAPPER,80,0.4674,0.0794,0.9492,0.0306,766.4105,102.1940,0.3084,0.1142,0.9884,0.0127,241.1988,30.7174,529.4412,94.1606,1107.9291,122.7257,0.9106,0.0863,0.0042,10.2216,0.6462
43,LosAngeles_Small,train,MAPPO,80,0.4166,0.0828,0.9500,0.0230,780.5850,125.3554,0.2802,0.1241,0.9836,0.0159,233.7312,35.0925,547.4032,104.9779,1106.9578,118.0708,0.9297,0.0741,0.0015,11.1766,0.6610
42,Tokyo_Small,eval,MAPPO,5,0.4709,0.0755,0.9245,0.0233,813.0822,123.1751,0.4165,0.0658,1.0002,0.0001,249.3322,30.3750,563.7916,108.2329,1115.7471,64.2541,0.8866,0.0692,0.0000,0.0000,0.0000
42,Tokyo_Small,eval,FaithfulMAPPER,5,0.5336,0.0589,0.9518,0.0161,778.5288,143.6951,0.3791,0.0999,1.0002,0.0001,253.9191,59.1783,520.9809,93.2910,1143.3850,122.2519,0.9041,0.0820,0.0000,0.0000,0.0000
42,Tokyo_Small,eval,Hybrid,5,0.4758,0.0785,0.9451,0.0266,851.6999,143.1220,0.2966,0.0745,1.0002,0.0002,251.7505,44.1302,618.8073,121.2894,1092.7568,142.5791,0.8657,0.0781,0.1764,0.0000,0.0000
42,Tokyo_Small,eval,TamAlwaysAccept,5,0.5053,0.1064,0.9387,0.0217,897.9627,85.2817,0.3887,0.0711,1.0003,0.0002,266.7152,19.6624,637.7050,109.6417,1191.8978,109.5447,0.8758,0.0648,0.0000,0.0000,0.0000
42,Tokyo_Small,stress,MAPPO,5,0.4839,0.0908,0.9557,0.0325,831.0248,141.3642,0.1229,0.0505,1.0002,0.0001,263.0482,47.6147,553.7689,131.1244,1185.9937,159.5360,0.9015,0.0716,0.0000,0.0000,0.0000
42,Tokyo_Small,stress,FaithfulMAPPER,5,0.5414,0.0304,0.9515,0.0220,786.0497,145.3713,0.2005,0.0356,1.0002,0.0002,264.9078,35.6827,519.7877,115.4982,1107.4077,128.8904,0.8422,0.0758,0.0000,0.0000,0.0000
42,Tokyo_Small,stress,Hybrid,5,0.4470,0.0657,0.9211,0.0364,872.3400,83.4213,0.2086,0.0401,1.0002,0.0002,267.9604,33.7558,587.2350,53.3862,1127.0524,108.1409,0.8467,0.0635,0.1396,0.0000,0.0000
42,Tokyo_Small,stress,TamAlwaysAccept,5,0.5218,0.0772,0.9492,0.0351,757.4453,20.1021,0.2646,0.0379,1.0002,0.0001,257.2905,22.4170,506.8259,11.5506,1198.1356,125.3046,0.9220,0.0571,0.0000,0.0000,0.0000
42,NewYork,generalize,MAPPO,5,0.1593,0.0828,0.7024,0.0901,1537.5422,348.9666,0.3138,0.0955,1.0000,0.0000,661.6312,143.2561,1183.9277,147.9961,3187.2861,788.8569,0.9031,0.1193,0.0000,0.0000,0.0000
42,NewYork,generalize,FaithfulMAPPER,5,0.2865,0.0947,0.8402,0.0634,1508.2969,107.4723,0.3635,0.0635,1.0000,0.0000,561.9680,122.9924,1046.9369,187.2296,3406.8972,350.3628,0.9983,0.0033,0.0000,0.0000,0.0000
42,NewYork,generalize,Hybrid,5,0.3434,0.1006,0.8364,0.0287,1483.8079,83.4621,0.3597,0.0111,1.0000,0.0000,525.0841,46.4474,1038.2992,110.0501,2841.1748,218.0877,1.0000,0.0000,0.2795,0.0000,0.0000
42,NewYork,generalize,TamAlwaysAccept,5,0.4568,0.0348,0.8446,0.0763,1362.1680,97.3289,0.3420,0.0848,1.0000,0.0000,544.9892,54.5427,898.6957,110.9599,2799.2925,221.9399,0.9795,0.0306,0.0000,0.0000,0.0000
42,Paris,generalize,MAPPO,5,0.4692,0.0910,0.9164,0.0402,1166.6440,135.4042,0.3736,0.1015,1.0000,0.0000,432.9352,61.8554,814.1195,70.8893,2169.6006,290.9150,0.9881,0.0124,0.0000,0.0000,0.0000
42,Paris,generalize,FaithfulMAPPER,5,0.4725,0.1036,0.8999,0.0224,1075.6199,91.7284,0.4377,0.0877,1.0001,0.0001,438.5274,66.5584,749.2562,47.6772,2075.3735,286.6209,0.9505,0.0589,0.0000,0.0000,0.0000
42,Paris,generalize,Hybrid,5,0.4789,0.1070,0.9049,0.0404,1249.7991,104.8085,0.2865,0.0904,1.0002,0.0002,417.3202,32.5223,873.2874,149.2275,1969.7395,277.5548,0.9251,0.0508,0.1497,0.0000,0.0000
42,Paris,generalize,TamAlwaysAccept,5,0.4900,0.0494,0.8734,0.0412,1233.8940,82.3838,0.3405,0.0664,1.0000,0.0000,455.4143,37.8445,826.2748,90.4049,2295.4807,287.7075,0.9795,0.0368,0.0000,0.0000,0.0000
42,London,generalize,MAPPO,5,0.1839,0.0225,0.8932,0.0193,1525.8833,65.9910,0.2599,0.0590,1.0000,0.0000,572.9738,99.5829,1120.0992,143.9839,3110.0771,312.4316,0.9590,0.0820,0.0000,0.0000,0.0000
42,London,generalize,FaithfulMAPPER,5,0.3873,0.0935,0.8908,0.0420,1485.7727,178.4263,0.3896,0.0368,1.0000,0.0000,544.7055,83.5896,1014.3311,135.4843,2887.6953,239.0547,0.9866,0.0268,0.0000,0.0000,0.0000
42,London,generalize,Hybrid,5,0.3154,0.0683,0.9442,0.0379,1595.1559,295.8402,0.3129,0.0820,1.0000,0.0000,665.3016,157.2103,1052.2804,152.2909,3222.7058,723.5870,0.9422,0.0486,0.2864,0.0000,0.0000
42,London,generalize,TamAlwaysAccept,5,0.4409,0.0563,0.9139,0.0573,1460.4524,138.9375,0.3796,0.0744,1.0000,0.0000,558.2070,85.8173,1033.7532,100.2148,3046.7017,139.4156,0.9873,0.0254,0.0000,0.0000,0.0000
42,Tokyo_Small,eval,MAPPO,5,0.4723,0.0807,0.9410,0.0373,817.5812,81.6568,0.4574,0.0936,1.0004,0.0002,256.5778,21.1012,579.6852,87.1889,1111.8549,108.0398,0.8534,0.1133,0.0000,0.0000,0.0000
42,Tokyo_Small,eval,FaithfulMAPPER,5,0.4453,0.0403,0.8426,0.0394,821.5347,39.3728,0.6059,0.0302,1.0001,0.0001,278.6790,32.4449,517.7259,48.8004,1261.3467,63.0472,0.9051,0.0832,0.0000,0.0000,0.0000
42,Tokyo_Small,eval,Hybrid,5,0.3957,0.0510,0.7450,0.0504,834.0463,125.0747,0.5193,0.0935,1.0002,0.0001,287.0496,25.2419,537.3123,92.0113,1334.7097,139.4019,0.9293,0.0454,0.1067,0.0000,0.0000
42,Tokyo_Small,eval,TamAlwaysAccept,5,0.3823,0.0331,0.6626,0.0487,879.3322,94.0904,0.6135,0.0156,1.0001,0.0001,330.4785,35.5257,550.6396,46.0948,1478.9423,185.4918,0.8940,0.0277,0.0000,0.0000,0.0000
42,Kyoto_Small,eval,MAPPO,5,0.3710,0.0837,0.9557,0.0333,798.7719,137.0936,0.3224,0.0435,1.0004,0.0002,216.7632,20.0318,584.7125,132.3974,1074.8503,124.7812,0.9494,0.0437,0.0000,0.0000,0.0000
42,Kyoto_Small,eval,FaithfulMAPPER,5,0.4711,0.0732,0.8568,0.0727,748.8919,109.4562,0.4950,0.0731,1.0004,0.0004,259.4463,33.7495,471.1270,67.8196,1201.5543,89.1106,0.9163,0.0572,0.0000,0.0000,0.0000
42,Kyoto_Small,eval,Hybrid,5,0.4561,0.0587,0.7930,0.0324,758.6490,88.0304,0.5283,0.0553,1.0003,0.0003,277.7073,33.8999,473.9862,57.2063,1205.4301,55.8373,0.8754,0.0623,0.0719,0.0000,0.0000
42,Kyoto_Small,eval,TamAlwaysAccept,5,0.4316,0.0590,0.6897,0.0580,728.9150,68.9205,0.6237,0.0230,1.0002,0.0001,305.9264,26.7635,442.7012,58.9456,1361.3580,101.7651,0.8909,0.0130,0.0000,0.0000,0.0000
42,LosAngeles_Small,eval,MAPPO,5,0.3441,0.1393,0.9202,0.0359,828.3951,126.6558,0.3586,0.0757,1.0003,0.0002,259.1288,37.2474,567.9841,104.3603,1174.8127,142.0184,0.9132,0.0736,0.0000,0.0000,0.0000
42,LosAngeles_Small,eval,FaithfulMAPPER,5,0.4514,0.0496,0.7985,0.0397,830.0331,112.4703,0.5138,0.0504,1.0002,0.0002,296.3882,40.8682,529.8955,86.8836,1313.7050,187.2872,0.8880,0.0508,0.0000,0.0000,0.0000
42,LosAngeles_Small,eval,Hybrid,5,0.4024,0.0489,0.7260,0.0540,869.0981,36.2297,0.5932,0.0313,1.0002,0.0001,309.8306,33.6315,546.6203,69.2342,1340.1556,178.6733,0.8634,0.0341,0.0943,0.0000,0.0000
42,LosAngeles_Small,eval,TamAlwaysAccept,5,0.3781,0.0342,0.6531,0.0386,821.2546,30.1818,0.5998,0.0562,1.0002,0.0002,305.5928,21.5081,511.5345,25.1547,1426.6018,127.2048,0.9336,0.0501,0.0000,0.0000,0.0000
42,Tokyo_Small,stress,MAPPO,5,0.3191,0.0370,0.6000,0.0688,885.8145,93.5400,0.3625,0.0335,1.0002,0.0002,340.7186,33.4243,550.0643,56.4519,1524.3821,140.1501,0.8966,0.0454,0.0000,0.0000,0.0000
42,Tokyo_Small,stress,FaithfulMAPPER,5,0.3095,0.0394,0.5354,0.0666,835.6447,90.5369,0.3591,0.0224,1.0005,0.0008,343.8598,45.3884,511.8254,57.1414,1548.0635,152.4731,0.9041,0.0315,0.0000,0.0000,0.0000
42,Tokyo_Small,stress,Hybrid,5,0.2962,0.0365,0.5056,0.0758,887.9315,107.2575,0.3818,0.0050,1.0000,0.0000,365.1741,37.1232,551.5746,67.9360,1593.3405,197.0739,0.8722,0.0526,-0.0234,0.0000,0.0000
42,Tokyo_Small,stress,TamAlwaysAccept,5,0.2836,0.0375,0.4694,0.0809,846.7249,98.8036,0.4019,0.0170,1.0001,0.0001,356.4865,41.7278,528.5387,59.8574,1565.3695,180.0735,0.8789,0.0323,0.0000,0.0000,0.0000
42,Kyoto_Small,stress,MAPPO,5,0.3799,0.0459,0.6307,0.0755,830.6034,104.6581,0.3463,0.0373,1.0008,0.0004,314.3141,26.0270,523.0427,56.1626,1354.1677,85.2645,0.8656,0.0680,0.0000,0.0000,0.0000
42,Kyoto_Small,stress,FaithfulMAPPER,5,0.3539,0.0345,0.5634,0.0606,779.3917,44.9365,0.3854,0.0171,1.0003,0.0003,309.1759,21.1739,488.9538,36.7256,1371.0627,71.0374,0.8879,0.0165,0.0000,0.0000,0.0000
42,Kyoto_Small,stress,Hybrid,5,0.3348,0.0489,0.5105,0.1001,799.9427,112.0189,0.3824,0.0145,1.0003,0.0005,318.6920,33.4850,498.1186,74.3621,1450.5404,161.9227,0.9105,0.0357,-0.0472,0.0000,0.0000
42,Kyoto_Small,stress,TamAlwaysAccept,5,0.3267,0.0270,0.4693,0.0633,786.3668,64.1716,0.3875,0.0084,1.0002,0.0002,326.1877,21.2167,481.0817,71.9895,1408.2024,59.7046,0.8662,0.0559,0.0000,0.0000,0.0000
42,LosAngeles_Small,stress,MAPPO,5,0.3490,0.0247,0.6156,0.0390,874.3472,124.7125,0.3740,0.0339,1.0002,0.0000,329.5025,26.8239,530.3607,60.0565,1452.0615,196.1683,0.8783,0.0579,0.0000,0.0000,0.0000
42,LosAngeles_Small,stress,FaithfulMAPPER,5,0.3602,0.0342,0.5581,0.0477,849.8376,43.5732,0.3873,0.0122,1.0001,0.0001,337.2869,26.5300,517.5026,34.1926,1468.3137,136.2786,0.8704,0.0383,0.0000,0.0000,0.0000
42,LosAngeles_Small,stress,Hybrid,5,0.3285,0.0422,0.5057,0.0540,909.9930,73.5690,0.3946,0.0215,1.0001,0.0001,344.8854,24.3427,557.5095,66.5871,1510.9470,114.3769,0.8791,0.0741,-0.0484,0.0000,0.0000
42,LosAngeles_Small,stress,TamAlwaysAccept,5,0.3456,0.0498,0.4755,0.0589,846.7646,53.5774,0.3707,0.0212,1.0000,0.0001,339.7521,30.5724,501.5458,32.5207,1483.9026,169.2073,0.8724,0.0434,0.0000,0.0000,0.0000
42,Tokyo_Large,generalize,MAPPO,5,0.1025,0.0479,0.5796,0.2112,1786.5208,116.3449,0.1880,0.1031,1.0000,0.0000,524.3595,105.3581,1351.1995,241.3260,3050.6008,721.2861,0.9766,0.0295,0.0000,0.0000,0.0000
42,Tokyo_Large,generalize,FaithfulMAPPER,5,0.1615,0.0367,0.3622,0.0922,1838.8381,193.5802,0.4754,0.0780,1.0000,0.0000,881.0296,33.8437,1233.4987,140.0975,4052.4844,207.0347,0.9199,0.0289,0.0000,0.0000,0.0000
42,Tokyo_Large,generalize,Hybrid,5,0.2647,0.0367,0.4428,0.0610,1765.1863,73.2221,0.5320,0.0701,1.0000,0.0000,820.6971,62.3177,1093.7671,99.7164,3656.8601,286.2804,0.8911,0.0111,-0.2221,0.0000,0.0000
42,Tokyo_Large,generalize,TamAlwaysAccept,5,0.3151,0.0199,0.4864,0.0453,1766.3591,157.1802,0.4947,0.0493,1.0000,0.0000,831.3252,43.6887,1003.4102,100.2934,3764.7144,229.9840,0.9055,0.0190,0.0000,0.0000,0.0000
42,NewYork,generalize,MAPPO,5,0.1351,0.1063,0.7113,0.0867,1787.2035,285.3685,0.2944,0.1139,1.0000,0.0000,673.2142,151.9262,1157.3589,293.9521,3888.8464,609.0986,0.9724,0.0552,0.0000,0.0000,0.0000
42,NewYork,generalize,FaithfulMAPPER,5,0.3001,0.0451,0.5661,0.0786,1733.2314,280.2980,0.5272,0.0513,1.0000,0.0000,772.6868,114.3580,1064.8225,249.0756,3716.8899,564.7582,0.9476,0.0337,0.0000,0.0000,0.0000
42,NewYork,generalize,Hybrid,5,0.2673,0.0238,0.5330,0.0446,1696.1541,272.7301,0.5087,0.0413,1.0000,0.0000,777.8744,91.1027,1099.1697,120.2661,3484.8894,360.7415,0.8982,0.0338,-0.0444,0.0000,0.0000
42,NewYork,generalize,TamAlwaysAccept,5,0.3050,0.0197,0.5166,0.0509,1637.6697,97.8636,0.4604,0.0641,1.0000,0.0000,793.7765,57.4753,1002.4998,71.8173,3620.4734,279.4985,0.9120,0.0160,0.0000,0.0000,0.0000
42,Paris,generalize,MAPPO,5,0.3473,0.0994,0.8929,0.0514,1321.1477,140.8271,0.3559,0.0637,1.0000,0.0000,458.2198,40.3680,909.4671,141.7005,2455.8735,212.9857,0.9887,0.0225,0.0000,0.0000,0.0000
42,Paris,generalize,FaithfulMAPPER,5,0.4433,0.0505,0.8204,0.0739,1346.8000,58.8292,0.4739,0.0473,1.0001,0.0000,554.5097,38.9276,815.1083,55.2991,2479.8547,125.9018,0.8974,0.0576,0.0000,0.0000,0.0000
42,Paris,generalize,Hybrid,5,0.3766,0.0353,0.7692,0.0930,1270.9747,93.1676,0.5103,0.0575,1.0001,0.0001,550.8993,33.6111,774.5961,48.3586,2597.5024,123.5043,0.9382,0.0420,0.0554,0.0000,0.0000
42,Paris,generalize,TamAlwaysAccept,5,0.3514,0.0371,0.6933,0.0929,1342.1121,90.4035,0.5465,0.0248,1.0000,0.0000,567.2606,13.2724,882.4199,70.6481,2706.1802,106.5762,0.9541,0.0310,0.0000,0.0000,0.0000
42,London,generalize,MAPPO,5,0.2503,0.1220,0.8532,0.0476,1659.3141,232.0486,0.3150,0.0435,1.0000,0.0000,564.2962,71.4544,1151.6854,219.7169,3185.6245,429.9887,0.9900,0.0200,0.0000,0.0000,0.0000
42,London,generalize,FaithfulMAPPER,5,0.3377,0.0573,0.7615,0.0620,1502.7942,243.5569,0.4230,0.1016,1.0000,0.0000,649.0661,95.2252,1004.1301,171.4030,2905.2065,410.8382,0.8965,0.0443,0.0000,0.0000,0.0000
42,London,generalize,Hybrid,5,0.3663,0.0383,0.7292,0.0746,1525.1150,126.3246,0.4186,0.0453,1.0000,0.0000,677.4221,65.2867,983.6461,128.4796,3079.2700,302.7504,0.9094,0.0291,0.0119,0.0000,0.0000
42,London,generalize,TamAlwaysAccept,5,0.4102,0.0647,0.7065,0.0581,1409.3564,206.3864,0.5101,0.0514,1.0000,0.0000,693.3959,89.7329,874.7520,127.5599,3084.8323,355.7003,0.8919,0.0391,0.0000,0.0000,0.0000
42,Tokyo_Small,eval_slack,MAPPO,3,0.4536,0.0716,0.9335,0.0382,783.6687,59.7091,0.4683,0.0386,1.0003,0.0001,248.6757,7.7178,548.3117,39.8205,1060.0221,10.1021,0.8535,0.0312,0.0000,0.0000,0.0000
42,Tokyo_Small,eval_normal,MAPPO,3,0.5014,0.0750,0.9494,0.0040,709.6808,31.0629,0.4626,0.0557,1.0002,0.0001,222.7693,8.4234,453.0910,35.0946,1086.1107,87.7038,0.9598,0.0288,0.0000,0.0000,0.0000
42,Tokyo_Small,eval_stress_light,MAPPO,3,0.4587,0.0453,0.9206,0.0026,764.1406,29.2117,0.2647,0.0844,1.0003,0.0003,232.8119,11.6627,535.3826,55.0077,1106.0317,7.8723,0.9486,0.0371,0.0000,0.0000,0.0000
42,Tokyo_Small,eval_stress_heavy,MAPPO,3,0.4990,0.0849,0.9284,0.0223,689.7151,58.2755,0.3256,0.0739,1.0001,0.0001,226.5082,24.7135,467.2949,31.9779,1047.5669,109.4015,0.9254,0.0102,0.0000,0.0000,0.0000
42,Tokyo_Small,eval_slack,FaithfulMAPPER,3,0.4961,0.0685,0.8119,0.0161,746.2894,69.0327,0.6547,0.0264,1.0002,0.0000,267.7756,15.9333,489.5411,58.1664,1230.5170,87.5981,0.9198,0.0488,0.0000,0.0000,0.0000
42,Tokyo_Small,eval_normal,FaithfulMAPPER,3,0.5224,0.0350,0.8839,0.0206,729.8577,18.1967,0.5768,0.0287,1.0002,0.0001,241.6850,31.1699,481.2364,20.5512,1094.9117,112.4469,0.9129,0.1063,0.0000,0.0000,0.0000
42,Tokyo_Small,eval_stress_light,FaithfulMAPPER,3,0.4741,0.0211,0.8464,0.0179,682.7854,30.6676,0.4167,0.0352,1.0001,0.0001,234.3609,7.2526,457.2876,30.2711,1115.2958,71.1590,0.9518,0.0520,0.0000,0.0000,0.0000
42,Tokyo_Small,eval_stress_heavy,FaithfulMAPPER,3,0.4261,0.0331,0.8101,0.0179,726.0469,107.2834,0.3269,0.0578,1.0001,0.0001,254.9450,10.2640,477.0145,94.5748,1190.3213,140.6780,0.9225,0.0613,0.0000,0.0000,0.0000
42,Tokyo_Small,eval_slack,Hybrid,3,0.4386,0.0264,0.7541,0.0280,761.5301,77.9168,0.6813,0.0326,1.0002,0.0001,284.2430,7.7277,459.3206,51.7814,1258.2311,49.4254,0.8851,0.0140,0.0627,0.0000,0.0000
42,Tokyo_Small,eval_normal,Hybrid,3,0.3965,0.0202,0.7847,0.0301,817.8163,111.6916,0.5450,0.1265,1.0001,0.0001,290.6667,27.4510,531.7773,70.5995,1285.0215,75.0842,0.8875,0.0357,0.0897,0.0000,0.0000
42,Tokyo_Small,eval_stress_light,Hybrid,3,0.4047,0.0192,0.7519,0.0193,761.1100,11.7179,0.4422,0.0382,1.0002,0.0002,291.5842,14.2094,468.2533,36.9776,1314.3157,22.0506,0.9045,0.0608,0.0689,0.0000,0.0000
42,Tokyo_Small,eval_stress_heavy,Hybrid,3,0.3825,0.0479,0.7125,0.0805,701.8060,68.6554,0.3394,0.0484,1.0002,0.0000,269.1262,21.0850,481.0869,84.4985,1364.7690,120.1670,0.9866,0.0189,0.0764,0.0000,0.0000
42,Tokyo_Small,eval_slack,TamAlwaysAccept,3,0.3829,0.0298,0.6678,0.0617,792.1126,80.7345,0.7097,0.0354,1.0002,0.0001,307.1593,27.1276,487.3871,57.6155,1408.0275,125.7054,0.9174,0.0325,0.0000,0.0000,0.0000
42,Tokyo_Small,eval_normal,TamAlwaysAccept,3,0.4159,0.0346,0.6959,0.0502,885.6851,91.9880,0.6071,0.0188,1.0006,0.0001,321.5125,40.0072,544.5419,28.1728,1444.0699,111.4352,0.9032,0.0399,0.0000,0.0000,0.0000
42,Tokyo_Small,eval_stress_light,TamAlwaysAccept,3,0.3899,0.0256,0.6773,0.0076,812.4673,72.2104,0.4863,0.0442,1.0015,0.0019,310.0772,26.9754,512.4871,78.0611,1350.7791,56.7084,0.8752,0.0508,0.0000,0.0000,0.0000
42,Tokyo_Small,eval_stress_heavy,TamAlwaysAccept,3,0.3368,0.0104,0.6245,0.0112,784.6032,80.0820,0.3414,0.0400,1.0001,0.0000,308.2888,6.9200,482.6086,95.9806,1457.5020,100.1318,0.9447,0.0477,0.0000,0.0000,0.0000
42,Tokyo_Small,eval_slack,CongestionAware,3,0.5130,0.0348,1.0000,0.0000,730.3426,71.7757,0.7839,0.0663,1.0002,0.0001,230.6203,23.8635,526.8989,53.2705,1043.6246,19.7689,0.9108,0.0915,0.0000,0.0000,0.0000
42,Tokyo_Small,eval_normal,CongestionAware,3,0.4613,0.0389,1.0000,0.0000,750.5806,66.5559,0.6859,0.0218,1.0003,0.0001,218.1477,27.4018,539.5500,49.7034,1100.5358,109.0980,0.9243,0.1071,0.0000,0.0000,0.0000
42,Tokyo_Small,eval_stress_light,CongestionAware,3,0.4166,0.0218,1.0000,0.0000,817.2015,122.7794,0.5706,0.0127,1.0001,0.0001,212.4324,42.0663,611.0229,61.3546,977.1693,49.4130,0.8956,0.1477,0.0000,0.0000,0.0000
42,Tokyo_Small,eval_stress_heavy,CongestionAware,3,0.2821,0.0621,1.0000,0.0000,838.2344,117.7675,0.4015,0.0159,1.0003,0.0001,194.3129,17.9894,665.6321,23.0600,938.5413,59.0508,0.9500,0.0708,0.0000,0.0000,0.0000
42,Tokyo_Small,eval_slack,TrafficFlow,3,0.5245,0.0490,1.0000,0.0000,809.2598,56.5985,0.7796,0.0329,1.0004,0.0002,230.5811,14.8241,560.4753,55.2777,993.6048,36.7768,0.8674,0.0866,0.0000,0.0000,0.0000
42,Tokyo_Small,eval_normal,TrafficFlow,3,0.4244,0.0068,1.0000,0.0000,784.4304,68.3278,0.6511,0.0189,1.0003,0.0001,212.9865,7.2607,577.0333,78.9857,1086.1329,80.4774,0.9636,0.0285,0.0000,0.0000,0.0000
42,Tokyo_Small,eval_stress_light,TrafficFlow,3,0.4169,0.0223,1.0000,0.0000,801.5732,106.6237,0.5703,0.0098,1.0003,0.0002,228.7350,19.6290,584.9429,37.0744,1002.8060,60.5283,0.8787,0.0228,0.0000,0.0000,0.0000
42,Tokyo_Small,eval_stress_heavy,TrafficFlow,3,0.3231,0.0648,1.0000,0.0000,740.3786,44.1102,0.4229,0.0089,1.0004,0.0000,172.4498,7.1032,589.5588,86.9917,900.6085,124.5617,0.9702,0.0422,0.0000,0.0000,0.0000
42,Tokyo_Small,eval_slack,TokenPassing,3,0.4968,0.0451,1.0000,0.0000,800.0754,151.1740,0.7776,0.0305,1.0001,0.0001,214.5239,29.2800,621.2878,120.0000,1034.0834,64.9044,0.9318,0.0573,0.0000,0.0000,0.0000
42,Tokyo_Small,eval_normal,TokenPassing,3,0.4644,0.0285,1.0000,0.0000,811.9777,74.7921,0.7031,0.0164,1.0009,0.0011,220.0401,33.6243,581.1727,77.6522,1102.4076,95.6661,0.9133,0.1226,0.0000,0.0000,0.0000
42,Tokyo_Small,eval_stress_light,TokenPassing,3,0.4317,0.0148,1.0000,0.0000,836.4656,101.7248,0.5552,0.0198,1.0003,0.0002,242.5454,30.6619,615.0330,102.7139,1058.7129,62.4015,0.8778,0.1295,0.0000,0.0000,0.0000
42,Tokyo_Small,eval_stress_heavy,TokenPassing,3,0.3126,0.0645,1.0000,0.0000,779.5069,109.4078,0.4207,0.0132,1.0004,0.0001,209.4808,15.1044,643.0345,50.8205,910.7139,43.3222,0.8723,0.0534,0.0000,0.0000,0.0000
42,Tokyo_Small,eval_slack,PIBT,3,0.2968,0.0072,1.0000,0.0000,1257.9796,86.4251,0.8821,0.0071,1.0004,0.0001,269.6297,4.0309,983.3157,33.5642,986.9244,65.7925,0.7324,0.0526,0.0000,0.0000,0.0000
42,Tokyo_Small,eval_normal,PIBT,3,0.2668,0.0493,1.0000,0.0000,1220.5939,137.9372,0.7426,0.0039,1.0003,0.0000,257.2833,56.0538,961.3674,52.3244,1143.0336,266.5305,0.8867,0.0527,0.0000,0.0000,0.0000
42,Tokyo_Small,eval_stress_light,PIBT,3,0.2532,0.0166,1.0000,0.0000,1171.8423,24.4883,0.5978,0.0046,1.0004,0.0002,252.5394,29.4349,877.3610,16.3595,1070.6490,39.3388,0.8579,0.0875,0.0000,0.0000,0.0000
42,Tokyo_Small,eval_stress_heavy,PIBT,3,0.1682,0.0196,1.0000,0.0000,1095.6027,88.9649,0.4422,0.0045,1.0002,0.0001,218.9094,26.7282,979.9665,108.6322,982.1314,177.0271,0.8279,0.1250,0.0000,0.0000,0.0000
42,Kyoto_Small,eval_slack,MAPPO,3,0.3351,0.1055,0.9579,0.0476,857.1526,160.2366,0.3987,0.0732,1.0003,0.0002,239.8960,26.0528,557.5718,93.8749,1034.2706,36.3292,0.8746,0.1143,0.0000,0.0000,0.0000
42,Kyoto_Small,eval_normal,MAPPO,3,0.5040,0.0406,0.9665,0.0169,776.9107,107.1205,0.4893,0.0107,1.0001,0.0001,232.7584,21.3591,559.9612,139.0376,1175.2369,32.5754,0.9781,0.0309,0.0000,0.0000,0.0000
42,Kyoto_Small,eval_stress_light,MAPPO,3,0.4924,0.0445,0.9624,0.0061,722.5176,92.9372,0.2987,0.1327,1.0005,0.0002,217.1637,1.2177,502.4730,133.3319,1141.9623,53.9271,0.9914,0.0122,0.0000,0.0000,0.0000
42,Kyoto_Small,eval_stress_heavy,MAPPO,3,0.4966,0.0665,0.9414,0.0284,837.6424,32.0532,0.2574,0.0764,1.0003,0.0001,236.6208,36.2941,606.4849,54.3724,1128.8204,42.8672,0.9177,0.0612,0.0000,0.0000,0.0000
42,Kyoto_Small,eval_slack,FaithfulMAPPER,3,0.4431,0.0476,0.8850,0.0575,744.9672,26.8366,0.5022,0.0565,1.0003,0.0002,241.1495,11.8382,468.8060,54.6193,1126.5497,95.1781,0.9320,0.0962,0.0000,0.0000,0.0000
42,Kyoto_Small,eval_normal,FaithfulMAPPER,3,0.4975,0.0162,0.9148,0.0063,766.5529,138.4769,0.5727,0.0258,1.0004,0.0001,281.4133,13.0930,501.7962,125.0474,1187.6117,24.8218,0.8467,0.0563,0.0000,0.0000,0.0000
42,Kyoto_Small,eval_stress_light,FaithfulMAPPER,3,0.5073,0.0877,0.8762,0.0290,734.3638,73.6350,0.4922,0.0163,1.0002,0.0002,259.0479,30.3525,475.7043,61.5099,1201.9879,133.6152,0.9288,0.0194,0.0000,0.0000,0.0000
42,Kyoto_Small,eval_stress_heavy,FaithfulMAPPER,3,0.4731,0.0190,0.8819,0.0248,718.7000,120.9228,0.3012,0.0289,1.0004,0.0002,264.6141,52.7326,424.5684,50.9416,1161.9240,91.5166,0.8774,0.0911,0.0000,0.0000,0.0000
42,Kyoto_Small,eval_slack,Hybrid,3,0.4535,0.0802,0.7540,0.0807,789.7685,69.3097,0.6309,0.0407,1.0004,0.0001,294.3418,32.7166,456.8188,29.7650,1247.1584,68.8754,0.8548,0.0730,0.0661,0.0000,0.0000
42,Kyoto_Small,eval_normal,Hybrid,3,0.4242,0.0098,0.8574,0.0181,782.0123,120.5529,0.5850,0.0512,1.0007,0.0007,258.4206,23.5358,547.7063,88.8705,1266.6248,21.5707,0.9611,0.0496,0.1104,0.0000,0.0000
42,Kyoto_Small,eval_stress_light,Hybrid,3,0.4256,0.0535,0.7990,0.0448,806.2816,96.8042,0.4154,0.0345,1.0002,0.0001,288.1871,38.3539,500.9644,55.9959,1351.4818,135.8547,0.9420,0.0307,0.0748,0.0000,0.0000
42,Kyoto_Small,eval_stress_heavy,Hybrid,3,0.4628,0.0068,0.7821,0.0320,744.6242,85.6525,0.3618,0.0025,1.0002,0.0001,292.7685,38.5204,468.1196,61.0274,1272.2260,59.1228,0.8790,0.0751,0.0533,0.0000,0.0000
42,Kyoto_Small,eval_slack,TamAlwaysAccept,3,0.4271,0.0520,0.6521,0.0667,766.9359,44.1478,0.7126,0.0264,1.0003,0.0003,300.8474,18.6661,455.7622,35.2475,1318.4967,18.1690,0.8792,0.0436,0.0000,0.0000,0.0000
42,Kyoto_Small,eval_normal,TamAlwaysAccept,3,0.4003,0.0564,0.7505,0.0407,817.2907,82.4210,0.5818,0.0762,1.0001,0.0000,295.4158,20.9603,520.9045,67.0012,1442.1237,117.1716,0.9611,0.0551,0.0000,0.0000,0.0000
42,Kyoto_Small,eval_stress_light,TamAlwaysAccept,3,0.3964,0.0668,0.6991,0.0554,829.4748,95.2447,0.5091,0.0210,1.0002,0.0002,307.8812,31.8982,527.9721,73.9759,1447.7085,134.9374,0.9178,0.0639,0.0000,0.0000,0.0000
42,Kyoto_Small,eval_stress_heavy,TamAlwaysAccept,3,0.4731,0.0354,0.7480,0.0146,747.8213,45.4686,0.3662,0.0133,1.0002,0.0002,283.8409,19.7855,451.8100,26.5936,1322.0265,60.3542,0.9333,0.0310,0.0000,0.0000,0.0000
42,Kyoto_Small,eval_slack,CongestionAware,3,0.5893,0.0269,1.0000,0.0000,742.6072,64.5441,0.7591,0.0184,1.0004,0.0003,252.9689,34.0216,502.9892,82.1999,1061.4984,66.3375,0.8498,0.0840,0.0000,0.0000,0.0000
42,Kyoto_Small,eval_normal,CongestionAware,3,0.4845,0.0252,1.0000,0.0000,753.1531,73.2942,0.7083,0.0219,1.0003,0.0001,221.1093,23.9225,551.6958,82.1788,1079.4857,39.2931,0.9434,0.0650,0.0000,0.0000,0.0000
42,Kyoto_Small,eval_stress_light,CongestionAware,3,0.4510,0.0579,1.0000,0.0000,725.8351,19.8099,0.5649,0.0270,1.0003,0.0001,228.5875,56.7991,496.9586,56.7555,1069.6989,38.3056,0.9087,0.1292,0.0000,0.0000,0.0000
42,Kyoto_Small,eval_stress_heavy,CongestionAware,3,0.3601,0.0278,1.0000,0.0000,801.3178,55.7813,0.4425,0.0040,1.0003,0.0001,235.8898,36.5098,637.6863,106.2275,1000.3120,84.8663,0.8567,0.0564,0.0000,0.0000,0.0000
42,Kyoto_Small,eval_slack,TrafficFlow,3,0.5976,0.0116,1.0000,0.0000,792.9608,70.6780,0.7746,0.0153,1.0008,0.0008,202.4551,18.7287,550.0276,53.2057,1096.1466,56.6725,1.0000,0.0000,0.0000,0.0000,0.0000
42,Kyoto_Small,eval_normal,TrafficFlow,3,0.4603,0.0381,1.0000,0.0000,782.8076,48.6404,0.6894,0.0447,1.0004,0.0003,254.5732,36.1465,541.4480,62.6370,1137.8618,91.0733,0.9013,0.0520,0.0000,0.0000,0.0000
42,Kyoto_Small,eval_stress_light,TrafficFlow,3,0.4027,0.0246,1.0000,0.0000,820.0520,32.0197,0.5558,0.0140,1.0003,0.0001,228.9307,35.7310,647.7751,32.4474,1019.6460,61.8215,0.8749,0.0916,0.0000,0.0000,0.0000
42,Kyoto_Small,eval_stress_heavy,TrafficFlow,3,0.3624,0.0206,1.0000,0.0000,840.5977,85.3723,0.4371,0.0098,1.0013,0.0012,204.3465,32.9609,625.0229,81.1170,1002.1780,197.0909,0.9317,0.0955,0.0000,0.0000,0.0000
42,Kyoto_Small,eval_slack,TokenPassing,3,0.5967,0.0198,1.0000,0.0000,740.6814,80.9510,0.7731,0.0343,1.0006,0.0004,245.6287,35.1578,495.7798,15.5257,1096.8650,28.9582,0.9046,0.0994,0.0000,0.0000,0.0000
42,Kyoto_Small,eval_normal,TokenPassing,3,0.5148,0.0331,1.0000,0.0000,738.0829,41.7926,0.6670,0.0209,1.0004,0.0001,225.5318,25.9069,506.7195,51.5149,1040.5988,33.6548,0.9275,0.0698,0.0000,0.0000,0.0000
42,Kyoto_Small,eval_stress_light,TokenPassing,3,0.4270,0.0709,1.0000,0.0000,805.6919,70.5259,0.5575,0.0152,1.0002,0.0001,213.2232,13.8155,630.2975,83.3897,1129.1691,61.5412,0.9922,0.0110,0.0000,0.0000,0.0000
42,Kyoto_Small,eval_stress_heavy,TokenPassing,3,0.3550,0.0164,1.0000,0.0000,877.8714,33.2780,0.4338,0.0097,1.0002,0.0001,226.5158,66.7266,681.3041,63.0338,1023.3601,128.9276,0.8155,0.1346,0.0000,0.0000,0.0000
42,Kyoto_Small,eval_slack,PIBT,3,0.3656,0.0084,1.0000,0.0000,1237.0787,18.3526,0.8834,0.0056,1.0003,0.0002,264.2708,27.6789,998.5400,44.5670,1171.7010,23.0323,0.8895,0.0797,0.0000,0.0000,0.0000
42,Kyoto_Small,eval_normal,PIBT,3,0.2980,0.0288,1.0000,0.0000,1111.0563,64.1343,0.7398,0.0084,1.0003,0.0000,305.5392,8.8763,875.0576,39.6076,1133.3955,60.4654,0.7414,0.0198,0.0000,0.0000,0.0000
42,Kyoto_Small,eval_stress_light,PIBT,3,0.2759,0.0271,1.0000,0.0000,1067.5280,43.0730,0.5984,0.0038,1.0010,0.0010,260.8286,43.6141,821.0721,87.2676,1015.6572,116.5284,0.7856,0.0429,0.0000,0.0000,0.0000
42,Kyoto_Small,eval_stress_heavy,PIBT,3,0.2519,0.0084,1.0000,0.0000,1153.9698,101.9437,0.4503,0.0019,1.0005,0.0004,268.3452,50.0765,837.2028,106.3976,1072.6984,54.0756,0.8136,0.1342,0.0000,0.0000,0.0000
42,LosAngeles_Small,eval_slack,MAPPO,3,0.2979,0.0097,0.9148,0.0446,927.3279,200.3510,0.3816,0.0456,1.0002,0.0001,237.1950,37.0865,717.8986,174.5764,1148.9585,88.6353,0.9187,0.0602,0.0000,0.0000,0.0000
42,LosAngeles_Small,eval_normal,MAPPO,3,0.4559,0.0463,0.9590,0.0092,774.4409,26.0741,0.3815,0.0608,1.0002,0.0001,225.2733,30.6773,563.5831,62.0782,1126.9132,209.0353,0.9663,0.0477,0.0000,0.0000,0.0000
42,LosAngeles_Small,eval_stress_light,MAPPO,3,0.4771,0.0707,0.9681,0.0154,791.9517,101.6794,0.2098,0.0871,1.0002,0.0001,271.5424,34.9699,518.6468,86.7828,1209.1322,126.7312,0.8952,0.0553,0.0000,0.0000,0.0000
42,LosAngeles_Small,eval_stress_heavy,MAPPO,3,0.4841,0.0833,0.9636,0.0178,724.3496,35.1668,0.2317,0.0822,1.0003,0.0002,219.4737,29.7995,485.8864,54.3007,1012.3676,86.9461,0.9244,0.0567,0.0000,0.0000,0.0000
42,LosAngeles_Small,eval_slack,FaithfulMAPPER,3,0.4414,0.0243,0.8336,0.0272,839.9807,49.8614,0.6656,0.0189,1.0001,0.0001,297.9618,10.9791,479.2455,43.6514,1260.6968,100.8425,0.8456,0.0531,0.0000,0.0000,0.0000
42,LosAngeles_Small,eval_normal,FaithfulMAPPER,3,0.4636,0.0592,0.8282,0.0309,730.7729,47.5746,0.4407,0.0315,1.0001,0.0000,266.3139,40.7409,462.4068,37.7385,1203.2831,123.2584,0.9118,0.0587,0.0000,0.0000,0.0000
42,LosAngeles_Small,eval_stress_light,FaithfulMAPPER,3,0.4896,0.0863,0.8972,0.0331,791.9909,48.3866,0.4273,0.0712,1.0001,0.0001,294.4405,7.7468,496.4643,41.2872,1241.9285,45.2710,0.8450,0.0521,0.0000,0.0000,0.0000
42,LosAngeles_Small,eval_stress_heavy,FaithfulMAPPER,3,0.4678,0.0846,0.8934,0.0216,721.1751,87.4968,0.3648,0.0354,1.0001,0.0000,253.5052,47.9061,480.0086,34.3289,1171.7000,175.8254,0.9261,0.0535,0.0000,0.0000,0.0000
42,LosAngeles_Small,eval_slack,Hybrid,3,0.3852,0.0435,0.7685,0.0063,807.5423,16.3884,0.6897,0.0534,1.0005,0.0005,299.7599,29.6697,506.7255,45.5682,1389.3212,226.9624,0.9143,0.0607,0.1014,0.0000,0.0000
42,LosAngeles_Small,eval_normal,Hybrid,3,0.4229,0.0418,0.7638,0.0673,777.7222,71.3513,0.5661,0.0434,1.0001,0.0001,284.1953,23.0061,491.5571,56.3119,1267.1949,88.6619,0.8898,0.0823,0.0685,0.0000,0.0000
42,LosAngeles_Small,eval_stress_light,Hybrid,3,0.4291,0.0407,0.8057,0.0301,787.6755,109.3837,0.4021,0.0427,1.0006,0.0005,281.3810,50.1217,492.1202,73.4317,1316.4178,87.0312,0.9320,0.0809,0.0875,0.0000,0.0000
42,LosAngeles_Small,eval_stress_heavy,Hybrid,3,0.3938,0.0578,0.8192,0.0210,774.1003,125.0857,0.3744,0.0524,1.0005,0.0006,282.6688,53.8863,501.9278,61.8725,1271.7511,150.8814,0.9116,0.0622,0.0974,0.0000,0.0000
42,LosAngeles_Small,eval_slack,TamAlwaysAccept,3,0.3822,0.0284,0.6687,0.0215,806.1909,41.1661,0.7619,0.0188,1.0006,0.0006,324.9216,22.7907,487.6143,50.6942,1479.7257,128.1005,0.9102,0.0346,0.0000,0.0000,0.0000
42,LosAngeles_Small,eval_normal,TamAlwaysAccept,3,0.3639,0.0392,0.6947,0.0575,830.0840,120.3597,0.6338,0.0197,1.0002,0.0002,301.6382,26.7299,529.6197,102.7930,1340.0657,107.7757,0.8902,0.0466,0.0000,0.0000,0.0000
42,LosAngeles_Small,eval_stress_light,TamAlwaysAccept,3,0.4300,0.0476,0.7662,0.0084,807.9055,99.1492,0.5089,0.0214,1.0000,0.0000,309.5745,19.9597,514.2695,56.1668,1397.2369,82.5296,0.9041,0.0474,0.0000,0.0000,0.0000
42,LosAngeles_Small,eval_stress_heavy,TamAlwaysAccept,3,0.4039,0.0408,0.7150,0.0220,777.3766,19.0826,0.3822,0.0283,1.0001,0.0001,295.5894,10.9913,496.2511,4.6120,1358.7030,98.7622,0.9182,0.0369,0.0000,0.0000,0.0000
42,LosAngeles_Small,eval_slack,CongestionAware,3,0.5343,0.0115,1.0000,0.0000,785.8423,47.9111,0.7578,0.0227,1.0002,0.0000,253.5773,17.5318,527.3345,75.3130,1116.0997,109.0301,0.8853,0.1089,0.0000,0.0000,0.0000
42,LosAngeles_Small,eval_normal,CongestionAware,3,0.5074,0.0703,1.0000,0.0000,777.1528,59.7042,0.6569,0.0434,1.0003,0.0001,227.6420,12.3794,551.8864,61.5191,1063.6254,153.2167,0.9261,0.0959,0.0000,0.0000,0.0000
42,LosAngeles_Small,eval_stress_light,CongestionAware,3,0.4512,0.0575,1.0000,0.0000,845.5715,49.2693,0.5745,0.0129,1.0002,0.0001,209.3962,8.8424,617.9876,58.1577,1025.9097,29.1304,0.9593,0.0293,0.0000,0.0000,0.0000
42,LosAngeles_Small,eval_stress_heavy,CongestionAware,3,0.3339,0.0511,1.0000,0.0000,812.0247,173.6868,0.4320,0.0059,1.0005,0.0002,215.7505,43.8121,534.5752,82.3302,988.5202,170.5753,0.9265,0.0835,0.0000,0.0000,0.0000
42,LosAngeles_Small,eval_slack,TrafficFlow,3,0.5200,0.0617,1.0000,0.0000,808.3159,92.8028,0.7760,0.0401,1.0002,0.0001,231.4855,45.7057,617.9727,51.1270,1080.2970,57.0898,0.9215,0.1110,0.0000,0.0000,0.0000
42,LosAngeles_Small,eval_normal,TrafficFlow,3,0.4644,0.0284,1.0000,0.0000,840.5266,125.1703,0.6730,0.0044,1.0007,0.0007,197.9468,26.0552,629.5010,57.2128,1030.1011,136.4606,0.9668,0.0469,0.0000,0.0000,0.0000
42,LosAngeles_Small,eval_stress_light,TrafficFlow,3,0.4034,0.0256,1.0000,0.0000,740.2997,99.3070,0.5557,0.0255,1.0004,0.0002,223.2760,18.8681,516.5262,98.3992,1039.6810,89.1552,0.9285,0.0661,0.0000,0.0000,0.0000
42,LosAngeles_Small,eval_stress_heavy,TrafficFlow,3,0.3061,0.0086,1.0000,0.0000,811.6799,123.3781,0.4214,0.0129,1.0002,0.0001,181.6537,12.1102,622.5192,136.5395,965.6191,123.5440,0.9546,0.0642,0.0000,0.0000,0.0000
42,LosAngeles_Small,eval_slack,TokenPassing,3,0.5524,0.0145,1.0000,0.0000,780.6506,108.7878,0.7715,0.0321,1.0002,0.0001,226.1658,43.3932,588.8909,47.7901,1092.9319,106.2888,0.9418,0.0760,0.0000,0.0000,0.0000
42,LosAngeles_Small,eval_normal,TokenPassing,3,0.4766,0.0850,1.0000,0.0000,733.3130,23.2825,0.6725,0.0338,1.0002,0.0001,233.6119,45.0220,482.3591,38.0077,960.7817,107.6965,0.8379,0.0799,0.0000,0.0000,0.0000
42,LosAngeles_Small,eval_stress_light,TokenPassing,3,0.4384,0.0785,1.0000,0.0000,865.6420,65.4417,0.5753,0.0112,1.0004,0.0002,256.0617,36.9875,651.1878,60.7124,1077.8931,120.1127,0.8532,0.1304,0.0000,0.0000,0.0000
42,LosAngeles_Small,eval_stress_heavy,TokenPassing,3,0.3104,0.0175,1.0000,0.0000,788.6446,36.3208,0.4364,0.0032,1.0003,0.0001,189.3893,15.4974,641.6165,12.6997,981.1811,164.4316,0.9207,0.0881,0.0000,0.0000,0.0000
42,LosAngeles_Small,eval_slack,PIBT,3,0.3422,0.0378,1.0000,0.0000,1184.4137,28.6459,0.8725,0.0084,1.0004,0.0003,260.3579,43.8735,949.1791,96.2458,1151.2965,150.0621,0.8927,0.0793,0.0000,0.0000,0.0000
42,LosAngeles_Small,eval_normal,PIBT,3,0.3154,0.0220,1.0000,0.0000,1098.7596,90.4463,0.7331,0.0132,1.0003,0.0001,258.0048,22.9035,844.4338,103.0083,1085.9156,103.0195,0.8448,0.0784,0.0000,0.0000,0.0000
42,LosAngeles_Small,eval_stress_light,PIBT,3,0.2755,0.0400,1.0000,0.0000,1171.4064,62.6361,0.5968,0.0043,1.0002,0.0001,270.6083,31.7836,869.7695,87.1305,1136.7644,64.4935,0.8553,0.1319,0.0000,0.0000,0.0000
42,LosAngeles_Small,eval_stress_heavy,PIBT,3,0.2415,0.0314,1.0000,0.0000,1095.3843,119.5746,0.4453,0.0030,1.0002,0.0001,222.3697,46.5917,845.4800,159.8951,980.3133,141.3425,0.8935,0.0583,0.0000,0.0000,0.0000
42,Tokyo_Large,generalize_slack,MAPPO,3,0.1009,0.0805,0.5162,0.2450,1765.4546,79.0178,0.1346,0.0566,1.0000,0.0000,575.3472,173.9899,1405.3256,286.3708,2762.6355,503.5576,0.9326,0.0540,0.0000,0.0000,0.0000
42,Tokyo_Large,generalize_normal,MAPPO,3,0.1121,0.0345,0.6844,0.0258,1439.0250,120.8708,0.2347,0.0553,1.0000,0.0000,565.3750,48.2127,1146.6333,117.5437,3187.2190,355.8782,0.9686,0.0444,0.0000,0.0000,0.0000
42,Tokyo_Large,generalize_stress_light,MAPPO,3,0.1649,0.0241,0.6647,0.1296,1706.6508,221.8085,0.3309,0.0523,1.0000,0.0000,622.4389,49.7411,1390.4590,117.2791,3536.3779,111.1623,1.0000,0.0000,0.0000,0.0000,0.0000
42,Tokyo_Large,generalize_stress_heavy,MAPPO,3,0.2655,0.0274,0.7584,0.0274,1382.9395,126.4862,0.2084,0.0502,1.0000,0.0000,552.2111,48.7618,1039.5601,79.4664,2644.9534,184.6053,0.9516,0.0342,0.0000,0.0000,0.0000
42,Tokyo_Large,generalize_slack,FaithfulMAPPER,3,0.2280,0.0272,0.4386,0.0570,1824.1982,65.2329,0.4850,0.0689,1.0000,0.0000,823.5151,5.3882,1137.5297,59.7347,3709.5947,28.5134,0.9009,0.0022,0.0000,0.0000,0.0000
42,Tokyo_Large,generalize_normal,FaithfulMAPPER,3,0.2879,0.0824,0.6113,0.0388,1449.5844,299.2267,0.4362,0.0570,1.0000,0.0000,630.7964,107.7447,1157.3939,159.1293,2971.0754,624.8449,0.9358,0.0498,0.0000,0.0000,0.0000
42,Tokyo_Large,generalize_stress_light,FaithfulMAPPER,3,0.3431,0.0255,0.6047,0.0968,1420.5226,15.0798,0.3810,0.0722,1.0000,0.0000,691.8235,24.5323,929.1403,45.7333,3291.3936,89.9712,0.9524,0.0359,0.0000,0.0000,0.0000
42,Tokyo_Large,generalize_stress_heavy,FaithfulMAPPER,3,0.2860,0.0238,0.5961,0.0194,1461.6841,190.3704,0.2296,0.0417,1.0000,0.0000,696.5334,111.4849,1032.4526,42.7523,3328.4675,589.4298,0.9520,0.0360,0.0000,0.0000,0.0000
42,Tokyo_Large,generalize_slack,Hybrid,3,0.2665,0.0195,0.5108,0.0227,1620.2821,135.1579,0.4502,0.1077,1.0000,0.0000,760.7106,45.2524,1070.8563,162.7294,3389.7239,239.7728,0.8906,0.0105,-0.0898,0.0000,0.0000
42,Tokyo_Large,generalize_normal,Hybrid,3,0.2956,0.0275,0.5662,0.0255,1406.5547,200.4889,0.4157,0.0235,1.0000,0.0000,689.9395,57.7069,893.3648,176.8296,3142.2668,338.1932,0.9092,0.0214,-0.0508,0.0000,0.0000
42,Tokyo_Large,generalize_stress_light,Hybrid,3,0.3183,0.0546,0.5380,0.0678,1662.3085,62.2241,0.3858,0.0389,1.0000,0.0000,758.9899,8.3124,978.9738,28.8114,3515.8926,64.5397,0.9265,0.0171,-0.1997,0.0000,0.0000
42,Tokyo_Large,generalize_stress_heavy,Hybrid,3,0.3350,0.0384,0.5497,0.0521,1615.6998,136.3346,0.2456,0.0328,1.0000,0.0000,745.1634,58.1876,973.7744,100.1653,3448.4382,275.5107,0.9250,0.0566,-0.1059,0.0000,0.0000
42,Tokyo_Large,generalize_slack,TamAlwaysAccept,3,0.3380,0.0320,0.4922,0.0194,1529.0319,60.6502,0.4781,0.0889,1.0000,0.0000,724.7742,9.3970,943.4272,81.4449,3244.2070,14.8194,0.8954,0.0153,0.0000,0.0000,0.0000
42,Tokyo_Large,generalize_normal,TamAlwaysAccept,3,0.2754,0.0526,0.5123,0.0562,1560.8115,301.0426,0.4124,0.0526,1.0000,0.0000,778.6647,177.0692,998.2852,120.4105,3540.9609,748.0656,0.9137,0.0191,0.0000,0.0000,0.0000
42,Tokyo_Large,generalize_stress_light,TamAlwaysAccept,3,0.3574,0.0293,0.5415,0.0295,1484.5453,40.6082,0.3599,0.0238,1.0000,0.0000,678.6362,41.0302,987.0403,129.5249,3208.8254,265.8376,0.9444,0.0217,0.0000,0.0000,0.0000
42,Tokyo_Large,generalize_stress_heavy,TamAlwaysAccept,3,0.3207,0.0050,0.5400,0.0422,1470.6246,112.6833,0.2438,0.0320,1.0000,0.0000,691.0016,82.5307,988.2903,57.6411,3182.4805,386.3616,0.9219,0.0554,0.0000,0.0000,0.0000
42,Tokyo_Large,generalize_slack,CongestionAware,3,0.4690,0.0385,1.0000,0.0000,1359.5641,89.0660,0.5982,0.0128,1.0000,0.0000,548.7745,20.9418,915.9851,39.4346,2640.6680,248.9645,0.9303,0.0508,0.0000,0.0000,0.0000
42,Tokyo_Large,generalize_normal,CongestionAware,3,0.3700,0.0883,1.0000,0.0000,1455.4164,53.6687,0.5081,0.0277,1.0001,0.0001,517.5190,50.6910,1138.9142,143.1963,2520.6248,188.3577,0.9595,0.0287,0.0000,0.0000,0.0000
42,Tokyo_Large,generalize_stress_light,CongestionAware,3,0.3880,0.0503,1.0000,0.0000,1610.5929,156.4657,0.4814,0.0376,1.0000,0.0000,539.1404,132.8728,1090.5490,25.3271,2526.9646,361.2060,0.9275,0.0728,0.0000,0.0000,0.0000
42,Tokyo_Large,generalize_stress_heavy,CongestionAware,3,0.2881,0.0234,1.0000,0.0000,1601.8574,69.7913,0.3947,0.0316,1.0000,0.0000,505.4102,29.0654,1274.6301,52.5517,2381.5212,301.1599,0.9133,0.0709,0.0000,0.0000,0.0000
42,Tokyo_Large,generalize_slack,TrafficFlow,3,0.4765,0.0729,1.0000,0.0000,1412.3125,153.0327,0.6162,0.0335,1.0000,0.0000,530.4138,54.1553,950.1765,82.1893,2587.8872,349.0292,0.9587,0.0331,0.0000,0.0000,0.0000
42,Tokyo_Large,generalize_normal,TrafficFlow,3,0.4351,0.0500,1.0000,0.0000,1398.6450,98.7616,0.5253,0.0538,1.0001,0.0001,524.9262,32.8476,960.7849,58.2959,2566.5452,204.7688,0.9422,0.0818,0.0000,0.0000,0.0000
42,Tokyo_Large,generalize_stress_light,TrafficFlow,3,0.3781,0.0427,1.0000,0.0000,1573.0503,138.4130,0.4835,0.0104,1.0000,0.0000,419.8235,63.9478,1170.1193,66.4648,2206.0408,459.1037,0.9042,0.1355,0.0000,0.0000,0.0000
42,Tokyo_Large,generalize_stress_heavy,TrafficFlow,3,0.2469,0.0694,1.0000,0.0000,1806.9647,151.6654,0.3922,0.0274,1.0000,0.0000,514.1882,116.4112,1329.8298,80.1929,2903.6692,723.0714,1.0000,0.0000,0.0000,0.0000,0.0000
42,Tokyo_Large,generalize_slack,TokenPassing,3,0.4511,0.0348,1.0000,0.0000,1431.3795,72.7160,0.5828,0.0382,1.0000,0.0000,556.2395,14.6417,985.5225,14.7847,2579.3491,275.1507,0.9276,0.0972,0.0000,0.0000,0.0000
42,Tokyo_Large,generalize_normal,TokenPassing,3,0.3882,0.0246,1.0000,0.0000,1312.6849,68.9683,0.4776,0.0320,1.0001,0.0001,454.6417,34.1337,948.7726,93.2487,2311.6919,217.8128,0.9336,0.0938,0.0000,0.0000,0.0000
42,Tokyo_Large,generalize_stress_light,TokenPassing,3,0.3406,0.0250,1.0000,0.0000,1535.8696,202.1882,0.4693,0.0315,1.0000,0.0000,451.9118,54.0931,1186.6367,79.6025,2273.3359,313.3607,0.9713,0.0265,0.0000,0.0000,0.0000
42,Tokyo_Large,generalize_stress_heavy,TokenPassing,3,0.2644,0.0595,1.0000,0.0000,1787.6381,61.8146,0.3651,0.0119,1.0000,0.0000,487.0440,15.7912,1285.8794,48.9955,2663.0100,496.4124,0.9516,0.0684,0.0000,0.0000,0.0000
42,Tokyo_Large,generalize_slack,PIBT,3,0.1218,0.0330,1.0000,0.0000,2190.7871,372.7280,0.8227,0.0178,1.0000,0.0000,748.0278,104.0718,1673.7465,310.0027,3150.5706,827.9838,0.8261,0.1189,0.0000,0.0000,0.0000
42,Tokyo_Large,generalize_normal,PIBT,3,0.1308,0.0465,1.0000,0.0000,2281.2776,50.9514,0.6918,0.0099,1.0000,0.0000,475.9722,25.0716,2009.4111,138.9304,2232.0615,61.2946,0.9279,0.0511,0.0000,0.0000,0.0000
42,Tokyo_Large,generalize_stress_light,PIBT,3,0.0794,0.0173,1.0000,0.0000,2259.5334,59.6265,0.5860,0.0085,1.0000,0.0000,446.9778,115.6831,2066.9316,163.2827,2290.1035,873.1093,0.9439,0.0450,0.0000,0.0000,0.0000
42,Tokyo_Large,generalize_stress_heavy,PIBT,3,0.1144,0.0505,1.0000,0.0000,1751.2111,3.3467,0.4321,0.0110,1.0000,0.0000,518.6435,131.5064,1370.4371,237.8192,2287.9287,566.9301,0.8834,0.0050,0.0000,0.0000,0.0000
42,NewYork,generalize_slack,MAPPO,3,0.1414,0.0644,0.6475,0.0195,1867.2500,168.2455,0.2885,0.0804,1.0003,0.0005,714.2056,19.1865,1158.7001,159.4197,4141.4873,477.5182,1.0000,0.0000,0.0000,0.0000,0.0000
42,NewYork,generalize_normal,MAPPO,3,0.2566,0.0920,0.8372,0.0376,1679.0253,274.0202,0.3465,0.0472,1.0001,0.0001,536.5555,93.3134,1153.5010,208.2029,3000.5625,368.5795,0.9504,0.0701,0.0000,0.0000,0.0000
42,NewYork,generalize_stress_light,MAPPO,3,0.2549,0.0669,0.7009,0.0984,1416.1864,91.1874,0.2721,0.0491,1.0000,0.0000,581.3355,37.5462,1032.1019,69.0606,2896.9062,138.7419,0.9712,0.0204,0.0000,0.0000,0.0000
42,NewYork,generalize_stress_heavy,MAPPO,3,0.2288,0.0281,0.7932,0.0501,1586.4541,179.8953,0.2725,0.0908,1.0000,0.0000,603.2541,29.2712,1095.8273,101.6931,3031.0110,311.8517,0.9645,0.0252,0.0000,0.0000,0.0000
42,NewYork,generalize_slack,FaithfulMAPPER,3,0.2389,0.0263,0.5230,0.0586,1958.5560,114.6347,0.6048,0.0701,1.0000,0.0000,906.9077,17.8615,1282.3455,164.9639,4245.8374,100.0859,0.9371,0.0388,0.0000,0.0000,0.0000
42,NewYork,generalize_normal,FaithfulMAPPER,3,0.2722,0.0352,0.6055,0.0459,1700.1324,196.1785,0.4442,0.0540,1.0001,0.0001,785.2584,87.5357,1024.0271,88.5686,3543.7751,333.3305,0.9048,0.0261,0.0000,0.0000,0.0000
42,NewYork,generalize_stress_light,FaithfulMAPPER,3,0.3120,0.0339,0.6285,0.0420,1532.9459,115.9527,0.3795,0.0578,1.0000,0.0000,674.2116,84.7831,1020.1789,14.0861,2978.6433,220.8132,0.8901,0.0545,0.0000,0.0000,0.0000
42,NewYork,generalize_stress_heavy,FaithfulMAPPER,3,0.3797,0.0368,0.6310,0.0605,1464.2682,21.0911,0.2864,0.0216,1.0000,0.0000,652.8721,52.4004,1010.0010,66.1372,3104.7903,107.1799,0.9336,0.0752,0.0000,0.0000,0.0000
42,NewYork,generalize_slack,Hybrid,3,0.3132,0.0447,0.5462,0.0663,1811.0221,105.9118,0.6230,0.0267,1.0000,0.0000,844.1722,90.2280,1071.8071,46.3662,3860.7024,344.2714,0.9166,0.0221,-0.2733,0.0000,0.0000
42,NewYork,generalize_normal,Hybrid,3,0.3051,0.0361,0.5245,0.0356,1616.5746,220.8814,0.4888,0.0610,1.0001,0.0001,792.6328,124.8041,1056.0424,136.5368,3629.0017,582.2700,0.9156,0.0138,-0.1043,0.0000,0.0000
42,NewYork,generalize_stress_light,Hybrid,3,0.2965,0.0750,0.5379,0.0340,1555.6984,178.7108,0.3385,0.0818,1.0000,0.0000,695.2913,56.6392,963.9634,211.2059,3129.4121,244.1615,0.9004,0.0033,0.0493,0.0000,0.0000
42,NewYork,generalize_stress_heavy,Hybrid,3,0.2409,0.0430,0.5435,0.0784,1724.8101,131.8930,0.3426,0.0370,1.0000,0.0001,791.1351,68.6655,1165.4434,145.8498,3652.7283,311.5051,0.9239,0.0241,0.0231,0.0000,0.0000
42,NewYork,generalize_slack,TamAlwaysAccept,3,0.3299,0.0211,0.5004,0.0611,1671.9667,52.6789,0.6025,0.0293,1.0000,0.0000,812.5797,46.4729,1023.3277,17.9026,3661.0488,202.2402,0.9013,0.0130,0.0000,0.0000,0.0000
42,NewYork,generalize_normal,TamAlwaysAccept,3,0.2991,0.0133,0.5149,0.0289,1499.5114,58.9458,0.4963,0.0150,1.0001,0.0001,742.4329,42.4078,1068.4642,25.2006,3478.7021,302.4180,0.9360,0.0375,0.0000,0.0000,0.0000
42,NewYork,generalize_stress_light,TamAlwaysAccept,3,0.3282,0.0360,0.5264,0.0397,1503.3179,147.3194,0.3891,0.0104,1.0000,0.0000,696.5681,63.6270,957.9142,92.2525,3095.3440,269.9929,0.8891,0.0047,0.0000,0.0000,0.0000
42,NewYork,generalize_stress_heavy,TamAlwaysAccept,3,0.2802,0.0367,0.5032,0.0373,1617.4327,141.4178,0.2996,0.0279,1.0000,0.0000,760.6404,38.2653,1056.4375,74.1753,3446.6941,151.7594,0.9068,0.0233,0.0000,0.0000,0.0000
42,NewYork,generalize_slack,CongestionAware,3,0.4255,0.0433,1.0000,0.0000,1490.1074,21.0921,0.6069,0.1061,1.0000,0.0000,591.4330,9.5829,1006.1942,58.4019,2852.5579,101.6396,0.9643,0.0188,0.0000,0.0000,0.0000
42,NewYork,generalize_normal,CongestionAware,3,0.4248,0.0395,1.0000,0.0000,1548.4025,187.9673,0.5846,0.0166,1.0001,0.0001,514.9195,79.0812,1121.6991,59.1028,2479.1511,359.3672,0.9542,0.0612,0.0000,0.0000,0.0000
42,NewYork,generalize_stress_light,CongestionAware,3,0.3548,0.0180,1.0000,0.0000,1451.5225,132.4090,0.4746,0.0493,1.0000,0.0000,407.0458,75.0093,1159.6122,119.0460,2310.1990,327.1707,0.9675,0.0460,0.0000,0.0000,0.0000
42,NewYork,generalize_stress_heavy,CongestionAware,3,0.1953,0.0344,1.0000,0.0000,2013.4008,46.1163,0.3683,0.0271,1.0000,0.0000,447.2697,47.2233,1385.7609,33.3273,2350.8142,161.1260,0.9975,0.0035,0.0000,0.0000,0.0000
42,NewYork,generalize_slack,TrafficFlow,3,0.5500,0.0721,1.0000,0.0000,1348.5796,124.7358,0.6625,0.0743,1.0000,0.0000,535.3389,85.2552,977.9512,99.9604,2594.4045,391.8084,0.9714,0.0291,0.0000,0.0000,0.0000
42,NewYork,generalize_normal,TrafficFlow,3,0.3577,0.0687,1.0000,0.0000,1497.7950,152.3406,0.5591,0.0230,1.0001,0.0001,488.0963,109.0403,1104.2430,70.6750,2813.1311,372.8104,0.9913,0.0123,0.0000,0.0000,0.0000
42,NewYork,generalize_stress_light,TrafficFlow,3,0.3381,0.0229,1.0000,0.0000,1550.4952,172.9839,0.4859,0.0219,1.0000,0.0000,505.8477,72.1948,1158.7743,27.1323,2443.3264,205.2155,0.9093,0.1283,0.0000,0.0000,0.0000
42,NewYork,generalize_stress_heavy,TrafficFlow,3,0.1995,0.0617,1.0000,0.0000,1781.7372,264.5836,0.3713,0.0220,1.0000,0.0000,481.3239,77.2629,1356.0557,139.5984,2590.7893,482.4292,0.9939,0.0086,0.0000,0.0000,0.0000
42,NewYork,generalize_slack,TokenPassing,3,0.4534,0.1032,1.0000,0.0000,1450.4196,48.1744,0.5998,0.0678,1.0000,0.0000,482.1722,79.7001,1052.1570,123.0016,2539.2593,305.1123,1.0000,0.0000,0.0000,0.0000,0.0000
42,NewYork,generalize_normal,TokenPassing,3,0.3901,0.0108,1.0000,0.0000,1474.9855,122.8132,0.5711,0.0270,1.0001,0.0001,492.2320,19.5840,1087.2985,56.0227,2816.7734,513.2996,0.9675,0.0460,0.0000,0.0000,0.0000
42,NewYork,generalize_stress_light,TokenPassing,3,0.3673,0.0205,1.0000,0.0000,1436.9180,109.6527,0.4882,0.0128,1.0001,0.0000,508.4689,111.3253,1094.8179,134.0145,2476.8103,370.9272,0.9334,0.0943,0.0000,0.0000,0.0000
42,NewYork,generalize_stress_heavy,TokenPassing,3,0.2254,0.0145,1.0000,0.0000,1873.8368,235.6731,0.3823,0.0409,1.0000,0.0000,451.3010,37.1371,1433.3097,159.9473,2570.8821,38.1939,1.0000,0.0000,0.0000,0.0000,0.0000
42,NewYork,generalize_slack,PIBT,3,0.0910,0.0089,1.0000,0.0000,2051.6890,232.0076,0.8766,0.0153,1.0000,0.0000,882.8889,123.6053,1837.8145,114.6349,3756.5088,604.7848,0.8509,0.0544,0.0000,0.0000,0.0000
42,NewYork,generalize_normal,PIBT,3,0.0567,0.0095,1.0000,0.0000,2585.0276,447.8803,0.7288,0.0076,1.0001,0.0001,770.5556,73.9381,2120.7239,307.3247,4045.1487,547.9634,0.9262,0.0530,0.0000,0.0000,0.0000
42,NewYork,generalize_stress_light,PIBT,3,0.0589,0.0115,1.0000,0.0000,2832.1387,58.2573,0.5855,0.0116,1.0000,0.0000,577.0000,213.5199,2398.5000,149.1750,2599.7666,862.1763,0.9171,0.0470,0.0000,0.0000,0.0000
42,NewYork,generalize_stress_heavy,PIBT,3,0.0651,0.0396,1.0000,0.0000,2305.5398,403.6630,0.4398,0.0063,1.0000,0.0000,594.7778,161.6747,2202.8762,220.3570,2729.2590,635.2684,0.9212,0.0558,0.0000,0.0000,0.0000
42,Paris,generalize_slack,MAPPO,3,0.3207,0.0192,0.8866,0.0568,1461.4569,43.5173,0.4184,0.0654,1.0000,0.0000,502.4821,46.3826,959.0353,107.4413,2524.8354,23.7645,0.9649,0.0369,0.0000,0.0000,0.0000
42,Paris,generalize_normal,MAPPO,3,0.3849,0.0548,0.9334,0.0093,1289.3949,32.1272,0.3793,0.0662,1.0001,0.0000,513.8137,35.8086,747.3222,84.6968,2355.1741,107.7607,0.9192,0.0474,0.0000,0.0000,0.0000
42,Paris,generalize_stress_light,MAPPO,3,0.3554,0.0255,0.9080,0.0601,1296.4950,67.1773,0.1857,0.0086,1.0001,0.0000,485.3360,93.4119,892.1375,62.0145,2275.5010,195.2408,0.9338,0.0739,0.0000,0.0000,0.0000
42,Paris,generalize_stress_heavy,MAPPO,3,0.3793,0.0261,0.8620,0.0180,1154.7052,59.7142,0.1754,0.0144,1.0001,0.0001,403.6703,17.5828,813.3184,113.9926,1967.7516,102.5185,0.9739,0.0298,0.0000,0.0000,0.0000
42,Paris,generalize_slack,FaithfulMAPPER,3,0.4116,0.0378,0.8400,0.0853,1290.0509,151.9417,0.6008,0.0791,1.0000,0.0000,556.7808,54.1217,742.4117,75.6361,2543.5168,414.8615,0.9076,0.0664,0.0000,0.0000,0.0000
42,Paris,generalize_normal,FaithfulMAPPER,3,0.4292,0.0551,0.8280,0.0279,1157.6595,99.8018,0.4932,0.0516,1.0000,0.0000,481.5190,11.5505,720.9547,56.6636,2351.3596,16.9803,0.9736,0.0261,0.0000,0.0000,0.0000
42,Paris,generalize_stress_light,FaithfulMAPPER,3,0.3621,0.0176,0.7438,0.0397,1252.4288,144.1699,0.3492,0.0337,1.0000,0.0000,512.5157,52.2058,757.6652,84.3552,2530.9309,194.1266,0.9718,0.0241,0.0000,0.0000,0.0000
42,Paris,generalize_stress_heavy,FaithfulMAPPER,3,0.4074,0.0106,0.7158,0.0226,1224.0613,137.0902,0.2943,0.0549,1.0000,0.0000,521.0532,37.6804,783.6104,92.8964,2294.2983,270.6020,0.8809,0.0810,0.0000,0.0000,0.0000
42,Paris,generalize_slack,Hybrid,3,0.3303,0.0617,0.7323,0.1170,1399.8354,124.6915,0.6272,0.0437,1.0000,0.0000,614.0255,24.2956,909.8804,97.1512,2741.1946,121.1026,0.8933,0.0340,0.0881,0.0000,0.0000
42,Paris,generalize_normal,Hybrid,3,0.3827,0.0499,0.7650,0.0336,1272.0803,123.2494,0.5887,0.0521,1.0001,0.0000,534.9131,59.0100,864.0594,86.5524,2417.9539,28.8557,0.8911,0.0824,0.0802,0.0000,0.0000
42,Paris,generalize_stress_light,Hybrid,3,0.3544,0.0326,0.7079,0.0314,1230.4207,26.8328,0.3822,0.0331,1.0000,0.0000,512.9351,5.8972,810.3733,4.5318,2450.1316,133.6450,0.9549,0.0428,0.0652,0.0000,0.0000
42,Paris,generalize_stress_heavy,Hybrid,3,0.3494,0.0101,0.6425,0.0250,1246.7360,89.0495,0.3139,0.0228,1.0000,0.0000,529.6398,54.1189,837.9316,21.6915,2376.6545,291.4318,0.8961,0.0338,-0.0320,0.0000,0.0000
42,Paris,generalize_slack,TamAlwaysAccept,3,0.4029,0.0373,0.6973,0.0292,1290.5311,207.2616,0.7034,0.1150,1.0000,0.0000,591.7358,65.0045,838.0713,181.0464,2641.2461,359.5726,0.8899,0.0287,0.0000,0.0000,0.0000
42,Paris,generalize_normal,TamAlwaysAccept,3,0.3814,0.0321,0.6972,0.0348,1312.1976,20.3863,0.5848,0.0343,1.0000,0.0000,595.7056,40.0367,809.1691,31.7197,2668.9690,97.8638,0.8980,0.0285,0.0000,0.0000,0.0000
42,Paris,generalize_stress_light,TamAlwaysAccept,3,0.3368,0.0702,0.6304,0.0537,1315.6157,72.5922,0.4003,0.0226,1.0000,0.0000,577.4606,18.1867,839.0925,46.9906,2624.3464,66.3702,0.9091,0.0061,0.0000,0.0000,0.0000
42,Paris,generalize_stress_heavy,TamAlwaysAccept,3,0.3705,0.0259,0.5983,0.0235,1207.9192,89.0301,0.3270,0.0247,1.0000,0.0000,532.9931,24.1865,784.7100,137.6016,2480.3584,159.3492,0.9300,0.0196,0.0000,0.0000,0.0000
42,Paris,generalize_slack,CongestionAware,3,0.4246,0.0068,1.0000,0.0000,1178.1876,77.7332,0.6818,0.0491,1.0000,0.0000,436.6101,30.2496,750.3992,78.6934,2280.1196,218.0843,0.9513,0.0689,0.0000,0.0000,0.0000
42,Paris,generalize_normal,CongestionAware,3,0.4213,0.0296,1.0000,0.0000,1132.9370,128.2468,0.6238,0.0128,1.0001,0.0000,424.4133,53.0137,741.2530,66.5198,2267.7566,100.4555,0.9523,0.0675,0.0000,0.0000,0.0000
42,Paris,generalize_stress_light,CongestionAware,3,0.3472,0.0578,1.0000,0.0000,1260.4164,54.2032,0.5004,0.0138,1.0001,0.0000,407.6933,75.2036,831.2417,8.8793,2095.9617,114.6878,0.9642,0.0506,0.0000,0.0000,0.0000
42,Paris,generalize_stress_heavy,CongestionAware,3,0.3507,0.0428,1.0000,0.0000,1128.4570,25.4885,0.3928,0.0315,1.0002,0.0001,376.1655,36.1937,756.7571,87.0396,1928.8629,240.1506,0.9237,0.0837,0.0000,0.0000,0.0000
42,Paris,generalize_slack,TrafficFlow,3,0.5217,0.0480,1.0000,0.0000,1094.9667,143.7288,0.6862,0.0402,1.0000,0.0000,455.2615,96.3092,715.8375,94.4475,2241.7888,360.7857,0.9088,0.0746,0.0000,0.0000,0.0000
42,Paris,generalize_normal,TrafficFlow,3,0.3695,0.0100,1.0000,0.0000,1215.0082,84.2392,0.5870,0.0061,1.0000,0.0000,371.7258,61.1241,869.4998,53.1313,2100.1594,120.0432,1.0000,0.0000,0.0000,0.0000,0.0000
42,Paris,generalize_stress_light,TrafficFlow,3,0.3492,0.0594,1.0000,0.0000,1168.3984,114.6254,0.4981,0.0193,1.0000,0.0000,368.3496,77.6875,864.8333,88.2526,2023.3949,245.5747,1.0000,0.0000,0.0000,0.0000,0.0000
42,Paris,generalize_stress_heavy,TrafficFlow,3,0.3509,0.0709,1.0000,0.0000,1131.6309,71.7722,0.3959,0.0092,1.0001,0.0000,336.2168,13.2739,810.0752,122.4535,1954.4437,496.6624,0.9131,0.1229,0.0000,0.0000,0.0000
42,Paris,generalize_slack,TokenPassing,3,0.4553,0.0422,1.0000,0.0000,1192.1437,139.6302,0.7096,0.0571,1.0001,0.0000,437.1719,45.9084,813.4810,79.0460,2322.9707,292.2777,1.0000,0.0000,0.0000,0.0000,0.0000
42,Paris,generalize_normal,TokenPassing,3,0.4261,0.0250,1.0000,0.0000,1121.5663,21.0636,0.6043,0.0268,1.0001,0.0000,362.1931,47.8234,765.7281,20.6904,2139.3682,63.9125,1.0000,0.0000,0.0000,0.0000,0.0000
42,Paris,generalize_stress_light,TokenPassing,3,0.3661,0.0569,1.0000,0.0000,1222.4286,24.5612,0.5174,0.0072,1.0000,0.0001,407.8234,69.0470,895.3030,63.3344,1942.1660,40.3156,0.9237,0.0878,0.0000,0.0000,0.0000
42,Paris,generalize_stress_heavy,TokenPassing,3,0.2843,0.0214,1.0000,0.0000,1160.9220,79.8692,0.3872,0.0141,1.0001,0.0000,412.6778,67.4528,807.9656,46.5326,1960.5192,85.1415,0.9337,0.0917,0.0000,0.0000,0.0000
42,Paris,generalize_slack,PIBT,3,0.2050,0.0182,1.0000,0.0000,1881.7310,251.3898,0.8683,0.0100,1.0001,0.0000,498.6956,125.8562,1597.6949,125.0387,2200.6296,429.9456,0.8989,0.0657,0.0000,0.0000,0.0000
42,Paris,generalize_normal,PIBT,3,0.1919,0.0285,1.0000,0.0000,1822.0424,257.5879,0.7094,0.0026,1.0001,0.0000,536.6875,73.7577,1409.9623,175.7064,2275.1765,264.5557,0.8526,0.0564,0.0000,0.0000,0.0000
42,Paris,generalize_stress_light,PIBT,3,0.1636,0.0235,1.0000,0.0000,1854.3060,134.7304,0.5704,0.0122,1.0001,0.0001,457.6952,66.5876,1439.2362,109.8488,2220.0977,266.0404,0.9626,0.0348,0.0000,0.0000,0.0000
42,Paris,generalize_stress_heavy,PIBT,3,0.1938,0.0179,1.0000,0.0000,1639.1102,124.1820,0.4395,0.0007,1.0000,0.0000,422.9198,84.9048,1176.4556,49.9739,2012.3389,260.6074,0.9192,0.1143,0.0000,0.0000,0.0000
42,London,generalize_slack,MAPPO,3,0.2368,0.0771,0.8567,0.0333,1598.1971,136.3794,0.3678,0.0587,1.0000,0.0000,555.6310,96.4175,1050.5548,94.7159,2868.7703,539.6507,0.9935,0.0092,0.0000,0.0000,0.0000
42,London,generalize_normal,MAPPO,3,0.3122,0.0399,0.8913,0.0453,1297.8368,116.4295,0.2786,0.0264,1.0000,0.0000,480.3304,74.7097,918.0899,39.1429,2927.3564,151.3273,1.0000,0.0000,0.0000,0.0000,0.0000
42,London,generalize_stress_light,MAPPO,3,0.3871,0.0618,0.9491,0.0154,1528.1641,92.8321,0.2294,0.0500,1.0000,0.0000,589.3574,109.4806,985.9802,78.7799,3131.2070,343.5932,0.9802,0.0280,0.0000,0.0000,0.0000
42,London,generalize_stress_heavy,MAPPO,3,0.3494,0.0919,0.8319,0.0153,1315.5518,143.2335,0.1908,0.0646,1.0000,0.0000,514.5375,22.0550,862.2045,30.9065,2416.5144,131.2210,0.9395,0.0380,0.0000,0.0000,0.0000
42,London,generalize_slack,FaithfulMAPPER,3,0.3839,0.0379,0.7534,0.0368,1458.0161,207.5144,0.5640,0.0095,1.0000,0.0000,698.6358,89.5904,973.0474,99.9209,2888.7849,465.8157,0.8241,0.0559,0.0000,0.0000,0.0000
42,London,generalize_normal,FaithfulMAPPER,3,0.3909,0.0075,0.8030,0.0321,1541.0587,32.5623,0.4382,0.0929,1.0000,0.0000,686.6559,35.7601,921.5593,47.9151,3020.3132,185.6049,0.8813,0.0594,0.0000,0.0000,0.0000
42,London,generalize_stress_light,FaithfulMAPPER,3,0.4197,0.0725,0.8103,0.0427,1680.3109,186.4588,0.3741,0.0203,1.0000,0.0000,746.9119,70.3146,991.4548,87.8630,3374.8274,189.1178,0.9085,0.0601,0.0000,0.0000,0.0000
42,London,generalize_stress_heavy,FaithfulMAPPER,3,0.4694,0.0219,0.7750,0.0557,1501.2386,66.9841,0.2916,0.0151,1.0000,0.0000,639.2791,20.5387,893.6470,53.7453,2804.0312,138.4986,0.8768,0.0154,0.0000,0.0000,0.0000
42,London,generalize_slack,Hybrid,3,0.4242,0.1387,0.7233,0.0810,1469.0898,126.7869,0.6121,0.0342,1.0000,0.0000,708.1064,80.0633,937.8206,16.5073,2975.2493,571.7975,0.8323,0.0771,-0.0327,0.0000,0.0000
42,London,generalize_normal,Hybrid,3,0.3862,0.0141,0.7529,0.0129,1563.5537,56.9948,0.4676,0.0335,1.0000,0.0000,663.7779,54.7392,1036.7661,21.1205,3087.5457,258.2359,0.9304,0.0178,0.0257,0.0000,0.0000
42,London,generalize_stress_light,Hybrid,3,0.3796,0.0662,0.7634,0.0624,1766.1884,107.3538,0.3139,0.0465,1.0000,0.0000,817.2436,56.1257,1034.5077,73.3719,3614.8154,200.0161,0.8876,0.0655,0.0246,0.0000,0.0000
42,London,generalize_stress_heavy,Hybrid,3,0.4359,0.1172,0.7091,0.0622,1470.6387,48.6652,0.2381,0.0374,1.0000,0.0000,636.1638,28.3256,902.3815,69.5509,2826.0588,65.4220,0.8893,0.0200,-0.1857,0.0000,0.0000
42,London,generalize_slack,TamAlwaysAccept,3,0.3840,0.0961,0.6526,0.0798,1496.9023,106.7956,0.6061,0.0119,1.0000,0.0000,741.3849,73.5666,943.9354,94.4944,3290.5691,109.6754,0.8939,0.0632,0.0000,0.0000,0.0000
42,London,generalize_normal,TamAlwaysAccept,3,0.3547,0.0318,0.6157,0.0371,1496.9562,45.1498,0.4709,0.0119,1.0000,0.0000,753.4276,40.7688,954.0486,85.7706,3384.0110,161.0925,0.8990,0.0262,0.0000,0.0000,0.0000
42,London,generalize_stress_light,TamAlwaysAccept,3,0.3649,0.0173,0.6651,0.0250,1782.5674,54.5884,0.3770,0.0205,1.0000,0.0000,870.1907,3.0479,1028.5601,45.9041,3851.1672,57.0052,0.8851,0.0107,0.0000,0.0000,0.0000
42,London,generalize_stress_heavy,TamAlwaysAccept,3,0.4442,0.0572,0.6831,0.0662,1453.7882,82.7025,0.2320,0.0192,1.0000,0.0000,652.3754,12.4404,914.5228,99.6212,2864.7488,152.1416,0.8777,0.0302,0.0000,0.0000,0.0000
42,London,generalize_slack,CongestionAware,3,0.4980,0.0855,1.0000,0.0000,1319.9999,80.4540,0.6626,0.0681,1.0000,0.0000,548.5969,70.5222,787.3161,84.2408,2725.9016,34.5961,0.9504,0.0702,0.0000,0.0000,0.0000
42,London,generalize_normal,CongestionAware,3,0.4259,0.0883,1.0000,0.0000,1225.1851,122.3868,0.5194,0.0795,1.0000,0.0000,510.0253,87.3615,828.5700,61.5746,2789.2441,330.7489,0.9886,0.0161,0.0000,0.0000,0.0000
42,London,generalize_stress_light,CongestionAware,3,0.4124,0.0670,1.0000,0.0000,1343.1729,46.0462,0.4673,0.0232,1.0000,0.0000,500.3011,76.3740,952.9780,121.3616,3115.9646,60.8707,1.0000,0.0000,0.0000,0.0000,0.0000
42,London,generalize_stress_heavy,CongestionAware,3,0.3431,0.0397,1.0000,0.0000,1462.2562,60.5928,0.3768,0.0157,1.0000,0.0000,505.5249,44.8239,1075.9408,20.9262,2525.7798,132.4252,0.9844,0.0221,0.0000,0.0000,0.0000
42,London,generalize_slack,TrafficFlow,3,0.4983,0.0466,1.0000,0.0000,1280.6238,25.5840,0.6698,0.0417,1.0000,0.0000,523.7614,18.7248,859.9553,32.4521,2578.0569,165.3559,0.9487,0.0377,0.0000,0.0000,0.0000
42,London,generalize_normal,TrafficFlow,3,0.4191,0.1015,1.0000,0.0000,1305.6940,160.6214,0.5036,0.0827,1.0000,0.0000,565.2136,112.1960,860.0898,24.8901,3007.1409,319.3725,0.9873,0.0179,0.0000,0.0000,0.0000
42,London,generalize_stress_light,TrafficFlow,3,0.3420,0.0672,1.0000,0.0000,1483.3612,25.5909,0.4507,0.0362,1.0000,0.0000,535.4338,43.3862,1085.9315,19.8211,3082.1465,243.8714,1.0000,0.0000,0.0000,0.0000,0.0000
42,London,generalize_stress_heavy,TrafficFlow,3,0.3788,0.0747,1.0000,0.0000,1373.3555,110.8237,0.3772,0.0335,1.0000,0.0000,554.0279,84.0923,939.9450,75.3581,2575.6086,292.9977,0.9219,0.0648,0.0000,0.0000,0.0000
42,London,generalize_slack,TokenPassing,3,0.4906,0.0700,1.0000,0.0000,1264.4122,82.6239,0.6659,0.0261,1.0000,0.0000,528.5833,23.4393,790.9664,53.2674,2592.2969,242.3875,0.9480,0.0375,0.0000,0.0000,0.0000
42,London,generalize_normal,TokenPassing,3,0.4455,0.0057,1.0000,0.0000,1222.0511,84.7373,0.5168,0.1003,1.0000,0.0000,500.7036,45.4722,825.5627,36.1301,2995.4797,231.2362,0.9823,0.0250,0.0000,0.0000,0.0000
42,London,generalize_stress_light,TokenPassing,3,0.3668,0.0357,1.0000,0.0000,1593.1232,78.2123,0.4758,0.0111,1.0000,0.0000,634.7184,108.2875,1057.8455,113.1384,3101.8611,121.8449,0.9339,0.0935,0.0000,0.0000,0.0000
42,London,generalize_stress_heavy,TokenPassing,3,0.2736,0.0788,1.0000,0.0000,1550.2601,210.5153,0.3747,0.0286,1.0000,0.0000,500.1282,71.0762,1091.1090,100.2955,2709.6809,452.4514,0.9970,0.0042,0.0000,0.0000,0.0000
42,London,generalize_slack,PIBT,3,0.1922,0.0318,1.0000,0.0000,2000.4183,341.7725,0.8687,0.0012,1.0000,0.0000,554.5325,144.6185,1717.5629,223.9104,2482.2620,788.6551,0.8806,0.0788,0.0000,0.0000,0.0000
42,London,generalize_normal,PIBT,3,0.1810,0.0493,1.0000,0.0000,2182.6338,252.5854,0.7012,0.0329,1.0000,0.0000,653.6220,79.9890,1692.9154,190.4392,2947.7068,439.7265,0.8760,0.0877,0.0000,0.0000,0.0000
42,London,generalize_stress_light,PIBT,3,0.2305,0.0361,1.0000,0.0000,2047.8676,226.9599,0.5912,0.0059,1.0000,0.0000,663.4666,160.2107,1591.6246,64.1499,3098.0325,251.4027,0.9215,0.0994,0.0000,0.0000,0.0000
42,London,generalize_stress_heavy,PIBT,3,0.1556,0.0157,1.0000,0.0000,2071.0178,326.8786,0.4384,0.0101,1.0000,0.0000,576.2976,33.9027,1658.4381,275.3036,2775.9387,227.5247,0.9500,0.0588,0.0000,0.0000,0.0000
