seed,global_episode,city,phase,policy_mode,total_steps,n_agents_max,tasks_appeared,tasks_completed,throughput_rate,accept_rate,refuse_rate,latency_mean,latency_per_agent,agent_utilisation,mean_congestion,mean_trip_steps,mean_wait_steps,mean_road_pd_m,delivery_route_efficiency,bbox_area_km2,convex_hull_km2,mean_pd_hav_m,mean_nn_pickup_m,compute_time_per_task_ms,compute_time_per_decision_us,pairing_violations,capacity_violations,actor_loss,critic_loss,entropy,adv_std,n_experiences,completion_per_accepted,unfinished_accept_rate,mean_congestion_at_decision,n_ghost_active_mean,congestion_profile,agent_completed_gini,agent_completed_std,mean_imp_accepted,mean_imp_refused,accept_rate_high_cong,accept_rate_low_cong,mean_extra_steps_per_task,peak_congestion,mean_overlap_edges,congestion_variance,route_congestion_exposure,max_agent_completed,min_agent_completed,total_fleet_distance_m,wallclock_ms
42,0,Tokyo_Small,eval,MAPPO,3600,8,130,61,0.4692,0.8692,0.1308,741.6393,148.3279,0.6427,1.0028,294.2745,499.2826,1223.8247,0.8318,29.6079,25.6958,906.9254,241.2281,127.5769,15947.1152,0,0,0.0000,0.0000,0.0000,0.0000,0,0.5398,0.4602,1.0007,2.0000,flat,0.2469,0.4380,1.2342,1.2663,0.8692,0.0000,49.5096,2,0.0158,0.0230,0.3527,8,1,74653.3047,16585
42,1,Tokyo_Small,eval,MAPPO,3600,8,135,84,0.6222,0.9704,0.0296,717.6071,143.5214,0.6258,1.0001,237.8630,510.6094,1092.7477,0.9188,29.3572,26.9962,791.9152,194.3047,76.4667,9558.3330,0,0,0.0000,0.0000,0.0000,0.0000,0,0.6412,0.3588,1.0000,2.0000,flat,0.1843,0.3270,1.2628,1.0010,0.9704,0.0000,19.3135,2,0.0006,0.0023,0.4127,9,3,91790.8047,10323
42,2,Tokyo_Small,eval,MAPPO,3600,8,129,65,0.5039,0.8992,0.1008,793.1693,198.2923,0.6073,1.0002,255.8596,543.9483,1241.7557,0.9707,29.2780,27.3966,875.9965,224.8819,88.3798,11047.4805,1,0,0.0000,0.0000,0.0000,0.0000,0,0.5603,0.4397,1.0000,2.0000,flat,0.1762,0.3258,1.2230,1.2792,0.8992,0.0000,7.5085,2,0.0014,0.0049,0.3437,8,3,80714.1250,11401
42,3,Tokyo_Small,eval,MAPPO,3600,8,117,59,0.5043,0.9402,0.0598,771.8305,192.9576,0.5426,1.0003,258.5000,571.2200,1314.6260,1.0000,29.5886,26.1836,937.2425,220.1743,179.4701,22433.7598,0,0,0.0000,0.0000,0.0000,0.0000,0,0.5364,0.4636,1.0000,2.0000,flat,0.3443,0.6163,1.2177,1.1265,0.9402,0.0000,0.0000,2,0.0033,0.0061,0.3383,10,1,77562.9297,20998
42,4,Tokyo_Small,eval,MAPPO,3600,8,132,79,0.5985,0.9697,0.0303,824.1519,164.8304,0.6511,1.0005,238.7879,570.1865,1165.9410,0.9765,29.4076,26.1272,902.5417,215.9731,117.6364,14704.5459,0,0,0.0000,0.0000,0.0000,0.0000,0,0.6172,0.3828,1.0028,2.0000,flat,0.3048,0.5890,1.2976,1.0738,0.9697,0.0000,5.5997,2,0.0044,0.0081,0.3282,15,1,92109.3438,15528
42,5,Tokyo_Small,eval,FaithfulMAPPER,3600,8,130,49,0.3769,0.7846,0.2154,829.8367,207.4592,0.6087,1.0001,292.8222,538.5400,1343.4639,0.9176,29.1105,25.4210,953.6919,250.3485,108.2692,13533.6543,0,0,0.0000,0.0000,0.0000,0.0000,0,0.4804,0.5196,1.0000,2.0000,flat,0.2039,0.3679,1.2335,1.2566,0.7846,0.0000,24.1295,2,0.0006,0.0026,0.3307,6,2,65829.7266,14075
42,6,Tokyo_Small,eval,FaithfulMAPPER,3600,8,135,53,0.3926,0.6889,0.3111,927.2830,231.8208,0.6103,1.0000,308.8367,576.3542,1293.7723,0.8378,29.3013,26.3442,978.9435,272.8670,85.2000,10650.0000,0,0,0.0000,0.0000,0.0000,0.0000,0,0.5699,0.4301,1.0000,2.0000,flat,0.1105,0.2111,1.2366,1.2959,0.6889,0.0000,50.0823,1,0.0000,0.0000,0.3098,6,3,68569.9375,11502
42,7,Tokyo_Small,eval,FaithfulMAPPER,3600,8,129,52,0.4031,0.7442,0.2558,927.7308,185.5462,0.6523,1.0001,283.2222,627.1628,1346.2523,0.9507,29.2780,27.4034,993.5493,266.6782,119.1550,14894.3799,0,0,0.0000,0.0000,0.0000,0.0000,0,0.5417,0.4583,1.0000,2.0000,flat,0.1944,0.3680,1.2115,1.2785,0.7442,0.0000,13.9718,2,0.0006,0.0024,0.3065,7,1,70005.1172,15371
42,8,Tokyo_Small,eval,FaithfulMAPPER,3600,8,117,49,0.4188,0.7350,0.2650,949.1837,189.8367,0.6283,1.0001,356.5116,557.6279,1696.0752,0.9515,29.4716,26.1189,1112.9069,263.3499,104.5641,13070.5127,0,0,0.0000,0.0000,0.0000,0.0000,0,0.5698,0.4302,1.0000,2.0000,flat,0.1522,0.2784,1.2056,1.2307,0.7350,0.0000,17.2966,2,0.0008,0.0035,0.2936,6,2,83107.6875,12234
42,9,Tokyo_Small,eval,FaithfulMAPPER,3600,8,132,46,0.3485,0.7424,0.2576,1012.5217,202.5043,0.7008,1.0000,389.9500,676.8605,1550.9775,0.7955,29.3355,26.3166,1060.3989,248.4355,158.9621,19870.2656,0,0,0.0000,0.0000,0.0000,0.0000,0,0.4694,0.5306,1.0007,2.0000,flat,0.1865,0.3401,1.3108,1.2331,0.7424,0.0000,79.7545,2,0.0006,0.0019,0.2610,5,1,71344.9688,20983
42,10,Tokyo_Small,eval,Hybrid,3600,8,130,43,0.3308,0.6923,0.3077,814.5582,162.9116,0.6652,1.0001,308.4250,528.8605,1284.8762,0.8332,29.3044,24.9760,1021.9158,274.9806,112.4923,14061.5381,0,0,-0.0000,0.0000,0.0000,0.0000,407,0.4778,0.5222,1.0000,2.0000,flat,0.1687,0.3037,1.2164,1.2880,0.6923,0.0000,51.4497,2,0.0006,0.0028,0.2856,5,2,55249.6758,14624
42,11,Tokyo_Small,eval,Hybrid,3600,8,135,43,0.3185,0.5259,0.4741,936.4651,187.2930,0.6604,1.0000,338.1500,620.0732,1419.3225,0.8395,28.8285,26.3101,1109.6417,335.6917,109.1185,13639.8145,0,0,-0.0000,0.0000,0.0000,0.0000,300,0.6056,0.3944,1.0000,2.0000,flat,0.1565,0.3037,1.2585,1.2512,0.5259,0.0000,54.2855,2,0.0003,0.0028,0.2401,6,2,61030.8711,14731
42,12,Tokyo_Small,eval,Hybrid,3600,8,129,31,0.2403,0.4961,0.5039,1028.5161,205.7032,0.6280,1.0001,403.0333,611.5143,1648.8855,0.8182,29.0937,27.2294,1213.9572,354.5787,104.3256,13040.6973,0,0,-0.0000,0.0000,0.0000,0.0000,285,0.4844,0.5156,1.0000,2.0000,flat,0.0941,0.1908,1.2689,1.1891,0.4961,0.0000,73.2562,2,0.0008,0.0042,0.2205,3,2,51115.4492,13458
42,13,Tokyo_Small,eval,Hybrid,3600,8,117,39,0.3333,0.5299,0.4701,960.1539,192.0308,0.6517,1.0000,418.8108,550.0541,1933.2834,0.9232,28.4427,25.2407,1344.9908,323.3537,102.0855,12760.6836,0,0,-0.0000,0.0000,0.0000,0.0000,247,0.6290,0.3710,1.0000,2.0000,flat,0.1914,0.3616,1.2079,1.2171,0.5299,0.0000,32.1541,1,0.0000,0.0000,0.2565,5,1,75398.0547,11944
42,14,Tokyo_Small,eval,Hybrid,3600,8,132,37,0.2803,0.5758,0.4242,1063.8649,212.7730,0.6726,1.0014,417.4000,641.9730,1738.4963,0.8330,29.0312,25.8906,1232.3458,301.6285,120.3788,15047.3486,0,0,-0.0000,0.0000,0.0000,0.0000,349,0.4868,0.5132,1.0062,2.0000,flat,0.2214,0.4071,1.2812,1.3039,0.5758,0.0000,69.7007,2,0.0081,0.0164,0.2360,5,1,64324.3672,15890
42,15,Tokyo_Small,eval,TamAlwaysAccept,3600,8,130,42,0.3231,0.5462,0.4538,746.7857,149.3571,0.6462,1.0001,296.5250,469.3409,1264.2026,0.8527,26.6580,21.4798,1051.6510,314.2187,89.6538,11206.7305,0,0,0.0000,0.0000,0.0000,0.0000,0,0.5915,0.4085,1.0000,2.0000,flat,0.1071,0.2474,1.2699,1.2006,0.5462,0.0000,43.6845,2,0.0006,0.0037,0.2909,4,1,53096.5117,11655
42,16,Tokyo_Small,eval,TamAlwaysAccept,3600,8,135,41,0.3037,0.4519,0.5481,840.2683,168.0537,0.6669,1.0000,342.1951,526.3571,1539.4011,0.8997,28.1715,24.4329,1179.2323,366.0605,85.4741,10684.2588,0,0,0.0000,0.0000,0.0000,0.0000,0,0.6721,0.3279,1.0000,2.0000,flat,0.0792,0.1871,1.2870,1.2287,0.4519,0.0000,34.3149,2,0.0003,0.0017,0.2543,5,3,63115.4453,11539
42,17,Tokyo_Small,eval,TamAlwaysAccept,3600,8,129,30,0.2326,0.3798,0.6202,904.8666,226.2167,0.5995,1.0000,411.8000,555.2353,1683.8167,0.8178,28.8007,25.7738,1320.7180,427.3622,89.1318,11141.4727,0,0,0.0000,0.0000,0.0000,0.0000,0,0.6122,0.3878,1.0000,2.0000,flat,0.1444,0.3055,1.2108,1.2396,0.3798,0.0000,75.0367,1,0.0000,0.0000,0.2191,3,1,50514.5000,11498
42,18,Tokyo_Small,eval,TamAlwaysAccept,3600,8,117,27,0.2308,0.4103,0.5897,865.7407,173.1481,0.6680,1.0000,425.7037,586.0000,1615.3873,0.7589,28.8074,25.7502,1437.2072,381.7199,125.8718,15733.9746,0,0,0.0000,0.0000,0.0000,0.0000,0,0.5625,0.4375,1.0000,2.0000,flat,0.2068,0.4108,1.1839,1.2320,0.4103,0.0000,102.6263,1,0.0000,0.0000,0.1943,3,0,43615.4570,14727
42,19,Tokyo_Small,eval,TamAlwaysAccept,3600,8,132,38,0.2879,0.4697,0.5303,943.7368,188.7474,0.7125,1.0000,408.6316,551.0000,1696.9713,0.8306,29.1026,25.3564,1291.2600,333.5074,135.7273,16965.9082,0,0,0.0000,0.0000,0.0000,0.0000,0,0.6129,0.3871,1.0000,2.0000,flat,0.1623,0.3114,1.3727,1.2183,0.4697,0.0000,69.2373,2,0.0003,0.0021,0.2143,4,1,64484.9102,17916
42,20,Kyoto_Small,eval,MAPPO,3600,8,128,75,0.5859,0.8906,0.1094,894.1600,178.8320,0.6777,1.0005,308.1905,631.5385,1243.8082,0.8072,19.7537,18.1549,863.7494,187.0628,110.7031,13837.8906,0,0,0.0000,0.0000,0.0000,0.0000,0,0.6579,0.3421,1.0000,2.0000,flat,0.1861,0.3742,1.2589,1.3088,0.8906,0.0000,59.4288,2,0.0031,0.0093,0.4034,10,2,93285.6172,14170
42,21,Kyoto_Small,eval,MAPPO,3600,8,128,87,0.6797,0.9844,0.0156,719.4138,143.8828,0.6503,1.0001,276.9589,445.5303,1196.2235,0.8638,19.5607,17.7516,844.4362,168.1391,40.5000,5062.5000,0,0,0.0000,0.0000,0.0000,0.0000,0,0.6905,0.3095,1.0000,2.0000,flat,0.2039,0.3665,1.2463,0.9798,0.9844,0.0000,37.7142,2,0.0011,0.0039,0.3836,11,2,104071.4453,5184
42,22,Kyoto_Small,eval,MAPPO,3600,8,110,74,0.6727,1.0000,0.0000,691.6622,230.5541,0.4997,1.0002,223.5312,477.1964,1107.1599,0.9906,20.1420,18.0842,792.4923,189.7080,48.0182,6002.2729,0,0,0.0000,0.0000,0.0000,0.0000,0,0.6727,0.3273,1.0000,2.0000,flat,0.2423,0.4969,1.3076,0.0000,1.0000,0.0000,2.0993,2,0.0011,0.0050,0.4067,12,3,81929.8281,5282
42,23,Kyoto_Small,eval,MAPPO,3600,8,128,82,0.6406,0.9609,0.0391,755.9268,151.1854,0.6482,1.0001,217.6528,553.7761,1044.2183,0.9595,19.9105,18.1277,751.5557,170.7802,83.1016,10387.6953,0,0,0.0000,0.0000,0.0000,0.0000,0,0.6667,0.3333,1.0007,2.0000,flat,0.2117,0.3793,1.3043,1.1355,0.9609,0.0000,8.8091,2,0.0011,0.0030,0.3758,11,2,85625.8906,10637
42,24,Kyoto_Small,eval,MAPPO,3600,8,126,77,0.6111,0.9762,0.0238,817.9611,204.4903,0.5909,1.0006,257.4844,583.5273,1199.2472,0.9315,19.7259,17.9326,848.8624,180.4944,72.6190,9077.3809,0,0,0.0000,0.0000,0.0000,0.0000,0,0.6260,0.3740,1.0011,2.0000,flat,0.2315,0.4268,1.1917,1.6692,0.9762,0.0000,17.6349,2,0.0050,0.0089,0.3882,10,3,92342.0391,9150
42,25,Kyoto_Small,eval,FaithfulMAPPER,3600,8,128,63,0.4922,0.7969,0.2031,811.1746,162.2349,0.7174,1.0012,317.4035,502.2758,1248.1461,0.7865,19.7517,17.9352,919.9059,202.2772,76.7969,9599.6094,0,0,0.0000,0.0000,0.0000,0.0000,0,0.6176,0.3824,1.0031,2.0000,flat,0.1868,0.3361,1.2320,1.3914,0.7969,0.0000,67.7743,2,0.0047,0.0214,0.3184,8,2,78633.2031,9830
42,26,Kyoto_Small,eval,FaithfulMAPPER,3600,8,128,53,0.4141,0.8125,0.1875,846.4528,169.2906,0.6650,1.0001,352.7083,528.8750,1499.6747,0.8504,19.5607,17.7006,945.9128,180.5392,88.1250,11015.6250,0,0,0.0000,0.0000,0.0000,0.0000,0,0.5096,0.4904,1.0000,2.0000,flat,0.0694,0.1443,1.2658,1.1392,0.8125,0.0000,52.7734,2,0.0006,0.0037,0.3042,5,3,79482.7578,11280
42,27,Kyoto_Small,eval,FaithfulMAPPER,3600,8,110,55,0.5000,0.7909,0.2091,807.8727,201.9682,0.6242,1.0002,339.2500,495.8302,1245.1862,0.7341,19.7316,17.7110,930.8052,223.1779,59.3364,7417.0454,0,0,0.0000,0.0000,0.0000,0.0000,0,0.6322,0.3678,1.0000,2.0000,flat,0.1378,0.2551,1.3074,1.3084,0.7909,0.0000,90.2128,2,0.0014,0.0048,0.3141,6,2,68485.2422,6527
42,28,Kyoto_Small,eval,FaithfulMAPPER,3600,8,128,56,0.4375,0.6719,0.3281,815.9286,163.1857,0.6260,1.0001,286.7800,536.4348,1317.4481,0.9188,19.5665,17.4198,933.2450,218.1757,55.0859,6885.7422,0,0,0.0000,0.0000,0.0000,0.0000,0,0.6512,0.3488,1.0006,2.0000,flat,0.1500,0.2742,1.2948,1.3036,0.6719,0.0000,23.2904,2,0.0006,0.0024,0.3368,6,3,73777.0938,7051
42,29,Kyoto_Small,eval,FaithfulMAPPER,3600,8,126,58,0.4603,0.8492,0.1508,844.5517,168.9103,0.6620,1.0001,313.3200,568.7447,1266.3794,0.8084,19.7168,17.8379,934.4422,203.0567,79.1349,9891.8652,0,0,0.0000,0.0000,0.0000,0.0000,0,0.5421,0.4579,1.0008,2.0000,flat,0.2276,0.4142,1.1692,1.3942,0.8492,0.0000,60.0441,2,0.0006,0.0025,0.3192,8,2,73450.0078,9971
42,30,Kyoto_Small,eval,Hybrid,3600,8,128,47,0.3672,0.6641,0.3359,934.2979,186.8596,0.6706,1.0005,317.9111,592.2500,1316.1710,0.8280,19.7517,17.7719,996.6946,239.6642,74.0391,9254.8828,0,0,-0.0000,0.0000,0.0000,0.0000,389,0.5529,0.4471,1.0000,2.0000,flat,0.0606,0.1286,1.2193,1.3535,0.6641,0.0000,54.6769,2,0.0025,0.0101,0.2872,4,3,61860.0391,9477
42,31,Kyoto_Small,eval,Hybrid,3600,8,128,43,0.3359,0.6094,0.3906,937.2558,187.4512,0.6850,1.0006,333.6667,596.4091,1505.3326,0.9023,19.3346,17.6275,1109.5858,236.4238,73.3750,9171.8750,0,0,-0.0000,0.0000,0.0000,0.0000,338,0.5513,0.4487,1.0000,2.0000,flat,0.1453,0.2662,1.2419,1.2424,0.6094,0.0000,32.6001,2,0.0031,0.0107,0.2577,5,2,64729.3047,9392
42,32,Kyoto_Small,eval,Hybrid,3600,8,110,44,0.4000,0.6545,0.3455,770.3182,154.0636,0.6437,1.0000,308.3571,489.8085,1345.7567,0.8729,19.5421,17.5363,1010.9280,270.0110,64.9182,8114.7729,0,0,-0.0000,0.0000,0.0000,0.0000,304,0.6111,0.3889,1.0000,2.0000,flat,0.2151,0.3857,1.2995,1.3229,0.6545,0.0000,39.2058,2,0.0003,0.0024,0.2695,6,2,59213.2969,7141
42,33,Kyoto_Small,eval,Hybrid,3600,8,128,47,0.3672,0.6016,0.3984,822.0851,164.4170,0.6361,1.0002,311.2954,532.6445,1315.8640,0.8454,19.5665,17.5436,976.5773,233.9779,61.3516,7668.9453,0,0,-0.0000,0.0000,0.0000,0.0000,340,0.6104,0.3896,1.0000,2.0000,flat,0.2273,0.4215,1.2854,1.3162,0.6016,0.0000,48.1227,2,0.0014,0.0055,0.3065,7,2,61845.6094,7853
42,34,Kyoto_Small,eval,Hybrid,3600,8,126,48,0.3810,0.7143,0.2857,834.5000,208.6250,0.6108,1.0007,308.6136,546.3696,1358.0790,0.8801,19.3372,17.7325,1017.4333,239.4348,76.6508,9581.3496,0,0,-0.0000,0.0000,0.0000,0.0000,408,0.5333,0.4667,1.0000,2.0000,flat,0.1046,0.1938,1.1761,1.2706,0.7143,0.0000,36.9979,2,0.0042,0.0116,0.2791,5,3,65187.7930,9658
42,35,Kyoto_Small,eval,TamAlwaysAccept,3600,8,128,39,0.3047,0.5156,0.4844,839.5641,167.9128,0.6797,1.0004,318.5641,551.9565,1409.3756,0.8848,19.6396,17.5233,1062.1306,269.7438,58.2031,7275.3906,0,0,0.0000,0.0000,0.0000,0.0000,0,0.5909,0.4091,1.0000,2.0000,flat,0.1047,0.2221,1.2141,1.3178,0.5156,0.0000,36.6890,2,0.0019,0.0100,0.2524,5,2,54965.6484,7450
42,36,Kyoto_Small,eval,TamAlwaysAccept,3600,8,128,41,0.3203,0.5156,0.4844,826.8536,165.3707,0.6793,1.0001,370.3903,489.4048,1431.8894,0.7732,18.7760,17.3212,1187.3254,253.8515,59.8594,7482.4219,0,0,0.0000,0.0000,0.0000,0.0000,0,0.6212,0.3788,1.0013,2.0000,flat,0.1708,0.3082,1.2622,1.2207,0.5156,0.0000,84.0124,2,0.0006,0.0039,0.2566,5,2,58707.4648,7662
42,37,Kyoto_Small,eval,TamAlwaysAccept,3600,8,110,46,0.4182,0.6000,0.4000,701.0000,140.2000,0.6391,1.0000,310.0869,422.6667,1399.7828,0.9028,19.1748,16.4394,1032.0530,266.0404,52.8545,6606.8184,0,0,0.0000,0.0000,0.0000,0.0000,0,0.6970,0.3030,1.0000,2.0000,flat,0.1341,0.2572,1.2938,1.3283,0.6000,0.0000,30.1304,2,0.0003,0.0024,0.2812,6,2,64390.0078,5814
42,38,Kyoto_Small,eval,TamAlwaysAccept,3600,8,128,43,0.3359,0.4844,0.5156,792.2558,198.0639,0.6151,1.0000,316.9762,492.6136,1377.7444,0.8693,19.5665,17.1893,1032.8910,263.3042,42.2188,5277.3438,0,0,0.0000,0.0000,0.0000,0.0000,0,0.6935,0.3065,1.0000,2.0000,flat,0.1310,0.2474,1.2553,1.3375,0.4844,0.0000,41.4273,2,0.0003,0.0021,0.2487,5,2,59243.0078,5404
42,39,Kyoto_Small,eval,TamAlwaysAccept,3600,8,126,49,0.3889,0.6190,0.3810,843.0000,168.6000,0.6973,1.0005,306.1333,524.3542,1369.8628,0.8949,19.2545,17.5521,1043.5618,237.5228,55.6429,6955.3569,0,0,0.0000,0.0000,0.0000,0.0000,0,0.6282,0.3718,1.0011,2.0000,flat,0.1436,0.2649,1.1808,1.2393,0.6190,0.0000,32.1608,2,0.0036,0.0083,0.2769,6,2,67123.2734,7011
42,40,LosAngeles_Small,eval,MAPPO,3600,8,129,57,0.4419,0.8450,0.1550,928.9474,185.7895,0.6724,1.0000,295.4375,624.5778,1409.7615,0.9544,23.3982,21.9962,935.3279,240.8183,151.9070,18988.3730,0,0,0.0000,0.0000,0.0000,0.0000,0,0.5229,0.4771,1.0000,2.0000,flat,0.1806,0.3385,1.2567,1.4268,0.8450,0.0000,13.4852,2,0.0003,0.0021,0.3772,6,1,80356.4062,19596
42,41,LosAngeles_Small,eval,MAPPO,3600,8,125,70,0.5600,0.9520,0.0480,761.4714,152.2943,0.6595,1.0000,233.0833,524.4262,1295.0414,1.0000,24.3266,21.7589,986.2680,205.4990,147.4400,18430.0000,0,0,0.0000,0.0000,0.0000,0.0000,0,0.5882,0.4118,1.0000,2.0000,flat,0.1218,0.2192,1.1629,1.1814,0.9520,0.0000,0.0000,2,0.0003,0.0024,0.3563,7,4,90652.8984,18430
42,42,LosAngeles_Small,eval,MAPPO,3600,8,135,85,0.6296,0.9481,0.0519,790.9882,158.1976,0.6655,1.0000,297.1733,505.3385,1125.9329,0.7578,23.8920,22.2562,846.2119,185.8918,94.4370,11804.6299,0,0,0.0000,0.0000,0.0000,0.0000,0,0.6641,0.3359,1.0000,2.0000,flat,0.1769,0.3319,1.2774,1.0535,0.9481,0.0000,71.9868,2,0.0003,0.0013,0.4143,10,4,95704.2969,12749
42,43,LosAngeles_Small,eval,MAPPO,3600,8,148,82,0.5541,0.9595,0.0405,840.1097,168.0219,0.6593,1.0006,267.3055,624.0820,1081.7437,0.8094,23.3269,22.0276,788.1949,210.9986,142.7973,17849.6621,0,0,0.0000,0.0000,0.0000,0.0000,0,0.5775,0.4225,1.0000,2.0000,flat,0.1569,0.2912,1.2958,1.4945,0.9595,0.0000,50.9568,2,0.0056,0.0084,0.4019,9,4,88702.9766,21134
42,44,LosAngeles_Small,eval,MAPPO,3600,8,124,78,0.6290,0.9032,0.0968,949.3975,189.8795,0.6499,1.0004,299.9677,563.7091,1309.7892,0.8733,22.8191,21.1628,875.6257,224.1504,94.1694,11771.1689,0,0,0.0000,0.0000,0.0000,0.0000,0,0.6964,0.3036,1.0017,2.0000,flat,0.0958,0.1858,1.2269,1.0881,0.9032,0.0000,38.0099,2,0.0036,0.0065,0.3574,8,4,102163.5547,11677
42,45,LosAngeles_Small,eval,FaithfulMAPPER,3600,8,129,57,0.4419,0.7442,0.2558,943.3860,188.6772,0.6978,1.0001,330.4902,655.1400,1362.9082,0.8248,23.2800,20.3056,1026.4014,255.0001,183.1705,22896.3184,0,0,0.0000,0.0000,0.0000,0.0000,0,0.5938,0.4062,1.0000,2.0000,flat,0.1520,0.2738,1.2977,1.2406,0.7442,0.0000,57.9086,2,0.0011,0.0035,0.2965,6,2,77685.7656,23629
42,46,LosAngeles_Small,eval,FaithfulMAPPER,3600,8,125,45,0.3600,0.8000,0.2000,949.7778,189.9556,0.6545,1.0001,400.2143,645.1111,1594.6594,0.7969,24.2820,21.4879,1105.0280,216.8378,221.7440,27718.0000,0,0,0.0000,0.0000,0.0000,0.0000,0,0.4500,0.5500,1.0000,2.0000,flat,0.1728,0.3675,1.1268,1.3114,0.8000,0.0000,81.2824,2,0.0008,0.0030,0.2714,7,2,71759.6719,27718
42,47,LosAngeles_Small,eval,FaithfulMAPPER,3600,8,135,58,0.4296,0.7481,0.2519,851.1724,170.2345,0.6813,1.0003,310.1964,533.9630,1231.8237,0.7942,23.8920,22.2392,987.1774,232.9063,174.6593,21832.4082,0,0,0.0000,0.0000,0.0000,0.0000,0,0.5743,0.4257,1.0000,2.0000,flat,0.1015,0.1881,1.2975,1.1715,0.7481,0.0000,63.8317,2,0.0019,0.0081,0.3229,6,3,71445.7812,23579
42,48,LosAngeles_Small,eval,FaithfulMAPPER,3600,8,148,65,0.4392,0.7838,0.2162,1002.3692,200.4738,0.6879,1.0004,313.8167,685.3818,1256.8938,0.8010,22.6770,20.7955,889.4728,236.4478,180.8108,22601.3516,0,0,0.0000,0.0000,0.0000,0.0000,0,0.5603,0.4397,1.0000,2.0000,flat,0.1207,0.2208,1.3022,1.3097,0.7838,0.0000,62.4379,2,0.0036,0.0067,0.3045,7,3,81698.1016,26760
42,49,LosAngeles_Small,eval,FaithfulMAPPER,3600,8,124,59,0.4758,0.7097,0.2903,905.1017,181.0203,0.6476,1.0005,318.6545,546.2857,1329.3750,0.8344,22.5441,20.9777,1030.8617,270.7252,157.2903,19661.2910,0,0,0.0000,0.0000,0.0000,0.0000,0,0.6705,0.3295,1.0000,2.0000,flat,0.1506,0.2720,1.2098,1.2225,0.7097,0.0000,52.7795,2,0.0031,0.0108,0.3299,6,3,78433.1250,19504
42,50,LosAngeles_Small,eval,Hybrid,3600,8,129,46,0.3566,0.6434,0.3566,907.0652,181.4131,0.6718,1.0001,329.9302,657.3778,1420.1250,0.8609,23.2800,18.8059,1072.6294,255.0253,173.7442,21718.0234,0,0,-0.0000,0.0000,0.0000,0.0000,353,0.5542,0.4458,1.0000,2.0000,flat,0.2063,0.3780,1.3018,1.2493,0.6434,0.0000,45.9052,2,0.0008,0.0042,0.2448,6,1,65325.7500,22413
42,51,LosAngeles_Small,eval,Hybrid,3600,8,125,47,0.3760,0.6960,0.3040,855.6383,171.1277,0.6826,1.0001,324.8222,559.0213,1596.1737,0.9828,24.2372,21.0755,1166.2518,237.4615,180.4720,22559.0000,0,0,-0.0000,0.0000,0.0000,0.0000,383,0.5402,0.4598,1.0000,2.0000,flat,0.1981,0.3791,1.1165,1.2720,0.6960,0.0000,5.5875,2,0.0008,0.0035,0.2656,7,1,75020.1641,22559
42,52,LosAngeles_Small,eval,Hybrid,3600,8,135,52,0.3852,0.6593,0.3407,886.0385,177.2077,0.6786,1.0001,326.7708,548.4400,1339.2281,0.8197,23.7113,22.1058,1048.1829,258.5417,166.2148,20776.8516,0,0,-0.0000,0.0000,0.0000,0.0000,426,0.5843,0.4157,1.0000,2.0000,flat,0.1105,0.2111,1.2752,1.2475,0.6593,0.0000,58.9252,2,0.0008,0.0037,0.2782,6,3,69639.8672,22439
42,53,LosAngeles_Small,eval,Hybrid,3600,8,148,51,0.3446,0.6149,0.3851,941.6470,188.3294,0.6919,1.0003,342.4694,614.0408,1395.1927,0.8148,22.1240,19.4309,995.3409,259.5236,156.9730,19621.6211,0,0,-0.0000,0.0000,0.0000,0.0000,397,0.5604,0.4396,1.0006,2.0000,flat,0.1215,0.2282,1.3080,1.2970,0.6149,0.0000,63.4308,2,0.0019,0.0075,0.2637,6,3,71154.8359,23232
42,54,LosAngeles_Small,eval,Hybrid,3600,8,124,45,0.3629,0.6210,0.3790,923.9778,184.7956,0.6819,1.0003,338.1364,682.5000,1495.9513,0.8848,22.5441,20.1613,1121.0498,286.8521,154.3226,19290.3223,0,0,-0.0000,0.0000,0.0000,0.0000,346,0.5844,0.4156,1.0009,2.0000,flat,0.1957,0.3504,1.2027,1.2311,0.6210,0.0000,38.9461,2,0.0019,0.0063,0.2675,6,2,67317.8125,19136
42,55,LosAngeles_Small,eval,TamAlwaysAccept,3600,8,129,36,0.2791,0.5426,0.4574,994.7500,198.9500,0.6561,1.0002,382.9706,631.7027,1610.3336,0.8410,23.1239,20.1946,1159.3219,295.3418,144.7984,18099.8066,0,0,0.0000,0.0000,0.0000,0.0000,0,0.5143,0.4857,1.0016,2.0000,flat,0.1738,0.3270,1.2943,1.2698,0.5426,0.0000,60.9039,2,0.0014,0.0058,0.2265,5,2,57972.0117,18679
42,56,LosAngeles_Small,eval,TamAlwaysAccept,3600,8,125,45,0.3600,0.5360,0.4640,830.1111,166.0222,0.6763,1.0001,380.8095,480.5610,1671.3097,0.8778,24.1360,20.0093,1214.2144,257.7253,121.2880,15161.0000,0,0,0.0000,0.0000,0.0000,0.0000,0,0.6716,0.3284,1.0009,2.0000,flat,0.1706,0.3194,1.1330,1.1993,0.5360,0.0000,46.5476,2,0.0011,0.0037,0.2468,5,1,75208.9375,15161
42,57,LosAngeles_Small,eval,TamAlwaysAccept,3600,8,135,48,0.3556,0.5630,0.4370,856.5625,171.3125,0.6913,1.0002,317.5000,568.8039,1366.8324,0.8610,23.6956,21.4179,1128.0236,273.9141,128.0593,16007.4072,0,0,0.0000,0.0000,0.0000,0.0000,0,0.6316,0.3684,1.0000,2.0000,flat,0.1993,0.3664,1.2608,1.2721,0.5630,0.0000,44.1335,2,0.0014,0.0060,0.2593,6,2,65607.9609,17288
42,58,LosAngeles_Small,eval,TamAlwaysAccept,3600,8,148,43,0.2905,0.4865,0.5135,766.3256,153.2651,0.6655,1.0000,326.0930,478.2857,1415.6720,0.8683,22.1240,18.9901,1050.7369,288.7211,109.7365,13717.0605,0,0,0.0000,0.0000,0.0000,0.0000,0,0.5972,0.4028,1.0000,2.0000,flat,0.1066,0.2119,1.2919,1.3150,0.4865,0.0000,42.9586,1,0.0000,0.0000,0.2727,5,3,60873.8945,16241
42,59,LosAngeles_Small,eval,TamAlwaysAccept,3600,8,124,47,0.3790,0.5242,0.4758,954.6808,190.9362,0.6565,1.0004,371.9556,534.5000,1498.6523,0.8058,22.0241,16.2440,1136.1843,293.4742,110.2419,13780.2422,0,0,0.0000,0.0000,0.0000,0.0000,0,0.7231,0.2769,1.0000,2.0000,flat,0.0796,0.1587,1.2362,1.1884,0.5242,0.0000,72.2251,2,0.0031,0.0080,0.2599,5,3,70436.6641,13670
42,60,Tokyo_Small,stress,MAPPO,3600,8,130,36,0.2769,0.4538,0.5462,847.3333,282.4444,0.3788,1.0001,354.2500,530.5641,1508.7106,0.8518,28.9563,21.1348,1129.0569,321.8529,164.0692,20508.6543,0,0,0.0000,0.0000,0.0000,0.0000,0,0.6102,0.3898,1.0000,2.0000,flat,0.1620,0.3043,1.2332,1.2428,0.4538,0.0000,52.5079,2,0.0006,0.0030,0.2390,4,1,54313.5781,21329
42,61,Tokyo_Small,stress,MAPPO,3600,8,135,36,0.2667,0.4148,0.5852,886.6389,295.5463,0.4036,1.0002,369.5555,551.2750,1472.7684,0.7970,28.4309,25.3672,1170.1490,401.0109,156.2296,19528.7031,0,0,0.0000,0.0000,0.0000,0.0000,0,0.6429,0.3571,1.0007,2.0000,flat,0.1343,0.2722,1.2717,1.2432,0.4148,0.0000,75.0019,2,0.0017,0.0048,0.2268,5,2,53019.6641,21091
42,62,Tokyo_Small,stress,MAPPO,3600,8,129,31,0.2403,0.3488,0.6512,904.9677,452.4839,0.3543,1.0001,410.5484,522.6579,1613.1163,0.7858,29.0937,26.3409,1252.1963,448.9484,132.6899,16586.2402,0,0,0.0000,0.0000,0.0000,0.0000,0,0.6889,0.3111,1.0000,2.0000,flat,0.1801,0.3337,1.1776,1.2561,0.3488,0.0000,87.9251,2,0.0003,0.0033,0.2116,4,1,50006.6055,17117
42,63,Tokyo_Small,stress,MAPPO,3600,8,117,32,0.2735,0.3932,0.6068,904.0625,301.3542,0.3838,1.0000,431.1562,513.9445,1780.4429,0.8259,29.0956,25.7800,1325.2839,365.7592,138.1111,17263.8887,0,0,0.0000,0.0000,0.0000,0.0000,0,0.6957,0.3043,1.0000,2.0000,flat,0.2552,0.4677,1.2556,1.1841,0.3932,0.0000,75.0677,1,0.0000,0.0000,0.2224,4,1,56974.1719,16159
42,64,Tokyo_Small,stress,MAPPO,3600,8,132,39,0.2955,0.4318,0.5682,885.8718,295.2906,0.4139,1.0000,411.0256,489.7619,1712.4677,0.8333,28.0761,23.8136,1292.9618,366.1201,139.8636,17482.9551,0,0,0.0000,0.0000,0.0000,0.0000,0,0.6842,0.3158,1.0000,2.0000,flat,0.1175,0.2221,1.4040,1.2048,0.4318,0.0000,68.5321,1,0.0000,0.0000,0.2415,4,2,66786.2422,18462
42,65,Tokyo_Small,stress,FaithfulMAPPER,3600,8,130,40,0.3077,0.4385,0.5615,802.1000,267.3667,0.3842,1.0002,343.0000,504.0952,1372.0939,0.8001,28.5057,22.9247,1062.5784,351.6857,177.6615,22207.6914,0,0,0.0000,0.0000,0.0000,0.0000,0,0.7018,0.2982,1.0000,2.0000,flat,0.1140,0.2170,1.2651,1.2176,0.4385,0.0000,68.5812,2,0.0011,0.0070,0.2594,4,2,54883.7539,23096
42,66,Tokyo_Small,stress,FaithfulMAPPER,3600,8,135,35,0.2593,0.3556,0.6444,915.9429,305.3143,0.4073,1.0000,413.0571,517.1282,1563.0610,0.7568,28.2866,25.3479,1206.6942,461.7593,163.6296,20453.7031,0,0,0.0000,0.0000,0.0000,0.0000,0,0.7292,0.2708,1.0000,2.0000,flat,0.1119,0.2195,1.1824,1.2951,0.3556,0.0000,100.4449,1,0.0000,0.0000,0.2200,4,2,54707.1367,22090
42,67,Tokyo_Small,stress,FaithfulMAPPER,3600,8,129,31,0.2403,0.3023,0.6977,897.4194,299.1398,0.3958,1.0000,361.5807,566.8530,1773.3647,0.9809,28.9429,25.7735,1359.8679,449.8708,140.9845,17623.0625,0,0,0.0000,0.0000,0.0000,0.0000,0,0.7949,0.2051,1.0000,2.0000,flat,0.1801,0.3337,1.1374,1.2682,0.3023,0.0000,6.9077,1,0.0000,0.0000,0.2078,4,1,54974.3086,18187
42,68,Tokyo_Small,stress,FaithfulMAPPER,3600,8,117,30,0.2564,0.3333,0.6667,924.9333,308.3111,0.3955,1.0005,422.1333,568.7778,1792.7683,0.8494,25.7997,22.4420,1381.9733,371.3598,136.1367,17017.0938,0,0,0.0000,0.0000,0.0000,0.0000,0,0.7692,0.2308,1.0028,2.0000,flat,0.2278,0.4163,1.2619,1.1874,0.3333,0.0000,63.5797,2,0.0017,0.0131,0.1983,4,1,53783.0508,15928
42,69,Tokyo_Small,stress,FaithfulMAPPER,3600,8,132,34,0.2576,0.3712,0.6288,925.2941,308.4314,0.4312,1.0001,424.9091,533.1316,1792.8451,0.8439,29.1897,24.9200,1370.0436,334.2178,165.8409,20730.1133,0,0,0.0000,0.0000,0.0000,0.0000,0,0.6939,0.3061,1.0000,2.0000,flat,0.1520,0.2821,1.3390,1.2624,0.3712,0.0000,66.3401,2,0.0003,0.0042,0.2112,4,2,60956.7344,21891
42,70,Tokyo_Small,stress,Hybrid,3600,8,130,39,0.3000,0.4231,0.5769,715.0769,238.3590,0.3844,1.0000,327.3846,393.6364,1248.1147,0.7625,28.0830,21.9167,1002.0973,360.7101,166.1692,20771.1543,0,0,-0.0000,0.0000,0.0000,0.0000,178,0.7091,0.2909,1.0000,2.0000,flat,0.1859,0.3353,1.3239,1.1758,0.4231,0.0000,77.7617,1,0.0000,0.0000,0.2646,5,2,48676.4766,21602
42,71,Tokyo_Small,stress,Hybrid,3600,8,135,38,0.2815,0.3704,0.6296,810.6579,270.2193,0.4060,1.0000,357.7368,462.0465,1442.7166,0.8066,28.1660,22.3108,1121.0748,364.8893,154.0074,19250.9258,0,0,-0.0000,0.0000,0.0000,0.0000,143,0.7600,0.2400,1.0000,2.0000,flat,0.1667,0.3370,1.2039,1.2851,0.3704,0.0000,69.1935,2,0.0003,0.0021,0.2408,6,2,54823.2305,20791
42,72,Tokyo_Small,stress,Hybrid,3600,8,129,29,0.2248,0.3178,0.6822,1046.7587,348.9196,0.4090,1.0000,391.9655,685.6667,1810.0198,0.9236,28.9429,25.1881,1336.6525,441.8865,157.3566,19669.5742,0,0,-0.0000,0.0000,0.0000,0.0000,113,0.7073,0.2927,1.0000,2.0000,flat,0.1351,0.2649,1.1473,1.2666,0.3178,0.0000,29.9615,1,0.0000,0.0000,0.2119,3,1,52490.5742,20299
42,73,Tokyo_Small,stress,Hybrid,3600,8,117,29,0.2479,0.3333,0.6667,922.0000,461.0000,0.3555,1.0000,421.3103,545.9697,1720.7953,0.8169,26.3487,23.3901,1301.1615,456.9182,145.8120,18226.4961,0,0,-0.0000,0.0000,0.0000,0.0000,100,0.7436,0.2564,1.0000,2.0000,flat,0.2902,0.5718,1.2410,1.1979,0.3333,0.0000,77.1513,1,0.0000,0.0000,0.2058,6,1,49903.0664,17060
42,74,Tokyo_Small,stress,Hybrid,3600,8,132,37,0.2803,0.3409,0.6591,902.3514,300.7838,0.4011,1.0000,387.2222,539.8975,1477.5106,0.7631,28.3963,23.9430,1327.4386,382.8785,157.3182,19664.7734,0,0,-0.0000,0.0000,0.0000,0.0000,118,0.8222,0.1778,1.0000,2.0000,flat,0.1620,0.3043,1.4074,1.2305,0.3409,0.0000,91.7201,1,0.0000,0.0000,0.2221,4,1,54667.8906,20766
42,75,Tokyo_Small,stress,TamAlwaysAccept,3600,8,130,40,0.3077,0.3769,0.6231,698.3500,349.1750,0.3728,1.0001,314.8500,383.7111,1320.1742,0.8386,28.5814,22.4765,1002.9489,413.8648,154.4846,19310.5762,0,0,0.0000,0.0000,0.0000,0.0000,0,0.8163,0.1837,1.0013,2.0000,flat,0.1500,0.2828,1.1896,1.2680,0.3769,0.0000,50.8152,2,0.0006,0.0039,0.2807,5,2,52806.9688,20083
42,76,Tokyo_Small,stress,TamAlwaysAccept,3600,8,135,35,0.2593,0.3333,0.6667,866.0000,288.6667,0.3760,1.0000,386.0857,497.1707,1554.4464,0.8052,28.1660,22.3108,1182.4197,394.6768,126.9704,15871.2959,0,0,0.0000,0.0000,0.0000,0.0000,0,0.7778,0.2222,1.0000,2.0000,flat,0.1119,0.2195,1.1851,1.2900,0.3333,0.0000,75.1964,1,0.0000,0.0000,0.2311,4,2,54405.6250,17141
42,77,Tokyo_Small,stress,TamAlwaysAccept,3600,8,129,34,0.2636,0.3256,0.6744,847.2059,282.4019,0.3789,1.0000,390.0294,447.3590,1593.7959,0.8173,29.0937,26.9189,1155.0900,450.1395,115.2946,14411.8213,0,0,0.0000,0.0000,0.0000,0.0000,0,0.8095,0.1905,1.0000,2.0000,flat,0.1667,0.3168,1.2591,1.2140,0.3256,0.0000,71.2702,1,0.0000,0.0000,0.2355,4,2,54189.0625,14873
42,78,Tokyo_Small,stress,TamAlwaysAccept,3600,8,117,37,0.3162,0.3675,0.6325,821.6757,273.8919,0.4069,1.0008,446.9730,379.9744,1785.3075,0.7988,27.9036,21.1381,1264.4001,373.9409,104.4103,13051.2822,0,0,0.0000,0.0000,0.0000,0.0000,0,0.8605,0.1395,1.0043,2.0000,flat,0.1914,0.3616,1.2598,1.1846,0.3675,0.0000,89.9115,2,0.0017,0.0204,0.2335,5,1,66056.3750,12216
42,79,Tokyo_Small,stress,TamAlwaysAccept,3600,8,132,37,0.2803,0.3258,0.6742,894.3784,298.1261,0.3877,1.0000,456.2162,446.1163,1610.4160,0.7060,28.7001,24.0009,1309.0128,377.2229,115.6212,14452.6514,0,0,0.0000,0.0000,0.0000,0.0000,0,0.8605,0.1395,1.0000,2.0000,flat,0.1689,0.3093,1.4297,1.2237,0.3258,0.0000,134.1330,1,0.0000,0.0000,0.2234,5,2,59585.3906,15262
42,80,Kyoto_Small,stress,MAPPO,3600,8,128,40,0.3125,0.4844,0.5156,823.0500,274.3500,0.4003,1.0002,361.6154,486.8810,1394.1158,0.7710,19.6802,17.1979,1064.7399,303.3210,97.3203,12165.0391,0,0,0.0000,0.0000,0.0000,0.0000,0,0.6452,0.3548,1.0000,2.0000,flat,0.0662,0.1831,1.2769,1.2526,0.4844,0.0000,82.7922,2,0.0014,0.0062,0.2404,5,3,55764.6328,12457
42,81,Kyoto_Small,stress,MAPPO,3600,8,128,38,0.2969,0.4453,0.5547,919.3684,306.4561,0.3966,1.0009,392.2500,586.0732,1601.3184,0.8165,18.4761,16.7439,1192.2552,261.5917,89.6875,11210.9375,0,0,0.0000,0.0000,0.0000,0.0000,0,0.6667,0.3333,1.0000,2.0000,flat,0.1824,0.3365,1.2547,1.2319,0.4453,0.0000,71.9863,2,0.0050,0.0128,0.2465,5,1,60850.0977,11480
42,82,Kyoto_Small,stress,MAPPO,3600,8,110,43,0.3909,0.5364,0.4636,717.7209,239.2403,0.3795,1.0004,327.6667,419.2340,1357.9388,0.8289,19.5324,17.2175,1027.5240,290.1299,81.5727,10196.5908,0,0,0.0000,0.0000,0.0000,0.0000,0,0.7288,0.2712,1.0000,2.0000,flat,0.2306,0.4180,1.3121,1.3024,0.5364,0.0000,56.0789,2,0.0022,0.0092,0.2805,6,2,58391.3711,8973
42,83,Kyoto_Small,stress,MAPPO,3600,8,128,40,0.3125,0.4375,0.5625,764.5750,254.8583,0.3767,1.0008,367.9250,410.5000,1428.1426,0.7763,19.5665,17.4117,1077.0737,323.6424,68.6406,8580.0781,0,0,0.0000,0.0000,0.0000,0.0000,0,0.7143,0.2857,1.0000,2.0000,flat,0.0792,0.1871,1.2979,1.2975,0.4375,0.0000,82.2965,2,0.0022,0.0175,0.2634,5,3,57125.7031,8786
42,84,Kyoto_Small,stress,MAPPO,3600,8,126,49,0.3889,0.5556,0.4444,813.1837,271.0612,0.4233,1.0025,321.6458,494.7083,1347.8573,0.8381,19.1303,17.2206,1053.9951,263.1361,97.1587,12144.8408,0,0,0.0000,0.0000,0.0000,0.0000,0,0.7000,0.3000,1.0025,2.0000,flat,0.1780,0.3214,1.1430,1.2782,0.5556,0.0000,52.0744,2,0.0150,0.0203,0.2853,6,2,66045.0078,12242
42,85,Kyoto_Small,stress,FaithfulMAPPER,3600,8,128,40,0.3125,0.4297,0.5703,717.5750,239.1917,0.3769,1.0000,300.2250,468.5217,1344.3032,0.8955,19.5603,16.6077,1053.0442,293.5332,81.4453,10180.6641,0,0,0.0000,0.0000,0.0000,0.0000,0,0.7273,0.2727,1.0000,2.0000,flat,0.1542,0.3082,1.2497,1.2754,0.4297,0.0000,31.3643,1,0.0000,0.0000,0.2471,6,2,53772.1289,10425
42,86,Kyoto_Small,stress,FaithfulMAPPER,3600,8,128,37,0.2891,0.4297,0.5703,814.0541,271.3513,0.4103,1.0001,334.0270,550.2619,1460.4874,0.8745,18.4553,16.4603,1158.5894,260.0722,85.1797,10647.4609,0,0,0.0000,0.0000,0.0000,0.0000,0,0.6727,0.3273,1.0000,2.0000,flat,0.1620,0.3043,1.2566,1.2311,0.4297,0.0000,41.9296,2,0.0008,0.0048,0.2375,5,2,54038.0352,10903
42,87,Kyoto_Small,stress,FaithfulMAPPER,3600,8,110,39,0.3545,0.5182,0.4818,749.7949,249.9316,0.3808,1.0004,318.2564,457.0217,1349.0897,0.8478,19.1486,15.9006,1015.5250,296.1045,89.2545,11156.8184,0,0,0.0000,0.0000,0.0000,0.0000,0,0.6842,0.3158,1.0000,2.0000,flat,0.1432,0.2844,1.3292,1.2843,0.5182,0.0000,48.4385,2,0.0017,0.0102,0.2586,5,2,52614.5000,9818
42,88,Kyoto_Small,stress,FaithfulMAPPER,3600,8,128,39,0.3047,0.4297,0.5703,801.6154,400.8077,0.3736,1.0018,336.3077,495.2273,1345.3607,0.8001,19.1022,16.8846,1067.3126,292.9840,74.2031,9275.3906,0,0,0.0000,0.0000,0.0000,0.0000,0,0.7091,0.2909,1.0000,2.0000,flat,0.2158,0.4374,1.2345,1.3452,0.4297,0.0000,67.2355,2,0.0025,0.0411,0.2528,7,2,52469.0703,9498
42,89,Kyoto_Small,stress,FaithfulMAPPER,3600,8,126,44,0.3492,0.4921,0.5079,819.6136,273.2046,0.4112,1.0001,328.6279,518.0227,1453.5098,0.8846,19.2044,17.5387,1098.8923,244.9758,92.0079,11500.9922,0,0,0.0000,0.0000,0.0000,0.0000,0,0.7097,0.2903,1.0000,2.0000,flat,0.2256,0.4045,1.1280,1.2758,0.4921,0.0000,37.9259,2,0.0008,0.0039,0.2564,6,1,63954.4297,11593
42,90,Kyoto_Small,stress,Hybrid,3600,8,128,42,0.3281,0.4375,0.5625,713.6429,237.8810,0.3924,1.0021,307.2857,425.1860,1351.8680,0.8799,19.6396,17.0231,1027.5802,268.5219,92.0859,11510.7422,0,0,-0.0000,0.0000,0.0000,0.0000,189,0.7500,0.2500,1.0016,2.0000,flat,0.1508,0.2736,1.2860,1.2476,0.4375,0.0000,36.9121,2,0.0119,0.0199,0.2551,5,2,56778.4609,11787
42,91,Kyoto_Small,stress,Hybrid,3600,8,128,33,0.2578,0.3828,0.6172,939.8182,313.2727,0.3926,1.0001,373.5454,588.9730,1575.9486,0.8438,18.7028,15.6924,1174.8201,292.0956,86.0781,10759.7656,0,0,-0.0000,0.0000,0.0000,0.0000,166,0.6735,0.3265,1.0000,2.0000,flat,0.1237,0.2624,1.1583,1.2941,0.3828,0.0000,58.3557,2,0.0006,0.0047,0.2120,4,1,52006.3008,11018
42,92,Kyoto_Small,stress,Hybrid,3600,8,110,47,0.4273,0.4818,0.5182,675.6170,225.2057,0.3822,1.0009,322.6170,365.6327,1339.2979,0.8303,18.9997,17.2214,987.1240,314.1740,80.0455,10005.6816,0,0,-0.0000,0.0000,0.0000,0.0000,147,0.8868,0.1132,1.0000,2.0000,flat,0.2110,0.3824,1.3495,1.2687,0.4818,0.0000,54.7575,2,0.0050,0.0127,0.3045,7,2,62947.0000,8805
42,93,Kyoto_Small,stress,Hybrid,3600,8,128,38,0.2969,0.3906,0.6094,729.2368,364.6184,0.3634,1.0008,336.8947,427.8636,1346.6522,0.7994,19.3595,17.0191,1036.1168,333.2963,73.4766,9184.5703,0,0,-0.0000,0.0000,0.0000,0.0000,154,0.7600,0.2400,1.0000,2.0000,flat,0.1535,0.2834,1.2638,1.3193,0.3906,0.0000,67.5643,2,0.0017,0.0204,0.2574,5,2,51172.7852,9405
42,94,Kyoto_Small,stress,Hybrid,3600,8,126,41,0.3254,0.4286,0.5714,736.1464,245.3821,0.4052,1.0005,355.6829,429.2979,1340.2057,0.7536,19.3087,16.5093,1061.3279,245.7843,92.2619,11532.7383,0,0,-0.0000,0.0000,0.0000,0.0000,166,0.7593,0.2407,1.0000,2.0000,flat,0.1118,0.2222,1.1597,1.2356,0.4286,0.0000,87.6418,2,0.0017,0.0126,0.2646,4,2,54948.4336,11625
42,95,Kyoto_Small,stress,TamAlwaysAccept,3600,8,128,43,0.3359,0.3906,0.6094,743.1163,247.7054,0.3993,1.0000,314.8605,439.7708,1406.7419,0.8936,19.5603,16.7428,1017.3007,293.1616,80.6250,10078.1250,0,0,0.0000,0.0000,0.0000,0.0000,0,0.8600,0.1400,1.0000,2.0000,flat,0.1686,0.3111,1.3395,1.2163,0.3906,0.0000,33.5121,1,0.0000,0.0000,0.2541,6,2,60489.9062,10320
42,96,Kyoto_Small,stress,TamAlwaysAccept,3600,8,128,39,0.3047,0.3516,0.6484,762.0000,254.0000,0.3775,1.0000,329.3333,443.1591,1598.6926,0.9709,17.8507,16.0336,1160.3193,329.8494,70.0859,8760.7422,0,0,0.0000,0.0000,0.0000,0.0000,0,0.8667,0.1333,1.0000,2.0000,flat,0.1346,0.2551,1.2197,1.2542,0.3516,0.0000,9.5948,1,0.0000,0.0000,0.2493,5,2,62349.0156,8971
42,97,Kyoto_Small,stress,TamAlwaysAccept,3600,8,110,43,0.3909,0.4727,0.5273,685.9767,228.6589,0.3865,1.0001,320.5581,390.6042,1301.1063,0.8118,19.5154,16.6164,1031.7134,321.6478,76.0818,9510.2275,0,0,0.0000,0.0000,0.0000,0.0000,0,0.8269,0.1731,1.0000,2.0000,flat,0.1996,0.3857,1.3400,1.2786,0.4727,0.0000,60.3369,2,0.0006,0.0039,0.2799,6,1,55947.5742,8369
42,98,Kyoto_Small,stress,TamAlwaysAccept,3600,8,128,42,0.3281,0.3750,0.6250,729.3810,364.6905,0.3595,1.0019,308.5476,420.2609,1391.6240,0.9020,19.0787,16.7001,1044.3647,310.7715,64.1328,8016.6016,0,0,0.0000,0.0000,0.0000,0.0000,0,0.8750,0.1250,1.0000,2.0000,flat,0.1984,0.3595,1.2387,1.3330,0.3750,0.0000,30.2228,2,0.0033,0.0413,0.2614,6,2,58448.2070,8209
42,99,Kyoto_Small,stress,TamAlwaysAccept,3600,8,126,47,0.3730,0.4365,0.5635,648.2766,216.0922,0.3796,1.0000,312.2128,339.6863,1362.2620,0.8726,19.1303,17.0581,1039.6554,257.0865,80.5397,10067.4600,0,0,0.0000,0.0000,0.0000,0.0000,0,0.8545,0.1455,1.0000,2.0000,flat,0.1117,0.2201,1.1317,1.2584,0.4365,0.0000,39.7604,1,0.0000,0.0000,0.2936,6,3,64026.3086,10148
42,100,LosAngeles_Small,stress,MAPPO,3600,8,129,36,0.2791,0.4264,0.5736,1022.1945,340.7315,0.4085,1.0006,364.0857,604.4737,1565.9846,0.8602,21.9868,17.7328,1155.2855,330.7240,166.7597,20844.9609,0,0,0.0000,0.0000,0.0000,0.0000,0,0.6545,0.3455,1.0019,2.0000,flat,0.1405,0.2603,1.3262,1.2511,0.4264,0.0000,50.8888,2,0.0025,0.0124,0.2213,4,2,56375.4453,21512
42,101,LosAngeles_Small,stress,MAPPO,3600,8,125,38,0.3040,0.5120,0.4880,868.3947,289.4649,0.4049,1.0001,365.6842,533.2195,1689.7998,0.9242,24.1360,20.0520,1255.0673,270.3602,155.4560,19432.0000,0,0,0.0000,0.0000,0.0000,0.0000,0,0.5938,0.4062,1.0000,2.0000,flat,0.1842,0.3370,1.1010,1.2297,0.5120,0.0000,27.7242,2,0.0003,0.0056,0.2384,5,1,64212.3945,19432
42,102,LosAngeles_Small,stress,MAPPO,3600,8,135,44,0.3259,0.4963,0.5037,915.1591,305.0530,0.3897,1.0000,322.3333,548.9767,1440.5162,0.8938,23.2723,21.0253,1114.3658,303.2162,141.3926,17674.0742,0,0,0.0000,0.0000,0.0000,0.0000,0,0.6567,0.3433,1.0000,2.0000,flat,0.1151,0.2182,1.2298,1.3012,0.4963,0.0000,34.2301,1,0.0000,0.0000,0.2579,5,2,63382.7109,19088
42,103,LosAngeles_Small,stress,MAPPO,3600,8,148,45,0.3041,0.4865,0.5135,850.5111,283.5037,0.4073,1.0002,341.5682,520.1489,1292.6071,0.7569,21.2890,19.0549,1018.4859,299.9112,134.9257,16865.7090,0,0,0.0000,0.0000,0.0000,0.0000,0,0.6250,0.3750,1.0000,2.0000,flat,0.1667,0.3402,1.3298,1.2792,0.4865,0.0000,83.0468,2,0.0014,0.0060,0.2498,7,2,58167.3203,19969
42,104,LosAngeles_Small,stress,MAPPO,3600,8,124,44,0.3548,0.4677,0.5323,829.4091,276.4697,0.3819,1.0001,343.7619,488.9535,1717.5040,0.9992,22.5069,19.0836,1230.1012,341.1815,133.7016,16712.7012,0,0,0.0000,0.0000,0.0000,0.0000,0,0.7586,0.2414,1.0000,2.0000,flat,0.2053,0.3675,1.1519,1.2676,0.4677,0.0000,0.2611,2,0.0008,0.0041,0.2403,5,1,75570.1797,16579
42,105,LosAngeles_Small,stress,FaithfulMAPPER,3600,8,129,35,0.2713,0.3798,0.6202,965.6000,321.8667,0.4088,1.0000,439.3235,551.2571,1502.5690,0.6840,22.0852,19.6570,1158.0453,291.3006,143.2326,17904.0703,0,0,0.0000,0.0000,0.0000,0.0000,0,0.7143,0.2857,1.0000,2.0000,flat,0.1520,0.2821,1.2576,1.2987,0.3798,0.0000,138.8097,1,0.0000,0.0000,0.2094,4,2,52589.9141,18477
42,106,LosAngeles_Small,stress,FaithfulMAPPER,3600,8,125,31,0.2480,0.4400,0.5600,946.8710,315.6237,0.4076,1.0000,403.9355,545.3947,1844.5784,0.9133,23.5710,18.9086,1295.8868,327.4129,154.7440,19343.0000,0,0,0.0000,0.0000,0.0000,0.0000,0,0.5636,0.4364,1.0000,2.0000,flat,0.1962,0.3692,1.0942,1.2184,0.4400,0.0000,35.0198,2,0.0003,0.0021,0.2112,4,1,57181.9297,19343
42,107,LosAngeles_Small,stress,FaithfulMAPPER,3600,8,135,41,0.3037,0.4296,0.5704,724.6097,241.5366,0.3945,1.0001,326.0244,442.8445,1299.5011,0.7972,22.4740,18.1004,1081.0801,304.3561,137.4148,17176.8516,0,0,0.0000,0.0000,0.0000,0.0000,0,0.7069,0.2931,1.0000,2.0000,flat,0.1159,0.2222,1.3089,1.2333,0.4296,0.0000,66.1242,2,0.0006,0.0028,0.2600,5,2,53279.5469,18551
42,108,LosAngeles_Small,stress,FaithfulMAPPER,3600,8,148,46,0.3108,0.4392,0.5608,756.1522,252.0507,0.3970,1.0000,331.9565,447.1373,1337.8301,0.8060,21.2890,17.6756,1046.6469,269.9301,122.6216,15327.7031,0,0,0.0000,0.0000,0.0000,0.0000,0,0.7077,0.2923,1.0000,2.0000,flat,0.1522,0.2784,1.3130,1.2966,0.4392,0.0000,64.3905,1,0.0000,0.0000,0.2610,6,2,61540.1836,18148
42,109,LosAngeles_Small,stress,FaithfulMAPPER,3600,8,124,44,0.3548,0.4032,0.5968,867.7500,289.2500,0.3845,1.0003,356.7675,506.0454,1498.5345,0.8401,20.5544,15.3800,1170.4869,328.3001,122.3306,15291.3311,0,0,0.0000,0.0000,0.0000,0.0000,0,0.8800,0.1200,1.0000,2.0000,flat,0.1686,0.3111,1.2181,1.2104,0.4032,0.0000,57.0605,2,0.0019,0.0077,0.2505,6,2,65935.5156,15169
42,110,LosAngeles_Small,stress,Hybrid,3600,8,129,31,0.2403,0.3566,0.6434,928.6774,309.5591,0.4161,1.0001,388.5807,557.4865,1520.8732,0.7828,22.2223,17.3341,1137.6139,354.4521,141.6434,17705.4258,0,0,-0.0000,0.0000,0.0000,0.0000,148,0.6739,0.3261,1.0000,2.0000,flat,0.1263,0.2478,1.2857,1.2816,0.3566,0.0000,84.4060,2,0.0006,0.0043,0.1946,4,2,47147.0664,18272
42,111,LosAngeles_Small,stress,Hybrid,3600,8,125,33,0.2640,0.3760,0.6240,912.9697,456.4849,0.3588,1.0001,427.8788,494.7750,1599.3699,0.7476,22.6808,17.8548,1225.5046,326.2462,151.4240,18928.0000,0,0,-0.0000,0.0000,0.0000,0.0000,157,0.7021,0.2979,1.0000,2.0000,flat,0.1995,0.3674,1.1190,1.1907,0.3760,0.0000,108.0048,2,0.0006,0.0037,0.2280,4,1,52779.2070,18928
42,112,LosAngeles_Small,stress,Hybrid,3600,8,135,43,0.3185,0.4222,0.5778,697.5582,348.7791,0.3688,1.0007,312.0465,400.1875,1206.1384,0.7731,22.4099,19.5592,989.9077,322.4660,135.0000,16875.0000,0,0,-0.0000,0.0000,0.0000,0.0000,190,0.7544,0.2456,1.0000,2.0000,flat,0.1298,0.2406,1.3136,1.2308,0.4222,0.0000,70.8188,2,0.0039,0.0113,0.2849,5,2,51863.9531,18225
42,113,LosAngeles_Small,stress,Hybrid,3600,8,148,41,0.2770,0.3784,0.6216,790.1464,263.3821,0.3870,1.0000,394.8781,418.5532,1367.9719,0.6929,21.5176,17.6629,1051.0428,291.2374,126.4730,15809.1221,0,0,-0.0000,0.0000,0.0000,0.0000,168,0.7321,0.2679,1.0000,2.0000,flat,0.1159,0.2222,1.3449,1.2788,0.3784,0.0000,121.2837,2,0.0003,0.0028,0.2503,5,2,56086.8516,18718
42,114,LosAngeles_Small,stress,Hybrid,3600,8,124,39,0.3145,0.3952,0.6048,838.0769,279.3590,0.3849,1.0000,384.3077,464.5000,1545.2128,0.8042,21.4594,17.0038,1174.2811,374.5726,122.9274,15365.9277,0,0,-0.0000,0.0000,0.0000,0.0000,155,0.7959,0.2041,1.0000,2.0000,flat,0.1175,0.2221,1.2261,1.2052,0.3952,0.0000,75.2651,2,0.0003,0.0024,0.2461,4,2,60263.2969,15243
42,115,LosAngeles_Small,stress,TamAlwaysAccept,3600,8,129,35,0.2713,0.3643,0.6357,854.6286,284.8762,0.4105,1.0001,428.3714,450.7561,1589.8922,0.7423,22.3366,18.6091,1141.4850,366.1102,128.8139,16101.7441,0,0,0.0000,0.0000,0.0000,0.0000,0,0.7447,0.2553,1.0000,2.0000,flat,0.1595,0.2955,1.2371,1.3094,0.3643,0.0000,110.3930,2,0.0006,0.0060,0.2340,4,2,55646.2266,16617
42,116,LosAngeles_Small,stress,TamAlwaysAccept,3600,8,125,42,0.3360,0.4000,0.6000,740.6905,370.3452,0.3732,1.0000,364.8095,390.1555,1562.1110,0.8564,22.1467,18.6129,1188.7130,340.5525,129.2720,16159.0000,0,0,0.0000,0.0000,0.0000,0.0000,0,0.8400,0.1600,1.0000,2.0000,flat,0.2302,0.4124,1.0723,1.2247,0.4000,0.0000,52.3873,1,0.0000,0.0000,0.2526,6,1,65608.6641,16159
42,117,LosAngeles_Small,stress,TamAlwaysAccept,3600,8,135,41,0.3037,0.4000,0.6000,712.1951,356.0976,0.3665,1.0000,313.8537,422.2766,1274.4198,0.8121,23.1364,19.5317,1011.0054,286.4721,123.5926,15449.0742,0,0,0.0000,0.0000,0.0000,0.0000,0,0.7593,0.2407,1.0000,2.0000,flat,0.1484,0.2792,1.3258,1.2258,0.4000,0.0000,58.9697,1,0.0000,0.0000,0.2748,5,2,52251.2109,16685
42,118,LosAngeles_Small,stress,TamAlwaysAccept,3600,8,148,45,0.3041,0.3716,0.6284,681.9778,227.3259,0.4005,1.0008,351.3333,360.5800,1297.9484,0.7389,22.3615,17.3427,1043.3397,283.9476,117.9527,14744.0879,0,0,0.0000,0.0000,0.0000,0.0000,0,0.8182,0.1818,1.0000,2.0000,flat,0.1463,0.3103,1.3289,1.2890,0.3716,0.0000,91.7437,2,0.0017,0.0204,0.2626,7,2,58407.6758,17457
42,119,LosAngeles_Small,stress,TamAlwaysAccept,3600,8,124,39,0.3145,0.3629,0.6371,772.2051,257.4017,0.3859,1.0012,375.7949,448.1364,1576.7236,0.8391,21.9317,18.6582,1244.7629,402.1230,111.6129,13951.6133,0,0,0.0000,0.0000,0.0000,0.0000,0,0.8667,0.1333,1.0000,2.0000,flat,0.1474,0.3109,1.1966,1.2231,0.3629,0.0000,60.4501,2,0.0039,0.0194,0.2496,6,2,61492.2227,13840
42,120,Tokyo_Large,generalize,MAPPO,3600,15,58,7,0.1207,0.6379,0.3621,2003.7142,500.9286,0.3268,1.0000,694.1667,1424.6666,3199.0730,0.9217,656.2720,469.4199,2129.7527,1763.3142,2759.1553,183943.6875,0,0,0.0000,0.0000,0.0000,0.0000,0,0.1892,0.8108,1.0000,8.0000,flat,0.4490,0.9258,1.1985,1.3321,0.6379,0.0000,54.3521,1,0.0000,0.0000,0.1472,3,0,22393.5117,160031
42,121,Tokyo_Large,generalize,MAPPO,3600,15,45,5,0.1111,0.5778,0.4222,1870.6000,374.1200,0.3421,1.0000,827.0000,1429.8750,3657.6626,0.8846,560.0347,366.9201,2374.8972,1799.8274,1862.2667,124151.1094,0,0,0.0000,0.0000,0.0000,0.0000,0,0.1923,0.8077,1.0000,8.0000,flat,0.5000,1.0000,1.3800,1.2645,0.5778,0.0000,95.4675,1,0.0000,0.0000,0.1249,1,0,18288.3125,83802
42,122,Tokyo_Large,generalize,MAPPO,3600,15,52,14,0.2692,0.8269,0.1731,1406.7142,200.9592,0.4772,1.0000,753.2727,1193.0000,3310.9192,0.8791,718.5759,555.5641,2610.8960,2114.8735,1808.9807,120598.7188,0,0,0.0000,0.0000,0.0000,0.0000,0,0.3256,0.6744,1.0000,8.0000,flat,0.5817,1.2475,1.2884,1.1907,0.8269,0.0000,91.0889,1,0.0000,0.0000,0.1494,4,0,46352.8672,94067
42,123,Tokyo_Large,generalize,MAPPO,3600,15,67,24,0.3582,0.6269,0.3731,1689.8750,281.6458,0.4360,1.0000,708.6500,1087.7000,4137.4478,1.0000,676.9800,465.2828,2658.6562,1479.5172,1093.1045,72873.6328,0,0,0.0000,0.0000,0.0000,0.0000,0,0.5714,0.4286,1.0000,8.0000,flat,0.2013,0.3963,1.2575,1.1666,0.6269,0.0000,0.0000,1,0.0000,0.0000,0.1773,3,1,99298.7500,73238
42,124,Tokyo_Large,generalize,MAPPO,3600,15,64,22,0.3438,0.8438,0.1562,1641.7273,205.2159,0.5542,1.0000,738.8095,1139.3846,3318.3127,0.8983,709.1215,595.3386,2771.4849,1826.6292,1284.8750,85658.3359,0,0,0.0000,0.0000,0.0000,0.0000,0,0.4074,0.5926,1.0000,8.0000,flat,0.4868,0.9101,1.2262,1.2398,0.8438,0.0000,75.1470,2,0.0003,0.0014,0.1418,3,0,73002.8828,82232
42,125,Tokyo_Large,generalize,FaithfulMAPPER,3600,15,58,12,0.2069,0.4138,0.5862,1690.1666,241.4524,0.4848,1.0000,783.2500,1108.0588,3418.4143,0.8729,652.4730,476.8210,3222.5474,2666.7554,1374.6724,91644.8281,0,0,0.0000,0.0000,0.0000,0.0000,0,0.5000,0.5000,1.0000,8.0000,flat,0.4917,0.9718,1.2032,1.2777,0.4138,0.0000,99.5671,1,0.0000,0.0000,0.0997,2,0,41020.9727,79731
42,126,Tokyo_Large,generalize,FaithfulMAPPER,3600,15,45,13,0.2889,0.4889,0.5111,1689.5385,337.9077,0.3838,1.0000,692.0769,1096.3334,3108.7908,0.8984,622.7435,456.1262,2721.8889,2428.1116,1240.9111,82727.4062,0,0,0.0000,0.0000,0.0000,0.0000,0,0.5909,0.4091,1.0000,8.0000,flat,0.4423,0.8804,1.3666,1.2974,0.4889,0.0000,70.3187,1,0.0000,0.0000,0.1064,2,0,40414.2812,55841
42,127,Tokyo_Large,generalize,FaithfulMAPPER,3600,15,52,19,0.3654,0.5962,0.4038,1856.2632,265.1805,0.4810,1.0000,894.1667,1029.0000,3636.9243,0.8135,696.1224,535.2081,3125.9460,2636.8035,1560.2500,104016.6641,0,0,0.0000,0.0000,0.0000,0.0000,0,0.6129,0.3871,1.0000,8.0000,flat,0.3434,0.7027,1.3277,1.1885,0.5962,0.0000,166.7818,1,0.0000,0.0000,0.1049,2,0,69101.5625,81133
42,128,Tokyo_Large,generalize,FaithfulMAPPER,3600,15,67,22,0.3284,0.5224,0.4776,1709.4091,213.6761,0.5371,1.0000,879.3182,1089.4138,3953.9417,0.8993,677.0430,467.7121,3072.4214,2450.6619,1424.5374,94969.1562,0,0,0.0000,0.0000,0.0000,0.0000,0,0.6286,0.3714,1.0000,8.0000,flat,0.1653,0.4264,1.2220,1.2253,0.5224,0.0000,88.5298,1,0.0000,0.0000,0.1145,2,0,86986.7188,95444
42,129,Tokyo_Large,generalize,FaithfulMAPPER,3600,15,64,16,0.2500,0.5781,0.4219,1751.0000,218.8750,0.5951,1.0000,758.8125,1299.2727,3621.4297,0.9545,704.2569,586.0241,3284.6685,2154.2083,1977.2188,131814.5781,0,0,0.0000,0.0000,0.0000,0.0000,0,0.4324,0.5676,1.0000,8.0000,flat,0.3859,0.7856,1.2157,1.2455,0.5781,0.0000,34.5266,1,0.0000,0.0000,0.0987,2,0,57942.8750,126542
42,130,Tokyo_Large,generalize,Hybrid,3600,15,58,12,0.2069,0.4138,0.5862,1865.8334,310.9722,0.4192,1.0000,847.3333,1072.7778,3728.9841,0.8802,553.2658,409.5224,3284.5264,2633.3777,1789.1552,119277.0078,0,0,-0.0000,0.0000,0.0000,0.0000,79,0.5000,0.5000,1.0000,8.0000,flat,0.4917,0.9718,1.2794,1.2239,0.4138,0.0000,101.5365,1,0.0000,0.0000,0.0971,2,0,44747.8086,103771
42,131,Tokyo_Large,generalize,Hybrid,3600,15,45,15,0.3333,0.5556,0.4444,1499.7333,374.9333,0.3281,1.0000,725.2667,870.1739,3245.9529,0.8951,641.9438,449.1373,2494.7942,2262.2471,1120.1111,74674.0703,0,0,-0.0000,0.0000,0.0000,0.0000,67,0.6000,0.4000,1.0000,8.0000,flat,0.2500,0.5774,1.4151,1.2263,0.5556,0.0000,76.0761,1,0.0000,0.0000,0.1358,1,0,48689.2930,50405
42,132,Tokyo_Large,generalize,Hybrid,3600,15,52,15,0.2885,0.5000,0.5000,1867.7333,266.8190,0.5158,1.0000,756.1334,1345.2084,3406.0916,0.9009,651.0759,513.4256,3172.9534,2671.3364,2262.5193,150834.6094,0,0,-0.0000,0.0000,0.0000,0.0000,82,0.5769,0.4231,1.0000,8.0000,flat,0.3478,0.7303,1.3180,1.2250,0.5000,0.0000,74.9150,1,0.0000,0.0000,0.0982,1,0,51091.3750,117651
42,133,Tokyo_Large,generalize,Hybrid,3600,15,67,18,0.2687,0.4478,0.5522,1934.1111,241.7639,0.5406,1.0000,919.1111,1246.1250,4182.4609,0.9101,619.3896,450.4967,3161.4285,2814.6526,2315.7910,154386.0625,0,0,-0.0000,0.0000,0.0000,0.0000,95,0.6000,0.4000,1.0000,8.0000,flat,0.2174,0.5270,1.1281,1.3010,0.4478,0.0000,82.6189,1,0.0000,0.0000,0.0980,1,0,75284.2969,155158
42,134,Tokyo_Large,generalize,Hybrid,3600,15,64,16,0.2500,0.4531,0.5469,1682.6875,240.3839,0.5067,1.0000,850.9375,1212.9546,3955.4573,0.9297,669.6498,513.5979,3537.5991,2105.4807,2610.1562,174010.4219,0,0,-0.0000,0.0000,0.0000,0.0000,104,0.5517,0.4483,1.0000,8.0000,flat,0.5163,0.9882,1.1086,1.3275,0.4531,0.0000,59.8461,1,0.0000,0.0000,0.0946,2,0,63287.3164,167050
42,135,Tokyo_Large,generalize,TamAlwaysAccept,3600,15,58,13,0.2241,0.3966,0.6034,1675.6923,418.9231,0.3323,1.0000,729.7692,1068.2222,3247.8823,0.8901,553.2658,375.1964,3200.6917,2517.6584,2853.4656,190231.0312,0,0,0.0000,0.0000,0.0000,0.0000,0,0.5652,0.4348,1.0000,8.0000,flat,0.3158,0.6794,1.2935,1.2162,0.3966,0.0000,80.1927,1,0.0000,0.0000,0.0982,1,0,42222.4688,165501
42,136,Tokyo_Large,generalize,TamAlwaysAccept,3600,15,45,16,0.3556,0.5333,0.4667,1609.3750,402.3438,0.3084,1.0000,748.5000,851.2381,3353.4238,0.8960,622.7435,465.3672,2524.0574,2845.4202,1636.5778,109105.1875,0,0,0.0000,0.0000,0.0000,0.0000,0,0.6667,0.3333,1.0000,8.0000,flat,0.2000,0.5000,1.3695,1.2875,0.5333,0.0000,77.8152,1,0.0000,0.0000,0.1297,1,0,53654.7812,73646
42,137,Tokyo_Large,generalize,TamAlwaysAccept,3600,15,52,20,0.3846,0.5192,0.4808,1789.7000,255.6714,0.5250,1.0000,906.9000,978.0000,3986.2102,0.8791,651.0759,521.3437,3335.5513,2736.9875,2311.3076,154087.1719,0,0,0.0000,0.0000,0.0000,0.0000,0,0.7407,0.2593,1.0000,8.0000,flat,0.1773,0.4583,1.2837,1.2582,0.5192,0.0000,109.6580,1,0.0000,0.0000,0.1040,2,0,79724.2031,120188
42,138,Tokyo_Large,generalize,TamAlwaysAccept,3600,15,67,19,0.2836,0.4776,0.5224,1789.0000,223.6250,0.5531,1.0000,825.3158,1179.1034,3721.8958,0.9019,685.5389,479.2052,2895.2004,2509.3813,2753.7761,183585.0781,0,0,0.0000,0.0000,0.0000,0.0000,0,0.5938,0.4062,1.0000,8.0000,flat,0.2563,0.5813,1.1598,1.2819,0.4776,0.0000,80.9366,1,0.0000,0.0000,0.1025,2,0,70716.0234,184503
42,139,Tokyo_Large,generalize,TamAlwaysAccept,3600,15,64,21,0.3281,0.4531,0.5469,1829.9048,228.7381,0.5694,1.0000,832.1905,1125.3750,3952.0920,0.9498,678.6295,510.5342,3446.5269,2334.3296,3186.4062,212427.0781,0,0,0.0000,0.0000,0.0000,0.0000,0,0.7241,0.2759,1.0000,8.0000,flat,0.3685,0.7159,1.1890,1.2609,0.4531,0.0000,41.7721,1,0.0000,0.0000,0.0936,2,0,82993.9297,203930
42,140,NewYork,generalize,MAPPO,3600,15,58,9,0.1552,0.6724,0.3276,1861.4445,310.2408,0.4101,1.0000,751.8750,1343.8889,4410.3604,1.0000,542.9136,310.9944,2662.5576,1252.0693,2610.9827,174065.5156,0,0,0.0000,0.0000,0.0000,0.0000,0,0.2308,0.7692,1.0000,8.0000,flat,0.3750,0.7071,1.3370,1.2863,0.6724,0.0000,0.0000,1,0.0000,0.0000,0.1570,2,0,39693.2461,151437
42,141,NewYork,generalize,MAPPO,3600,15,58,10,0.1724,0.6724,0.3276,2014.3000,287.7571,0.4837,1.0000,907.6000,1125.3846,4861.9937,1.0000,408.6378,300.5514,2401.6707,1422.0770,1425.3966,95026.4375,0,0,0.0000,0.0000,0.0000,0.0000,0,0.2564,0.7436,1.0000,8.0000,flat,0.1000,0.3333,1.2723,1.2787,0.6724,0.0000,0.0000,1,0.0000,0.0000,0.1437,1,0,48619.9375,82673
42,142,NewYork,generalize,MAPPO,3600,15,60,19,0.3167,0.7667,0.2333,1928.3158,241.0395,0.5485,1.0000,647.6000,1539.3529,3814.2478,1.0000,598.6964,416.7273,2449.7197,1629.3711,1389.1167,92607.7812,0,0,0.0000,0.0000,0.0000,0.0000,0,0.4130,0.5870,1.0000,8.0000,flat,0.4000,0.8165,1.0557,1.4225,0.7667,0.0000,0.0000,2,0.0003,0.0017,0.1631,4,0,72470.7109,83347
42,143,NewYork,generalize,MAPPO,3600,15,57,19,0.3333,0.9123,0.0877,1200.7368,150.0921,0.5881,1.0000,631.5555,855.3846,2755.1326,0.8725,595.2886,451.4266,2211.1343,1275.7627,1404.7018,93646.7812,0,0,0.0000,0.0000,0.0000,0.0000,0,0.3654,0.6346,1.0000,8.0000,flat,0.5292,0.9719,1.2563,1.3785,0.9123,0.0000,80.5291,1,0.0000,0.0000,0.1651,3,0,52347.5156,80068
42,144,NewYork,generalize,MAPPO,3600,15,66,20,0.3030,0.7879,0.2121,1419.2500,202.7500,0.4750,1.0000,551.7778,1015.0000,2924.5566,1.0000,480.0803,367.8009,2411.9265,1254.5769,1327.9697,88531.3125,0,0,0.0000,0.0000,0.0000,0.0000,0,0.3846,0.6154,1.0000,8.0000,flat,0.4572,0.9040,1.2405,1.4123,0.7879,0.0000,0.0000,1,0.0000,0.0000,0.1736,4,0,58491.1328,87646
42,145,NewYork,generalize,FaithfulMAPPER,3600,15,58,16,0.2759,0.6552,0.3448,1683.1250,210.3906,0.5808,1.0000,721.0000,1177.6538,3350.9661,0.9295,585.6492,401.3129,2885.9727,1670.0883,1549.0518,103270.1172,0,0,0.0000,0.0000,0.0000,0.0000,0,0.4211,0.5789,1.0000,8.0000,flat,0.4048,0.8004,1.3279,1.3061,0.6552,0.0000,50.8068,1,0.0000,0.0000,0.1096,2,0,53615.4570,89845
42,146,NewYork,generalize,FaithfulMAPPER,3600,15,58,25,0.4310,0.5690,0.4310,1544.8800,220.6971,0.4914,1.0000,771.2400,811.9655,3489.5508,0.9049,568.1934,369.5992,2770.3665,1760.6337,1107.0518,73803.4453,0,0,0.0000,0.0000,0.0000,0.0000,0,0.7576,0.2424,1.0000,8.0000,flat,0.2629,0.5571,1.2519,1.3040,0.5690,0.0000,73.3298,1,0.0000,0.0000,0.1291,3,0,87238.7734,64209
42,147,NewYork,generalize,FaithfulMAPPER,3600,15,60,21,0.3500,0.5833,0.4167,1866.1428,233.2679,0.5484,1.0000,889.8000,1086.9615,3839.4800,0.8630,588.5396,425.2560,2890.3635,1793.7537,1350.1167,90007.7812,0,0,0.0000,0.0000,0.0000,0.0000,0,0.6000,0.4000,1.0000,8.0000,flat,0.4087,0.7810,1.0358,1.2889,0.5833,0.0000,121.9040,1,0.0000,0.0000,0.1141,2,0,80629.0781,81007
42,148,NewYork,generalize,FaithfulMAPPER,3600,15,57,15,0.2632,0.5789,0.4211,1778.2667,222.2833,0.5582,1.0000,884.0000,1116.9615,3940.5776,0.8915,591.5903,425.4226,2742.4021,1836.9691,1259.9298,83995.3203,0,0,0.0000,0.0000,0.0000,0.0000,0,0.4545,0.5455,1.0000,8.0000,flat,0.4290,0.8589,1.2572,1.2806,0.5789,0.0000,95.8845,2,0.0006,0.0020,0.1169,2,0,59108.6641,71816
42,149,NewYork,generalize,FaithfulMAPPER,3600,15,66,19,0.2879,0.6212,0.3788,1696.5264,212.0658,0.5768,1.0000,753.7368,1139.2500,3441.9238,0.9133,480.0803,367.8009,2856.5532,1501.0729,1576.6818,105112.1250,0,0,0.0000,0.0000,0.0000,0.0000,0,0.4634,0.5366,1.0000,8.0000,flat,0.3660,0.7236,1.2115,1.3842,0.6212,0.0000,65.3521,2,0.0003,0.0017,0.1235,2,0,65396.5508,104061
42,150,NewYork,generalize,Hybrid,3600,15,58,20,0.3448,0.6207,0.3793,1795.0500,224.3813,0.5621,1.0000,838.3500,1005.2308,3629.1216,0.8658,585.6492,400.1805,2985.7625,1846.6407,1943.7759,129585.0547,0,0,-0.0000,0.0000,0.0000,0.0000,110,0.5556,0.4444,1.0000,8.0000,flat,0.2130,0.5148,1.3373,1.2928,0.6207,0.0000,112.5256,1,0.0000,0.0000,0.1102,2,0,72582.4297,112739
42,151,NewYork,generalize,Hybrid,3600,15,58,22,0.3793,0.5690,0.4310,1556.4091,259.4015,0.4064,1.0000,809.0000,908.3704,3526.4695,0.8718,568.8249,415.2846,2632.3396,1979.8113,1210.8966,80726.4375,0,0,-0.0000,0.0000,0.0000,0.0000,96,0.6667,0.3333,1.0000,8.0000,flat,0.2078,0.5492,1.2748,1.2738,0.5690,0.0000,103.7061,1,0.0000,0.0000,0.1228,3,0,77582.3281,70232
42,152,NewYork,generalize,Hybrid,3600,15,60,20,0.3333,0.5167,0.4833,1827.9500,228.4937,0.5387,1.0000,885.5000,1038.0690,4012.7175,0.9063,607.2866,434.8087,3048.9172,1836.9371,1234.3167,82287.7812,0,0,-0.0000,0.0000,0.0000,0.0000,95,0.6452,0.3548,1.0000,8.0000,flat,0.2870,0.6164,1.1067,1.1782,0.5167,0.0000,82.9565,1,0.0000,0.0000,0.1114,2,0,80254.3516,74059
42,153,NewYork,generalize,Hybrid,3600,15,57,19,0.3333,0.6140,0.3860,1406.0000,234.3333,0.4235,1.0000,789.1579,719.1111,3515.0234,0.8908,618.7493,460.8345,2683.8186,1882.9384,1224.0176,81601.1719,0,0,-0.0000,0.0000,0.0000,0.0000,106,0.5429,0.4571,1.0000,8.0000,flat,0.4622,0.9207,1.3428,1.1465,0.6140,0.0000,86.1532,1,0.0000,0.0000,0.1309,3,0,66785.4453,69769
42,154,NewYork,generalize,Hybrid,3600,15,66,15,0.2273,0.4697,0.5303,1569.0000,224.1429,0.4975,1.0000,763.9333,1109.3199,3172.3967,0.8305,490.6255,362.2630,3170.9978,2064.6353,1521.1212,101408.0781,0,0,-0.0000,0.0000,0.0000,0.0000,98,0.4839,0.5161,1.0000,8.0000,flat,0.4986,0.9707,1.2672,1.2855,0.4697,0.0000,129.4540,1,0.0000,0.0000,0.1052,2,0,47585.9492,100394
42,155,NewYork,generalize,TamAlwaysAccept,3600,15,58,20,0.3448,0.6034,0.3966,1549.5000,172.1667,0.6036,1.0000,731.2500,1087.4062,3266.8252,0.8935,498.5732,360.8337,2867.1875,1657.0695,1929.1034,128606.8984,0,0,0.0000,0.0000,0.0000,0.0000,0,0.5714,0.4286,1.0000,8.0000,flat,0.3522,0.7036,1.3444,1.2840,0.6034,0.0000,77.8849,1,0.0000,0.0000,0.1104,2,0,65336.5039,111888
42,156,NewYork,generalize,TamAlwaysAccept,3600,15,58,18,0.3103,0.4655,0.5345,1668.7778,333.7556,0.3997,1.0000,885.6111,1002.2727,3871.8872,0.8744,486.9899,371.0598,2936.7693,2078.1226,1180.4828,78698.8516,0,0,0.0000,0.0000,0.0000,0.0000,0,0.6667,0.3333,1.0000,8.0000,flat,0.3611,0.7778,1.2683,1.2796,0.4655,0.0000,111.2336,1,0.0000,0.0000,0.1069,3,0,69693.9688,68468
42,157,NewYork,generalize,TamAlwaysAccept,3600,15,60,23,0.3833,0.5667,0.4333,1781.2609,254.4658,0.5230,1.0000,874.2609,998.9286,3762.8325,0.8608,588.5396,425.2560,2871.8904,1806.3674,1152.3000,76820.0000,0,0,0.0000,0.0000,0.0000,0.0000,0,0.6765,0.3235,1.0000,8.0000,flat,0.3062,0.7802,1.0603,1.2472,0.5667,0.0000,121.6943,1,0.0000,0.0000,0.1065,4,0,86545.1484,69138
42,158,NewYork,generalize,TamAlwaysAccept,3600,15,57,16,0.2807,0.5263,0.4737,1808.0000,258.2857,0.4959,1.0000,856.2500,1050.9565,3815.6016,0.8912,589.0066,430.3857,2917.0208,1845.5004,1089.7720,72651.4609,0,0,0.0000,0.0000,0.0000,0.0000,0,0.5333,0.4667,1.0000,8.0000,flat,0.3859,0.7856,1.3683,1.1545,0.5263,0.0000,93.1297,1,0.0000,0.0000,0.1027,2,0,61049.6250,62117
42,159,NewYork,generalize,TamAlwaysAccept,3600,15,66,14,0.2121,0.4394,0.5606,1638.2858,204.7857,0.5353,1.0000,793.7143,1045.6250,3515.3320,0.8858,453.0954,321.9765,3284.0269,2131.4526,1454.6970,96979.7969,0,0,0.0000,0.0000,0.0000,0.0000,0,0.4828,0.5172,1.0000,8.0000,flat,0.3913,0.8018,1.1939,1.3420,0.4394,0.0000,90.6479,1,0.0000,0.0000,0.0987,1,0,49214.6484,96010
42,160,Paris,generalize,MAPPO,3600,12,65,34,0.5231,0.9077,0.0923,1323.6177,165.4522,0.6945,1.0028,512.1035,978.0667,2662.4243,1.0000,178.9973,149.7372,2078.3347,869.7603,1543.4154,128617.9453,0,0,0.0000,0.0000,0.0000,0.0000,0,0.5763,0.4237,1.0031,4.0000,flat,0.3452,0.6507,1.1791,1.1289,0.9077,0.0000,0.0000,2,0.0186,0.0209,0.1872,4,0,90522.4219,100322
42,161,Paris,generalize,MAPPO,3600,12,88,49,0.5568,1.0000,0.0000,1375.8572,229.3095,0.5154,1.0000,497.8000,865.5854,2381.6553,0.9569,165.3490,155.8631,2001.1761,694.2332,1597.2386,133103.2188,0,0,0.0000,0.0000,0.0000,0.0000,0,0.5568,0.4432,1.0000,4.0000,flat,0.2460,0.4969,1.2146,0.0000,1.0000,0.0000,21.4689,2,0.0003,0.0017,0.2321,6,1,116701.1094,140557
42,162,Paris,generalize,MAPPO,3600,12,68,31,0.4559,0.8382,0.1618,1117.9354,223.5871,0.4820,1.0000,449.9655,763.8125,2286.3745,1.0000,183.5462,164.0076,1706.8544,830.2988,1091.3383,90944.8516,0,0,0.0000,0.0000,0.0000,0.0000,0,0.5439,0.4561,1.0000,4.0000,flat,0.3276,0.6255,1.2707,1.1892,0.8382,0.0000,0.0000,1,0.0000,0.0000,0.2178,4,0,70877.6094,74211
42,163,Paris,generalize,MAPPO,3600,12,78,46,0.5897,0.9487,0.0513,1282.0435,183.1491,0.5924,1.0000,517.9268,838.9737,2612.0654,1.0000,188.1415,172.0684,2082.0803,767.1000,1577.1666,131430.5625,0,0,0.0000,0.0000,0.0000,0.0000,0,0.6216,0.3784,1.0000,4.0000,flat,0.2361,0.4637,1.3095,1.5540,0.9487,0.0000,0.0000,1,0.0000,0.0000,0.2217,5,1,120155.0078,123019
42,164,Paris,generalize,MAPPO,3600,12,70,43,0.6143,0.9714,0.0286,1410.6511,235.1085,0.5806,1.0000,493.8462,861.1316,2172.5964,0.8799,179.1641,152.4715,1871.9287,809.6994,1104.7715,92064.2891,0,0,0.0000,0.0000,0.0000,0.0000,0,0.6324,0.3676,1.0000,4.0000,flat,0.3333,0.6093,1.2503,1.7040,0.9714,0.0000,59.3269,2,0.0003,0.0015,0.2365,5,0,93421.6484,77334
42,165,Paris,generalize,FaithfulMAPPER,3600,12,65,22,0.3385,0.7231,0.2769,1372.5000,196.0714,0.6054,1.0000,629.5455,1002.1935,2729.6079,0.8672,172.8802,141.9195,2505.6875,1028.6501,1671.1692,139264.1094,0,0,0.0000,0.0000,0.0000,0.0000,0,0.4681,0.5319,1.0000,4.0000,flat,0.2626,0.5143,1.1928,1.1267,0.7231,0.0000,83.6239,1,0.0000,0.0000,0.1391,2,0,60051.3711,108626
42,166,Paris,generalize,FaithfulMAPPER,3600,12,88,38,0.4318,0.8523,0.1477,1450.4736,241.7456,0.5796,1.0001,621.5714,920.5428,2794.7888,0.8993,164.4672,133.2710,2228.1230,740.3223,2027.7614,168980.1250,0,0,0.0000,0.0000,0.0000,0.0000,0,0.5067,0.4933,1.0000,4.0000,flat,0.3039,0.5549,1.2268,1.1439,0.8523,0.0000,62.6136,2,0.0006,0.0028,0.1764,4,0,106201.9766,178443
42,167,Paris,generalize,FaithfulMAPPER,3600,12,68,22,0.3235,0.6324,0.3676,1362.4546,227.0758,0.5003,1.0000,589.5909,914.6296,2611.4150,0.8858,181.1401,161.4567,2029.7441,1053.5347,1222.9559,101912.9922,0,0,0.0000,0.0000,0.0000,0.0000,0,0.5116,0.4884,1.0000,4.0000,flat,0.2071,0.4360,1.3373,1.1203,0.6324,0.0000,67.3079,1,0.0000,0.0000,0.1579,2,0,57451.1328,83161
42,168,Paris,generalize,FaithfulMAPPER,3600,12,78,29,0.3718,0.7821,0.2179,1421.1034,236.8506,0.5768,1.0000,644.4074,843.4839,2919.6987,0.9062,188.1415,172.0684,2360.0488,917.8690,1938.0513,161504.2812,0,0,0.0000,0.0000,0.0000,0.0000,0,0.4754,0.5246,1.0000,4.0000,flat,0.2222,0.4403,1.3046,1.3844,0.7821,0.0000,60.4677,1,0.0000,0.0000,0.1754,3,1,84671.2656,151168
42,169,Paris,generalize,FaithfulMAPPER,3600,12,70,25,0.3571,0.7571,0.2429,1202.9200,171.8457,0.5950,1.0000,510.0800,858.2581,2726.6799,1.0000,173.1843,147.4940,2207.4551,913.2346,1502.6857,125223.8125,0,0,0.0000,0.0000,0.0000,0.0000,0,0.4717,0.5283,1.0000,4.0000,flat,0.3489,0.6412,1.3211,1.0831,0.7571,0.0000,0.0000,1,0.0000,0.0000,0.1654,3,0,68167.0000,105188
42,170,Paris,generalize,Hybrid,3600,12,65,23,0.3538,0.6308,0.3692,1379.6086,197.0869,0.6106,1.0000,663.1739,919.1875,2849.4609,0.8593,165.7902,134.9935,2653.0869,1134.5652,1457.4000,121450.0000,0,0,-0.0000,0.0000,0.0000,0.0000,164,0.5610,0.4390,1.0000,4.0000,flat,0.3019,0.5719,1.2301,1.0795,0.6308,0.0000,93.2817,1,0.0000,0.0000,0.1396,2,0,65537.6016,94731
42,171,Paris,generalize,Hybrid,3600,12,88,32,0.3636,0.7500,0.2500,1515.0938,216.4420,0.6477,1.0000,586.2581,951.1429,2696.4563,0.9199,164.4672,131.2143,2373.8752,767.0311,2321.2954,193441.2812,0,0,-0.0000,0.0000,0.0000,0.0000,296,0.4848,0.5152,1.0000,4.0000,flat,0.1806,0.3536,1.2364,1.1492,0.7500,0.0000,46.9668,1,0.0000,0.0000,0.1652,3,1,86286.6016,204274
42,172,Paris,generalize,Hybrid,3600,12,68,23,0.3382,0.5441,0.4559,1271.0869,211.8478,0.5420,1.0000,566.0435,835.5172,2398.4927,0.8475,176.1857,137.8612,2088.7002,1076.1337,1281.4265,106785.5391,0,0,-0.0000,0.0000,0.0000,0.0000,144,0.6216,0.3784,1.0000,4.0000,flat,0.1570,0.3505,1.2922,1.2162,0.5441,0.0000,86.3449,1,0.0000,0.0000,0.1455,2,1,55165.3320,87137
42,173,Paris,generalize,Hybrid,3600,12,78,30,0.3846,0.6410,0.3590,1354.1666,225.6944,0.5671,1.0000,619.9643,763.7586,3062.9272,0.9881,174.0031,154.7891,2519.2571,1017.4139,1413.3462,117778.8438,0,0,-0.0000,0.0000,0.0000,0.0000,208,0.6000,0.4000,1.0000,4.0000,flat,0.2739,0.5126,1.2907,1.3780,0.6410,0.0000,7.3788,1,0.0000,0.0000,0.1665,3,0,91887.8125,110241
42,174,Paris,generalize,Hybrid,3600,12,70,21,0.3000,0.5857,0.4143,1262.2380,210.3730,0.5552,1.0000,668.6667,770.6552,2887.1350,0.8635,173.1843,136.6284,2442.5632,1137.3878,1610.2858,134190.4688,0,0,-0.0000,0.0000,0.0000,0.0000,153,0.5122,0.4878,1.0000,4.0000,flat,0.2566,0.5151,1.2225,1.3209,0.5857,0.0000,91.2397,1,0.0000,0.0000,0.1472,2,0,60629.8320,112720
42,175,Paris,generalize,TamAlwaysAccept,3600,12,65,23,0.3538,0.5846,0.4154,1548.1740,258.0290,0.5470,1.0000,667.9565,916.0333,3130.5552,0.9374,165.5427,128.8590,2725.8223,1128.5072,1417.5077,118125.6406,0,0,0.0000,0.0000,0.0000,0.0000,0,0.6053,0.3947,1.0000,4.0000,flat,0.2150,0.4370,1.2625,1.0506,0.5846,0.0000,41.8455,1,0.0000,0.0000,0.1282,2,0,72002.7656,92138
42,176,Paris,generalize,TamAlwaysAccept,3600,12,88,24,0.2727,0.6477,0.3523,1396.0834,174.5104,0.6692,1.0000,647.8750,992.8919,2814.5649,0.8689,144.9012,117.9520,2483.2815,757.3325,2441.4431,203453.6094,0,0,0.0000,0.0000,0.0000,0.0000,0,0.4211,0.5789,1.0000,4.0000,flat,0.3148,0.6124,1.2626,1.1262,0.6477,0.0000,84.9620,1,0.0000,0.0000,0.1436,3,0,67549.5625,214847
42,177,Paris,generalize,TamAlwaysAccept,3600,12,68,25,0.3676,0.5147,0.4853,1350.0400,225.0067,0.5354,1.0000,611.1600,805.4828,2582.3918,0.8451,181.1401,157.0982,2225.5620,1168.3726,2474.3235,206193.6250,0,0,0.0000,0.0000,0.0000,0.0000,0,0.7143,0.2857,1.0000,4.0000,flat,0.2689,0.5441,1.4140,1.0916,0.5147,0.0000,94.6816,1,0.0000,0.0000,0.1385,3,0,64559.7969,168254
42,178,Paris,generalize,TamAlwaysAccept,3600,12,78,21,0.2692,0.4744,0.5256,1420.5238,236.7540,0.5298,1.0000,633.8571,949.3333,2905.7781,0.9169,157.1025,120.7788,2732.2759,1136.0743,2380.5513,198379.2812,0,0,0.0000,0.0000,0.0000,0.0000,0,0.5676,0.4324,1.0000,4.0000,flat,0.2566,0.5151,1.2692,1.3697,0.4744,0.0000,52.7015,1,0.0000,0.0000,0.1241,2,0,61021.3398,185683
42,179,Paris,generalize,TamAlwaysAccept,3600,12,70,22,0.3143,0.5857,0.4143,1312.5454,218.7576,0.5817,1.0000,592.4091,851.2143,2617.1948,0.8836,173.1843,140.0957,2301.1416,1066.9282,3183.2715,265272.6250,0,0,0.0000,0.0000,0.0000,0.0000,0,0.5366,0.4634,1.0000,4.0000,flat,0.2071,0.4360,1.2318,1.3078,0.5857,0.0000,68.9702,1,0.0000,0.0000,0.1444,2,0,57578.2852,222829
42,180,London,generalize,MAPPO,3600,15,69,12,0.1739,0.8116,0.1884,1626.5834,203.3229,0.5965,1.0001,627.2000,1530.3334,2991.8513,0.9540,279.9759,250.3135,2386.8877,1098.8215,3927.2610,261817.3906,0,0,0.0000,0.0000,0.0000,0.0000,0,0.2143,0.7857,1.0000,8.0000,flat,0.4643,0.8660,1.3554,1.2377,0.8116,0.0000,28.8298,2,0.0014,0.0038,0.1453,2,0,35902.2148,270981
42,181,London,generalize,MAPPO,3600,15,68,29,0.4265,0.8971,0.1029,1602.5862,200.3233,0.5468,1.0000,560.7143,1123.5807,2641.1492,0.9421,271.6993,217.0087,2179.4214,919.5809,1970.3088,131353.9219,0,0,0.0000,0.0000,0.0000,0.0000,0,0.4754,0.5246,1.0000,8.0000,flat,0.3747,0.7419,1.2197,1.3646,0.8971,0.0000,32.4844,1,0.0000,0.0000,0.1896,4,0,76593.3281,133981
42,182,London,generalize,MAPPO,3600,15,55,34,0.6182,0.9091,0.0909,1554.1177,259.0196,0.4661,1.0000,752.8788,835.1250,3256.1018,0.8650,254.1977,230.2373,2552.5735,1041.0951,1767.8727,117858.1797,0,0,0.0000,0.0000,0.0000,0.0000,0,0.6800,0.3200,1.0000,8.0000,flat,0.2823,0.6280,1.3006,1.2473,0.9091,0.0000,101.6584,1,0.0000,0.0000,0.1709,5,0,110707.4609,97233
42,183,London,generalize,MAPPO,3600,15,48,23,0.4792,0.8750,0.1250,1660.6086,332.1217,0.3824,1.0000,704.3000,1024.3478,3135.6357,0.8904,249.3824,227.3089,2329.0034,1331.9246,1695.6041,113040.2812,0,0,0.0000,0.0000,0.0000,0.0000,0,0.5476,0.4524,1.0000,8.0000,flat,0.3422,0.6364,1.2160,1.4610,0.8750,0.0000,77.1729,1,0.0000,0.0000,0.1647,3,0,72119.6172,81389
42,184,London,generalize,MAPPO,3600,15,56,32,0.5714,0.9643,0.0357,1440.9062,205.8438,0.4760,1.0000,548.2258,877.3889,2645.9890,0.9653,251.6367,229.9954,2022.7878,938.0995,1463.9108,97594.0469,0,0,0.0000,0.0000,0.0000,0.0000,0,0.5926,0.4074,1.0000,8.0000,flat,0.3779,0.6812,1.1534,1.0893,0.9643,0.0000,19.0280,2,0.0006,0.0020,0.1749,3,0,84671.6484,81979
42,185,London,generalize,FaithfulMAPPER,3600,15,69,17,0.2464,0.6667,0.3333,1455.0588,181.8824,0.5791,1.0000,663.9412,1182.1333,3195.9824,0.9627,274.0195,245.6404,2669.3906,1360.6876,2578.7537,171916.9062,0,0,0.0000,0.0000,0.0000,0.0000,0,0.3696,0.6304,1.0000,8.0000,flat,0.4143,0.8193,1.3607,1.2782,0.6667,0.0000,24.7447,1,0.0000,0.0000,0.1109,2,0,54331.6992,177934
42,186,London,generalize,FaithfulMAPPER,3600,15,68,27,0.3971,0.7500,0.2500,1455.8148,207.9735,0.5297,1.0000,724.8461,926.4545,2938.3987,0.8108,263.5312,217.5865,2445.4556,1022.1564,1761.2354,117415.6875,0,0,0.0000,0.0000,0.0000,0.0000,0,0.5294,0.4706,1.0000,8.0000,flat,0.3896,0.8099,1.2343,1.2355,0.7500,0.0000,137.1664,2,0.0006,0.0019,0.1469,4,0,79336.7656,119764
42,187,London,generalize,FaithfulMAPPER,3600,15,55,25,0.4545,0.7273,0.2727,1569.6400,196.2050,0.5949,1.0000,871.5200,934.8710,3722.0061,0.8541,254.1977,227.9924,3002.9087,1243.4021,1459.8000,97320.0000,0,0,0.0000,0.0000,0.0000,0.0000,0,0.6250,0.3750,1.0000,8.0000,flat,0.2609,0.5367,1.3666,1.1067,0.7273,0.0000,127.1188,1,0.0000,0.0000,0.1172,2,0,93050.1484,80289
42,188,London,generalize,FaithfulMAPPER,3600,15,48,18,0.3750,0.7500,0.2500,1611.9445,201.4931,0.5511,1.0001,686.4706,1027.6538,3138.4390,0.9144,251.3545,220.2480,2567.7871,1382.4210,1342.1459,89476.3906,0,0,0.0000,0.0000,0.0000,0.0000,0,0.5000,0.5000,1.0000,8.0000,flat,0.5101,0.9493,1.1755,1.4601,0.7500,0.0000,58.7828,2,0.0006,0.0028,0.1266,2,0,56491.8984,64423
42,189,London,generalize,FaithfulMAPPER,3600,15,56,28,0.5000,0.8750,0.1250,1495.7500,186.9688,0.5446,1.0000,643.8148,938.9394,2541.8374,0.7896,251.6367,228.8465,2134.6062,1006.6321,1705.4464,113696.4297,0,0,0.0000,0.0000,0.0000,0.0000,0,0.5714,0.4286,1.0000,8.0000,flat,0.2207,0.4742,1.1734,0.9949,0.8750,0.0000,135.4473,1,0.0000,0.0000,0.1471,2,0,71171.4531,95505
42,190,London,generalize,Hybrid,3600,15,69,25,0.3623,0.6522,0.3478,1484.3600,164.9289,0.6140,1.0000,813.6800,831.6470,3276.0859,0.8053,271.8500,240.7161,2693.2517,1449.7701,1735.2463,115683.0938,0,0,-0.0000,0.0000,0.0000,0.0000,177,0.5556,0.4444,1.0000,8.0000,flat,0.1848,0.4449,1.3320,1.3355,0.6522,0.0000,158.4628,1,0.0000,0.0000,0.1295,2,0,81902.1484,119732
42,191,London,generalize,Hybrid,3600,15,68,23,0.3382,0.6324,0.3676,1420.7391,157.8599,0.6022,1.0000,590.4091,1000.4667,2502.1846,0.8476,263.5312,205.1775,2664.5266,1155.8975,1551.3823,103425.4922,0,0,-0.0000,0.0000,0.0000,0.0000,154,0.5349,0.4651,1.0000,8.0000,flat,0.3403,0.6594,1.2689,1.1756,0.6324,0.0000,89.9722,1,0.0000,0.0000,0.1192,2,0,57550.2461,105494
42,192,London,generalize,Hybrid,3600,15,55,22,0.4000,0.6727,0.3273,1727.0909,215.8864,0.5456,1.0000,874.5455,1016.6207,3800.6013,0.8692,238.2367,212.0526,3065.3828,1313.6617,1512.3818,100825.4531,0,0,-0.0000,0.0000,0.0000,0.0000,140,0.5946,0.4054,1.0000,8.0000,flat,0.2688,0.5750,1.3439,1.1967,0.6727,0.0000,114.4252,1,0.0000,0.0000,0.1200,2,0,83613.2344,83181
42,193,London,generalize,Hybrid,3600,15,48,21,0.4375,0.6875,0.3125,1481.9524,246.9921,0.4057,1.0000,762.3333,843.0800,3420.4087,0.8974,260.7064,211.5861,2684.8525,1388.2709,1346.5416,89769.4453,0,0,-0.0000,0.0000,0.0000,0.0000,132,0.6364,0.3636,1.0000,8.0000,flat,0.3398,0.6684,1.2069,1.3342,0.6875,0.0000,78.2516,1,0.0000,0.0000,0.1213,2,0,71828.5859,64634
42,194,London,generalize,Hybrid,3600,15,56,27,0.4821,0.7857,0.2143,1355.8518,169.4815,0.5464,1.0000,607.2963,792.5484,2685.3208,0.8844,251.6367,227.0863,2227.5837,1157.3787,1467.3572,97823.8125,0,0,-0.0000,0.0000,0.0000,0.0000,173,0.6136,0.3864,1.0000,8.0000,flat,0.2319,0.4801,1.1665,1.0944,0.7857,0.0000,70.2322,2,0.0003,0.0014,0.1294,2,0,72503.6562,82172
42,195,London,generalize,TamAlwaysAccept,3600,15,69,24,0.3478,0.5797,0.4203,1615.0000,201.8750,0.5986,1.0000,857.1667,832.7419,3686.7949,0.8602,246.9039,191.6713,2730.6040,1278.7676,1079.6377,71975.8438,0,0,0.0000,0.0000,0.0000,0.0000,0,0.6000,0.4000,1.0000,8.0000,flat,0.2464,0.5270,1.2881,1.3954,0.5797,0.0000,119.8077,1,0.0000,0.0000,0.1132,2,0,88483.0781,74495
42,196,London,generalize,TamAlwaysAccept,3600,15,68,21,0.3088,0.5735,0.4265,1438.3810,179.7976,0.5900,1.0000,693.6667,871.5000,2827.1736,0.8151,259.3917,188.0557,2733.9458,1125.0732,1572.5441,104836.2734,0,0,0.0000,0.0000,0.0000,0.0000,0,0.5385,0.4615,1.0000,8.0000,flat,0.4182,0.7854,1.2508,1.2128,0.5735,0.0000,128.2320,2,0.0003,0.0012,0.1072,2,0,59370.6445,106933
42,197,London,generalize,TamAlwaysAccept,3600,15,55,22,0.4000,0.6000,0.4000,1735.7273,216.9659,0.5788,1.0000,873.8636,1048.0344,3830.5842,0.8767,240.2957,212.9437,3162.8635,1395.9236,1458.0000,97200.0000,0,0,0.0000,0.0000,0.0000,0.0000,0,0.6667,0.3333,1.0000,8.0000,flat,0.2016,0.4853,1.3818,1.1667,0.6000,0.0000,107.7468,1,0.0000,0.0000,0.1075,2,0,84272.8516,80190
42,198,London,generalize,TamAlwaysAccept,3600,15,48,20,0.4167,0.7083,0.2917,1437.2000,205.3143,0.5164,1.0000,701.0500,799.2308,3065.6562,0.8746,246.2610,220.5181,2575.7253,1405.1887,1356.3125,90420.8359,0,0,0.0000,0.0000,0.0000,0.0000,0,0.5882,0.4118,1.0000,8.0000,flat,0.3522,0.7036,1.2251,1.2990,0.7083,0.0000,87.9188,1,0.0000,0.0000,0.1208,2,0,61313.1250,65103
42,199,London,generalize,TamAlwaysAccept,3600,15,56,22,0.3929,0.6429,0.3571,1302.7273,186.1039,0.4769,1.0000,630.8636,767.9259,2790.9683,0.8848,238.8076,209.8388,2397.8230,1419.8572,1263.3928,84226.1875,0,0,0.0000,0.0000,0.0000,0.0000,0,0.6111,0.3889,1.0000,8.0000,flat,0.3281,0.6524,1.1656,1.1249,0.6429,0.0000,72.6700,1,0.0000,0.0000,0.1263,2,0,61401.3047,70750
