seed,global_episode,city,phase,policy_mode,total_steps,n_agents_max,tasks_appeared,tasks_completed,throughput_rate,accept_rate,refuse_rate,latency_mean,latency_per_agent,agent_utilisation,mean_congestion,mean_trip_steps,mean_wait_steps,mean_road_pd_m,delivery_route_efficiency,bbox_area_km2,convex_hull_km2,mean_pd_hav_m,mean_nn_pickup_m,compute_time_per_task_ms,compute_time_per_decision_us,pairing_violations,capacity_violations,actor_loss,critic_loss,entropy,adv_std,n_experiences,completion_per_accepted,unfinished_accept_rate,mean_congestion_at_decision,n_ghost_active_mean,congestion_profile,agent_completed_gini,agent_completed_std,mean_imp_accepted,mean_imp_refused,accept_rate_high_cong,accept_rate_low_cong,mean_extra_steps_per_task,peak_congestion,mean_overlap_edges,congestion_variance,route_congestion_exposure,max_agent_completed,min_agent_completed,total_fleet_distance_m,mean_agents_offered_per_task,mean_recall_rounds_per_task,mean_candidates_scored_per_task,value_throughput_rate,mean_completion_value,value_loss_to_refusal,mean_bpr_along_route,time_lost_to_congestion_steps,n_traversals_in_jam,marginal_cost_ratio_vs_oracle,mean_allocation_time_us,mean_tam_dijkstra_steps,wallclock_ms
42,0,Tokyo_Small,eval,MAPPO,3600,12,216,116,0.5370,1.0000,0.0000,963.3793,120.4224,0.7274,1.0015,294.6526,668.7342,1147.8550,0.7791,29.6924,27.1866,822.5379,156.2676,2169.4397,180786.6562,0,0,0.0000,0.0000,0.0000,0.0000,0,0.5370,0.4630,1.0019,3.0000,flat,0.2390,0.4264,1.2575,0.0000,1.0000,0.0000,65.0816,2,0.0164,0.0119,0.4390,11,1,133151.1719,3.7130,0.0000,3.7130,0.4956,0.4767,0.0000,1.0565,1206.1940,0,4.1539,2167369.7500,6.7176,468599
42,1,Tokyo_Small,eval,MAPPO,3600,12,213,131,0.6150,1.0000,0.0000,916.3435,114.5429,0.6738,1.0004,248.4299,693.3555,1081.2158,0.8704,29.7031,27.6996,840.7281,141.6629,1451.5634,120963.6172,0,0,0.0000,0.0000,0.0000,0.0000,0,0.6150,0.3850,1.0010,3.0000,flat,0.2771,0.5709,1.2559,0.0000,1.0000,0.0000,32.1867,2,0.0047,0.0063,0.4145,18,1,141639.2812,3.2864,0.0000,3.2864,0.5935,0.5124,0.0000,1.0466,992.0550,0,4.3344,1446005.7500,6.9343,309183
42,2,Tokyo_Small,eval,MAPPO,3600,12,206,130,0.6311,1.0000,0.0000,790.8077,131.8013,0.5737,1.0001,279.3832,544.0706,1138.1750,0.8148,29.8381,28.7128,829.6490,156.1585,1302.5098,108542.4688,0,0,0.0000,0.0000,0.0000,0.0000,0,0.6311,0.3689,1.0000,3.0000,flat,0.2376,0.4191,1.2538,0.0000,1.0000,0.0000,51.7482,2,0.0011,0.0026,0.4752,11,2,147962.7500,3.2524,0.0000,3.2524,0.6642,0.5405,0.0000,1.0528,1070.3912,0,51.0349,1298743.1250,6.2136,268317
42,3,Tokyo_Small,eval,MAPPO,3600,12,213,112,0.5258,1.0000,0.0000,799.8214,159.9643,0.4204,1.0001,222.3871,555.9500,1020.9334,0.9182,29.9282,27.9563,835.4070,155.4059,1086.1315,90510.9531,0,0,0.0000,0.0000,0.0000,0.0000,0,0.5258,0.4742,1.0004,3.0000,flat,0.2966,0.5376,1.2441,0.0000,1.0000,0.0000,18.2004,2,0.0017,0.0032,0.4680,12,2,114344.5469,3.4178,0.0000,3.4178,0.4564,0.4428,0.0000,1.0533,995.6150,0,2.9347,1082929.6250,5.8920,231346
42,4,Tokyo_Small,eval,MAPPO,3600,12,183,119,0.6503,1.0000,0.0000,768.7479,128.1246,0.5706,1.0002,229.2700,545.5568,1094.5808,0.9548,29.5105,28.1361,829.9865,176.6719,930.3170,77526.4141,0,0,0.0000,0.0000,0.0000,0.0000,0,0.6503,0.3497,1.0011,3.0000,flat,0.2434,0.4644,1.2699,0.0000,1.0000,0.0000,10.3538,2,0.0028,0.0040,0.4433,14,2,130255.1172,3.3005,0.0000,3.3005,0.6207,0.5106,0.0000,1.0474,1047.1433,0,2.7113,925999.3750,5.7923,170248
42,5,Tokyo_Small,eval,FaithfulMAPPER,3600,12,216,100,0.4630,1.0000,0.0000,795.2900,99.4112,0.7159,1.0005,279.0667,543.1265,1213.8605,0.8699,29.6924,27.1866,822.5379,156.2676,945.0972,78758.1016,0,0,0.0000,0.0000,0.0000,0.0000,0,0.4630,0.5370,1.0003,3.0000,flat,0.1975,0.3590,1.2575,0.0000,1.0000,0.0000,36.2946,2,0.0078,0.0059,0.3049,9,2,121386.0469,4.7176,0.0000,4.7176,0.4196,0.4682,0.0000,1.0352,890.5149,0,4.1480,941139.2500,5.1343,204141
42,6,Tokyo_Small,eval,FaithfulMAPPER,3600,12,213,100,0.4695,1.0000,0.0000,920.5100,131.5014,0.6402,1.0004,283.8000,656.4578,1204.4191,0.8488,29.7031,27.6996,840.7281,141.6629,1011.8591,84321.5938,1,0,0.0000,0.0000,0.0000,0.0000,0,0.4695,0.5305,1.0000,3.0000,flat,0.1718,0.3040,1.2559,0.0000,1.0000,0.0000,42.9162,2,0.0047,0.0072,0.3472,8,3,120441.9062,4.7136,0.0000,4.7136,0.5021,0.5679,0.0000,1.0395,913.4202,0,5.0400,1002768.3125,5.2488,215526
42,7,Tokyo_Small,eval,FaithfulMAPPER,3600,12,206,100,0.4854,1.0000,0.0000,903.1800,150.5300,0.5689,1.0007,279.2588,588.8442,1148.8280,0.8228,29.8381,28.7128,829.6490,156.1585,1178.7524,98229.3750,0,0,0.0000,0.0000,0.0000,0.0000,0,0.4854,0.5146,1.0003,3.0000,flat,0.2490,0.4725,1.2538,0.0000,1.0000,0.0000,49.4932,2,0.0086,0.0082,0.3611,11,1,114882.8047,4.5194,0.0000,4.5194,0.5157,0.5456,0.0000,1.0395,860.6417,0,2.6533,1171730.7500,5.2961,242823
42,8,Tokyo_Small,eval,FaithfulMAPPER,3600,12,213,114,0.5352,1.0000,0.0000,859.0877,122.7268,0.6429,1.0004,229.1170,624.8636,996.5029,0.8699,29.9282,27.9563,835.4070,155.4059,1022.1878,85182.3125,0,0,0.0000,0.0000,0.0000,0.0000,0,0.5352,0.4648,1.0003,3.0000,flat,0.2819,0.5049,1.2441,0.0000,1.0000,0.0000,29.8165,2,0.0044,0.0055,0.4027,13,2,113601.3203,4.6714,0.0000,4.6714,0.4977,0.4743,0.0000,1.0480,1051.7140,0,4.1856,1014973.1250,5.9718,217726
42,9,Tokyo_Small,eval,FaithfulMAPPER,3600,12,183,103,0.5628,1.0000,0.0000,789.8350,98.7294,0.6704,1.0006,277.1087,531.0370,1071.1013,0.7731,29.5105,28.1361,829.9865,176.6719,929.6612,77471.7656,0,0,0.0000,0.0000,0.0000,0.0000,0,0.5628,0.4372,1.0003,3.0000,flat,0.1988,0.3602,1.2699,0.0000,1.0000,0.0000,62.8884,2,0.0056,0.0082,0.3757,8,1,110323.4375,4.5738,0.0000,4.5738,0.5353,0.5088,0.0000,1.0431,964.8027,0,4.1482,923660.4375,5.4863,170128
42,10,Tokyo_Small,eval,TamAlwaysAccept,3600,12,216,89,0.4120,1.0000,0.0000,913.2584,114.1573,0.6886,1.0003,322.4750,632.9000,1283.7747,0.7962,29.6924,27.1866,822.5379,156.2676,556.3380,46361.4961,0,0,0.0000,0.0000,0.0000,0.0000,0,0.4120,0.5880,1.0002,3.0000,flat,0.1763,0.3164,1.2575,0.0000,1.0000,0.0000,65.7201,2,0.0047,0.0052,0.2940,7,2,114255.9453,4.8519,0.0000,4.8519,0.4295,0.5384,0.0000,1.0339,850.1754,0,4.4530,549901.1875,4.2176,120169
42,11,Tokyo_Small,eval,TamAlwaysAccept,3600,12,213,108,0.5070,1.0000,0.0000,1003.0370,125.3796,0.7050,1.0007,261.4792,711.9425,1055.4321,0.8073,29.7031,27.6996,840.7281,141.6629,541.3052,45108.7656,0,0,0.0000,0.0000,0.0000,0.0000,0,0.5070,0.4930,1.0011,3.0000,flat,0.1784,0.3330,1.2559,0.0000,1.0000,0.0000,50.3927,2,0.0103,0.0073,0.3303,10,3,113986.6719,4.7418,0.0000,4.7418,0.4964,0.5199,0.0000,1.0397,957.3584,0,17.1745,523993.7188,4.2066,115298
42,12,Tokyo_Small,eval,TamAlwaysAccept,3600,12,206,88,0.4272,1.0000,0.0000,910.4432,130.0633,0.6143,1.0003,264.6000,651.2949,1167.5724,0.8825,29.8381,28.7128,829.6490,156.1585,582.8835,48573.6250,0,0,0.0000,0.0000,0.0000,0.0000,0,0.4272,0.5728,1.0000,3.0000,flat,0.1774,0.3324,1.2538,0.0000,1.0000,0.0000,31.0855,2,0.0039,0.0046,0.3189,8,1,102746.3672,4.8495,0.0000,4.8495,0.4652,0.5593,0.0000,1.0377,848.9459,0,4.0769,568890.6875,4.6845,120074
42,13,Tokyo_Small,eval,TamAlwaysAccept,3600,12,213,97,0.4554,1.0000,0.0000,983.4742,122.9343,0.7067,1.0002,260.5667,731.3448,1013.2360,0.7777,29.9282,27.9563,835.4070,155.4059,866.6010,72216.7422,0,0,0.0000,0.0000,0.0000,0.0000,0,0.4554,0.5446,1.0000,3.0000,flat,0.2437,0.4306,1.2441,0.0000,1.0000,0.0000,57.9195,2,0.0031,0.0040,0.3519,8,1,98283.8906,4.8451,0.0000,4.8451,0.3947,0.4421,0.0000,1.0401,978.7634,0,5.8209,854279.3750,4.2770,184586
42,14,Tokyo_Small,eval,TamAlwaysAccept,3600,12,183,93,0.5082,1.0000,0.0000,869.1075,124.1582,0.6457,1.0015,320.1530,574.9048,1184.1217,0.7397,29.5105,28.1361,829.9865,176.6719,372.9453,31078.7793,0,0,0.0000,0.0000,0.0000,0.0000,0,0.5082,0.4918,1.0020,3.0000,flat,0.2087,0.4023,1.2699,0.0000,1.0000,0.0000,83.3286,2,0.0194,0.0110,0.3141,10,2,110123.3203,4.7814,0.0000,4.7814,0.5803,0.6109,0.0000,1.0410,1038.6825,0,43191.7539,361224.8438,4.2295,68249
42,15,Tokyo_Small,eval,CongestionAware,3600,12,216,92,0.4259,1.0000,0.0000,804.6630,100.5829,0.7247,1.0002,201.4634,548.0676,1095.3835,1.0000,29.6924,27.1866,822.5379,156.2676,949.8611,79155.0938,0,0,0.0000,0.0000,0.0000,0.0000,0,0.4259,0.5741,1.0000,3.0000,flat,0.2859,0.5131,1.2575,0.0000,1.0000,0.0000,0.0000,2,0.0025,0.0040,0.4469,12,0,100775.2891,9.5787,0.0000,0.0000,0.3877,0.4702,0.0000,1.0514,760.4957,0,3.5337,939288.4375,0.0000,205170
42,16,Tokyo_Small,eval,CongestionAware,3600,12,213,125,0.5869,1.0000,0.0000,838.0720,104.7590,0.7400,1.0008,282.0286,506.3793,1023.3342,0.7257,29.7031,27.6996,840.7281,141.6629,944.2723,78689.3594,0,0,0.0000,0.0000,0.0000,0.0000,0,0.5869,0.4131,1.0011,3.0000,flat,0.3622,0.6498,1.2559,0.0000,1.0000,0.0000,77.3617,2,0.0078,0.0102,0.5162,20,1,127916.7734,9.5258,0.0000,0.0000,0.5690,0.5149,0.0000,1.0626,904.8589,0,2.7026,940435.3750,0.0000,201130
42,17,Tokyo_Small,eval,CongestionAware,3600,12,206,92,0.4466,1.0000,0.0000,831.0543,103.8818,0.7222,1.0001,214.8795,591.5658,1159.6482,1.0000,29.8381,28.7128,829.6490,156.1585,1303.9757,108664.6484,0,0,0.0000,0.0000,0.0000,0.0000,0,0.4466,0.5534,1.0008,3.0000,flat,0.2681,0.4714,1.2538,0.0000,1.0000,0.0000,0.0000,2,0.0014,0.0035,0.4623,12,2,106687.6328,9.9272,0.0000,0.0000,0.4792,0.5511,0.0000,1.0538,778.7945,0,2.4821,1299702.5000,0.0000,268619
42,18,Tokyo_Small,eval,CongestionAware,3600,12,213,125,0.5869,1.0000,0.0000,759.5600,94.9450,0.7189,1.0002,186.9223,624.6190,884.9415,0.9469,29.9282,27.9563,835.4070,155.4059,1147.6572,95638.1094,0,0,0.0000,0.0000,0.0000,0.0000,0,0.5869,0.4131,1.0004,3.0000,flat,0.2683,0.5178,1.2441,0.0000,1.0000,0.0000,9.9340,2,0.0019,0.0044,0.4817,21,4,110617.6875,9.6620,0.0000,0.0000,0.4596,0.3995,0.0000,1.0588,846.9417,0,2.7457,1142503.5000,0.0000,244451
42,19,Tokyo_Small,eval,CongestionAware,3600,12,183,87,0.4754,1.0000,0.0000,696.4138,87.0517,0.7238,1.0002,243.5385,434.0822,1126.1565,0.9248,29.5105,28.1361,829.9865,176.6719,922.1147,76842.8984,0,0,0.0000,0.0000,0.0000,0.0000,0,0.4754,0.5246,1.0000,3.0000,flat,0.2675,0.5170,1.2699,0.0000,1.0000,0.0000,18.3072,2,0.0022,0.0043,0.4409,14,0,97975.6172,9.8306,0.0000,0.0000,0.5178,0.5827,0.0000,1.0498,714.0068,0,5.1817,918052.4375,0.0000,168747
42,20,Tokyo_Small,eval,TrafficFlow,3600,12,216,90,0.4167,1.0000,0.0000,805.8222,100.7278,0.7002,1.0003,244.2821,546.3623,1190.4020,0.9746,29.6924,27.1866,822.5379,156.2676,404.1528,33679.3984,0,0,0.0000,0.0000,0.0000,0.0000,0,0.4167,0.5833,1.0004,3.0000,flat,0.3353,0.5937,1.2575,0.0000,1.0000,0.0000,6.2017,2,0.0033,0.0057,0.4245,14,1,107136.1797,9.5787,0.0000,0.0000,0.4106,0.5091,0.0000,1.0522,709.3482,0,2.3920,400530.9375,0.0000,87297
42,21,Tokyo_Small,eval,TrafficFlow,3600,12,213,135,0.6338,1.0000,0.0000,841.0296,105.1287,0.7260,1.0003,229.5333,602.1786,987.2438,0.8602,29.7031,27.6996,840.7281,141.6629,384.0516,32004.3027,0,0,0.0000,0.0000,0.0000,0.0000,0,0.6338,0.3662,1.0004,3.0000,flat,0.3326,0.6285,1.2559,0.0000,1.0000,0.0000,32.0846,2,0.0042,0.0053,0.5025,23,1,133277.9219,9.5258,0.0000,0.0000,0.5984,0.5013,0.0000,1.0574,807.8188,0,2.7931,380681.8438,0.0000,81803
42,22,Tokyo_Small,eval,TrafficFlow,3600,12,206,96,0.4660,1.0000,0.0000,704.1875,88.0234,0.6690,1.0002,196.7177,488.6081,1021.8743,1.0000,29.8381,28.7128,829.6490,156.1585,487.4320,40619.3359,0,0,0.0000,0.0000,0.0000,0.0000,0,0.4660,0.5340,1.0008,3.0000,flat,0.3449,0.6090,1.2538,0.0000,1.0000,0.0000,0.0000,2,0.0025,0.0042,0.4476,14,1,98099.9375,9.9272,0.0000,0.0000,0.4644,0.5117,0.0000,1.0501,656.5321,0,70099.7188,484569.0000,0.0000,100411
42,23,Tokyo_Small,eval,TrafficFlow,3600,12,213,114,0.5352,1.0000,0.0000,610.5614,76.3202,0.7121,1.0005,186.6531,444.9540,867.4625,0.9295,29.9282,27.9563,835.4070,155.4059,551.0939,45924.4922,0,0,0.0000,0.0000,0.0000,0.0000,0,0.5352,0.4648,1.0000,3.0000,flat,0.2860,0.5421,1.2441,0.0000,1.0000,0.0000,13.1606,2,0.0050,0.0074,0.4515,20,1,98890.7266,9.6620,0.0000,0.0000,0.4161,0.3966,0.0000,1.0557,826.2725,0,2.8279,547952.9375,0.0000,117383
42,24,Tokyo_Small,eval,TrafficFlow,3600,12,183,89,0.4863,1.0000,0.0000,749.1124,93.6390,0.6766,1.0003,200.7089,528.7612,1013.7057,1.0000,29.5105,28.1361,829.9865,176.6719,493.2787,41106.5586,0,0,0.0000,0.0000,0.0000,0.0000,0,0.4863,0.5137,1.0000,3.0000,flat,0.2633,0.4761,1.2699,0.0000,1.0000,0.0000,0.0000,2,0.0033,0.0061,0.4257,10,1,90219.8125,9.8306,0.0000,0.0000,0.4924,0.5416,0.0000,1.0494,702.0574,0,38204.3125,489338.4375,0.0000,90270
42,25,Tokyo_Small,eval,TokenPassing,3600,12,216,83,0.3843,1.0000,0.0000,843.9156,93.7684,0.7765,1.0003,218.7391,693.1429,1099.0000,1.0000,29.6924,27.1866,822.5379,156.2676,228.5324,19044.3672,0,0,0.0000,0.0000,0.0000,0.0000,0,0.3843,0.6157,1.0018,3.0000,flat,0.3253,0.5868,1.2575,0.0000,1.0000,0.0000,0.0000,2,0.0031,0.0053,0.3984,12,0,91217.0000,9.5787,0.0000,0.0000,0.3806,0.5116,0.0000,1.0466,764.6714,0,5626.6553,223994.3906,0.0000,49363
42,26,Tokyo_Small,eval,TokenPassing,3600,12,213,105,0.4930,1.0000,0.0000,757.8000,84.2000,0.7722,1.0006,226.1461,494.5867,1006.7831,0.8904,29.7031,27.6996,840.7281,141.6629,507.5775,42298.1211,0,0,0.0000,0.0000,0.0000,0.0000,0,0.4930,0.5070,1.0000,3.0000,flat,0.3391,0.6262,1.2559,0.0000,1.0000,0.0000,24.7894,2,0.0058,0.0078,0.4734,18,1,105712.2344,9.5258,0.0000,0.0000,0.4913,0.5292,0.0000,1.0532,825.4565,0,5554.8872,504025.1875,0.0000,108114
42,27,Tokyo_Small,eval,TokenPassing,3600,12,206,96,0.4660,1.0000,0.0000,838.7083,93.1898,0.7631,1.0005,219.5854,718.0151,1060.2668,0.9657,29.8381,28.7128,829.6490,156.1585,324.6699,27055.8262,0,0,0.0000,0.0000,0.0000,0.0000,0,0.4660,0.5340,1.0005,3.0000,flat,0.3487,0.6616,1.2538,0.0000,1.0000,0.0000,7.5320,2,0.0061,0.0070,0.4221,17,0,101785.6172,9.9272,0.0000,0.0000,0.4699,0.5178,0.0000,1.0479,681.6735,0,3.1735,321245.7500,0.0000,66882
42,28,Tokyo_Small,eval,TokenPassing,3600,12,213,110,0.5164,1.0000,0.0000,718.0000,79.7778,0.7620,1.0002,198.2391,555.6883,871.6762,0.8794,29.9282,27.9563,835.4070,155.4059,529.9343,44161.1875,0,0,0.0000,0.0000,0.0000,0.0000,0,0.5164,0.4836,1.0005,3.0000,flat,0.4092,0.7353,1.2441,0.0000,1.0000,0.0000,23.9039,2,0.0028,0.0048,0.4462,19,0,95884.3828,9.6620,0.0000,0.0000,0.4089,0.4039,0.0000,1.0524,818.9299,0,4.9552,525377.0625,0.0000,112876
42,29,Tokyo_Small,eval,TokenPassing,3600,12,183,97,0.5301,1.0000,0.0000,765.7217,85.0802,0.7759,1.0002,244.9048,552.1831,1013.7121,0.8278,29.5105,28.1361,829.9865,176.6719,287.5956,23966.3027,0,0,0.0000,0.0000,0.0000,0.0000,0,0.5301,0.4699,1.0000,3.0000,flat,0.2294,0.4325,1.2699,0.0000,1.0000,0.0000,42.1623,2,0.0025,0.0048,0.4157,12,0,98330.0781,9.8306,0.0000,0.0000,0.4790,0.4835,0.0000,1.0457,744.5444,0,3.2841,283572.6250,0.0000,52630
42,30,Kyoto_Small,eval,MAPPO,3600,12,209,128,0.6124,1.0000,0.0000,938.9922,117.3740,0.7373,1.0043,243.6606,713.9318,1001.5577,0.8221,19.9167,17.8721,798.4297,137.8829,1395.8086,116317.3828,0,0,0.0000,0.0000,0.0000,0.0000,0,0.6124,0.3876,1.0036,3.0000,flat,0.2780,0.4951,1.2478,0.0000,1.0000,0.0000,43.3490,2,0.0411,0.0224,0.4825,11,0,128199.3906,3.6220,0.0000,3.6220,0.5820,0.4768,0.0000,1.0517,883.2484,0,24152.6895,1394154.2500,5.3541,291724
42,31,Kyoto_Small,eval,MAPPO,3600,12,168,109,0.6488,1.0000,0.0000,675.9725,112.6621,0.5571,1.0004,225.8936,467.6628,997.2028,0.8829,19.6727,18.6853,830.7900,153.5540,1192.0000,99333.3359,0,0,0.0000,0.0000,0.0000,0.0000,0,0.6488,0.3512,1.0000,3.0000,flat,0.2610,0.4663,1.2542,0.0000,1.0000,0.0000,26.4531,2,0.0050,0.0070,0.4952,10,1,108695.1016,3.4940,0.0000,3.4940,0.5981,0.4681,0.0000,1.0568,883.1494,0,3.8285,1186555.5000,5.8095,200256
42,32,Kyoto_Small,eval,MAPPO,3600,12,184,110,0.5978,1.0000,0.0000,737.6364,122.9394,0.5493,1.0001,261.3367,480.1631,1057.8458,0.8096,19.9474,18.6269,828.4230,139.4603,721.8967,60158.0625,0,0,0.0000,0.0000,0.0000,0.0000,0,0.5978,0.4022,1.0007,3.0000,flat,0.2546,0.4507,1.2434,0.0000,1.0000,0.0000,49.7676,2,0.0019,0.0034,0.4241,10,2,116363.0469,3.3967,0.0000,3.3967,0.6027,0.5144,0.0000,1.0473,870.8594,0,4.9574,718025.6875,5.1522,132829
42,33,Kyoto_Small,eval,MAPPO,3600,12,203,132,0.6502,1.0000,0.0000,692.2045,98.8864,0.6133,1.0001,210.6783,447.1471,1053.9233,1.0000,19.9341,18.8541,790.7134,130.0015,1253.2118,104434.3203,0,0,0.0000,0.0000,0.0000,0.0000,0,0.6502,0.3498,1.0000,3.0000,flat,0.2618,0.4731,1.2205,0.0000,1.0000,0.0000,0.0000,2,0.0017,0.0026,0.4911,13,2,139117.8750,3.2266,0.0000,3.2266,0.6100,0.4509,0.0000,1.0560,970.4238,0,6.1309,1249973.3750,5.4433,254402
42,34,Kyoto_Small,eval,MAPPO,3600,12,214,133,0.6215,1.0000,0.0000,822.4436,117.4919,0.6099,1.0002,280.8482,533.3052,1066.5554,0.7595,19.7096,18.1392,817.9567,125.7135,1340.9065,111742.2031,0,0,0.0000,0.0000,0.0000,0.0000,0,0.6215,0.3785,1.0000,3.0000,flat,0.2798,0.4936,1.2318,0.0000,1.0000,0.0000,67.5371,2,0.0025,0.0050,0.4863,12,1,141851.8594,3.3411,0.0000,3.3411,0.6178,0.4984,0.0000,1.0528,890.5251,0,3.8172,1337964.8750,5.4813,286954
42,35,Kyoto_Small,eval,FaithfulMAPPER,3600,12,209,125,0.5981,1.0000,0.0000,897.2880,112.1610,0.7000,1.0007,251.1515,566.6977,994.1974,0.7917,19.9167,17.8721,798.4297,137.8829,526.9474,43912.2812,0,0,0.0000,0.0000,0.0000,0.0000,0,0.5981,0.4019,1.0012,3.0000,flat,0.2195,0.3920,1.2478,0.0000,1.0000,0.0000,52.3120,2,0.0086,0.0076,0.3563,11,3,124274.6719,4.6938,0.0000,4.6938,0.5608,0.4705,0.0000,1.0404,803.9147,0,12.9164,523618.1875,5.4163,110132
